OID_,cat_ID_txt,O1Region,NhdAwcH12_wtd_glacier_area_sqm,NhdAwcH12_wtd_glacier_per,region,cat_ID,cat_ID_con
1,18357, 1,255413.000208615267184,1.262146430237667,Prince_William_Sound,18357,Prince_William_Sound_18357
2,18547, 1,83990.359867252380354,0.345703360158270,Prince_William_Sound,18547,Prince_William_Sound_18547
3,18737, 1,866494.651176723302342,1.335188562728398,Prince_William_Sound,18737,Prince_William_Sound_18737
4,18747, 1,866494.651176723302342,1.332576665810660,Prince_William_Sound,18747,Prince_William_Sound_18747
5,27856, 1,176024.993735595344333,3.745611101938405,Prince_William_Sound,27856,Prince_William_Sound_27856
6,28576, 1,314480.146092368289828,4.935034619489804,Prince_William_Sound,28576,Prince_William_Sound_28576
7,30084, 1,6726508.693113164044917,31.016317116766562,Prince_William_Sound,30084,Prince_William_Sound_30084
8,30886, 1,384798.054223744897172,4.193161605611378,Prince_William_Sound,30886,Prince_William_Sound_30886
9,31226, 1,880054.376011066138744,4.475209259098943,Prince_William_Sound,31226,Prince_William_Sound_31226
10,31916, 1,38303872.599778391420841,84.963949647376239,Prince_William_Sound,31916,Prince_William_Sound_31916
11,33106, 1,18767354.162532269954681,60.252003051654100,Prince_William_Sound,33106,Prince_William_Sound_33106
12,33396, 1,47301581.878805778920650,58.471367144400631,Prince_William_Sound,33396,Prince_William_Sound_33396
13,33616, 1,308211288.793352127075195,95.686054685387617,Prince_William_Sound,33616,Prince_William_Sound_33616
14,40615, 1,27018.757374257234915,0.418428380323627,Prince_William_Sound,40615,Prince_William_Sound_40615
15,41963, 1,338967.211674519116059,5.493795975275837,Prince_William_Sound,41963,Prince_William_Sound_41963
16,42005, 1,2646263.874460813123733,22.754556256971977,Prince_William_Sound,42005,Prince_William_Sound_42005
17,42455, 1,90178.784205696865683,0.683975760974606,Prince_William_Sound,42455,Prince_William_Sound_42455
18,42595, 1,4908033.983317021280527,26.134366258344095,Prince_William_Sound,42595,Prince_William_Sound_42595
19,43535, 1,17317101.370797686278820,52.673670834213461,Prince_William_Sound,43535,Prince_William_Sound_43535
20,43793, 1,1192495.522654756437987,4.071437428189668,Prince_William_Sound,43793,Prince_William_Sound_43793
21,43933, 1,918368.254180180374533,2.838192858472318,Prince_William_Sound,43933,Prince_William_Sound_43933
22,44273, 1,30619.441422401130694,0.097766032301060,Prince_William_Sound,44273,Prince_William_Sound_44273
23,44503, 1,1608348.125090939458460,6.729095890160992,Prince_William_Sound,44503,Prince_William_Sound_44503
24,44633, 1,23522394.821454241871834,46.519031548349041,Prince_William_Sound,44633,Prince_William_Sound_44633
25,44663, 1,14553217.629135213792324,38.126672104874196,Prince_William_Sound,44663,Prince_William_Sound_44663
26,45835, 1,61163339.040805958211422,41.237668675717394,Prince_William_Sound,45835,Prince_William_Sound_45835
27,45863, 1,11732509.537212116643786,12.252646639714643,Prince_William_Sound,45863,Prince_William_Sound_45863
28,45915, 1,128580871.318210378289223,38.629033502065688,Prince_William_Sound,45915,Prince_William_Sound_45915
29,45925, 1,128580871.318210393190384,38.609894467066773,Prince_William_Sound,45925,Prince_William_Sound_45925
30,46103, 1,31788290.717087540775537,12.311851972940952,Prince_William_Sound,46103,Prince_William_Sound_46103
31,46293, 1,73452562.313464179635048,39.052709649624703,Prince_William_Sound,46293,Prince_William_Sound_46293
32,46483, 1,137029205.100555449724197,31.646138804690356,Prince_William_Sound,46483,Prince_William_Sound_46483
33,46513, 1,139626681.145637869834900,29.547581168505815,Prince_William_Sound,46513,Prince_William_Sound_46513
34,46613, 1,21665336.338938340544701,59.819746529841325,Prince_William_Sound,46613,Prince_William_Sound_46613
35,46623, 1,21665336.338938344269991,59.256431100427612,Prince_William_Sound,46623,Prince_William_Sound_46623
36,71952, 1,5588218.931541262194514,32.190942945351637,Prince_William_Sound,71952,Prince_William_Sound_71952
37,72402, 1,4381819.433062236756086,21.628254283440707,Prince_William_Sound,72402,Prince_William_Sound_72402
38,74542, 1,12857380.642307071015239,41.341129435373063,Prince_William_Sound,74542,Prince_William_Sound_74542
39,74602, 1,1709633.801640619989485,7.565621715952366,Prince_William_Sound,74602,Prince_William_Sound_74602
40,75002, 1,5268103.792843106202781,21.369190488882019,Prince_William_Sound,75002,Prince_William_Sound_75002
41,75422, 1,8242071.950564135797322,15.598787897634342,Prince_William_Sound,75422,Prince_William_Sound_75422
42,75432, 1,1340316.643930705497041,3.644165123058596,Prince_William_Sound,75432,Prince_William_Sound_75432
43,76622, 1,17184815.303199842572212,21.003838180340200,Prince_William_Sound,76622,Prince_William_Sound_76622
44,76652, 1,2189589.363156491890550,3.044944809629520,Prince_William_Sound,76652,Prince_William_Sound_76652
45,76692, 1,2189589.363156492356211,3.010572477872257,Prince_William_Sound,76692,Prince_William_Sound_76692
46,76812, 1,4962691.433757985010743,6.455021369046469,Prince_William_Sound,76812,Prince_William_Sound_76812
47,77292, 1,252076.801799474400468,1.061143672962022,Prince_William_Sound,77292,Prince_William_Sound_77292
48,77992, 1,95809099.915620356798172,79.195473487427762,Prince_William_Sound,77992,Prince_William_Sound_77992
49,78522, 1,5837251.362826234661043,34.952135915418125,Prince_William_Sound,78522,Prince_William_Sound_78522
50,79531, 1,5920602.829052696004510,21.956539486420208,Prince_William_Sound,79531,Prince_William_Sound_79531
51,79792, 1,20515829.944025546312332,15.860220746189176,Prince_William_Sound,79792,Prince_William_Sound_79792
52,79972, 1,3831334.794595709536225,11.776112945509761,Prince_William_Sound,79972,Prince_William_Sound_79972
53,80112, 1,911028557.363318800926208,71.133476602802787,Prince_William_Sound,80112,Prince_William_Sound_80112
54,80272, 1,16415873.084841331467032,19.306068809968917,Prince_William_Sound,80272,Prince_William_Sound_80272
55,82471, 1,8817978.257634682580829,26.428510545759025,Prince_William_Sound,82471,Prince_William_Sound_82471
56,84641, 1,124013275.253578037023544,81.050137380686408,Prince_William_Sound,84641,Prince_William_Sound_84641
57,86871, 1,3601211.575840950012207,13.151027355308672,Prince_William_Sound,86871,Prince_William_Sound_86871
58,87851, 1,6398029.377003964036703,12.530978436169205,Prince_William_Sound,87851,Prince_William_Sound_87851
59,89681, 1,145398874.987332820892334,62.652781967636969,Prince_William_Sound,89681,Prince_William_Sound_89681
60,91741, 1,181710896.565457761287689,31.720097931100426,Prince_William_Sound,91741,Prince_William_Sound_91741
61,91751, 1,181710896.565457731485367,31.613231834695803,Prince_William_Sound,91751,Prince_William_Sound_91751
62,91921, 1,216960224.771460264921188,29.344808414477168,Prince_William_Sound,91921,Prince_William_Sound_91921
63,92151, 1,251036555.748389184474945,27.270534030125010,Prince_William_Sound,92151,Prince_William_Sound_92151
64,93261, 1,28132279.128536392003298,24.010842093951680,Prince_William_Sound,93261,Prince_William_Sound_93261
65,75000100000252, 1,4315882.067961824126542,1.905557557639818,Cook_Inlet,75000100000252,Cook_Inlet_75000100000252
66,75000100000409, 1,1843378659.360264539718628,21.337181594452257,Cook_Inlet,75000100000409,Cook_Inlet_75000100000409
67,75000100001315, 1,68961689.685512810945511,11.434374408895790,Cook_Inlet,75000100001315,Cook_Inlet_75000100001315
68,75000100001396, 1,170835.620808856299846,0.085182546926739,Cook_Inlet,75000100001396,Cook_Inlet_75000100001396
69,75000100001685, 1,60146687.317061498761177,28.561643712645253,Cook_Inlet,75000100001685,Cook_Inlet_75000100001685
70,75000100002150, 1,46927201.875676028430462,10.395079636337238,Cook_Inlet,75000100002150,Cook_Inlet_75000100002150
71,75000100002463, 1,170835.620808856299846,0.053471451886848,Cook_Inlet,75000100002463,Cook_Inlet_75000100002463
72,75000100002741, 1,1759096.592015265021473,2.212682024221053,Cook_Inlet,75000100002741,Cook_Inlet_75000100002741
73,75000100002858, 1,67110743.890090689063072,23.928664032511456,Cook_Inlet,75000100002858,Cook_Inlet_75000100002858
74,75000100003972, 1,67202593.093497559428215,16.596782735225005,Cook_Inlet,75000100003972,Cook_Inlet_75000100003972
75,75000100004048, 1,46927201.875676035881042,10.510613653937073,Cook_Inlet,75000100004048,Cook_Inlet_75000100004048
76,75000100004624, 1,170835.620808856299846,0.215995808623052,Cook_Inlet,75000100004624,Cook_Inlet_75000100004624
77,75000200000745, 1,2246518723.025459766387939,7.022273798738859,Cook_Inlet,75000200000745,Cook_Inlet_75000200000745
78,75000200001210, 1,34858266.414401814341545,4.861485256364243,Cook_Inlet,75000200001210,Cook_Inlet_75000200001210
79,75000200003487, 1,2206992926.504075050354004,7.664769771338306,Cook_Inlet,75000200003487,Cook_Inlet_75000200003487
80,75000200005098, 1,4690106.016389209777117,2.086375791080522,Cook_Inlet,75000200005098,Cook_Inlet_75000200005098
81,75000200005820, 1,1719257.234023556811735,0.262862940997208,Cook_Inlet,75000200005820,Cook_Inlet_75000200005820
82,75000200007043, 1,33864353.812963023781776,9.874013547912030,Cook_Inlet,75000200007043,Cook_Inlet_75000200007043
83,75000200007660, 1,1719257.234023556346074,0.378712583952662,Cook_Inlet,75000200007660,Cook_Inlet_75000200007660
84,75000200007995, 1,2246518723.025455951690674,6.590676834190072,Cook_Inlet,75000200007995,Cook_Inlet_75000200007995
85,75000200008267, 1,2246518723.025458812713623,6.640384696283282,Cook_Inlet,75000200008267,Cook_Inlet_75000200008267
86,75000200008529, 1,2211679103.964925289154053,7.415889485164690,Cook_Inlet,75000200008529,Cook_Inlet_75000200008529
87,75000200008600, 1,4690106.016389208845794,1.350926963579222,Cook_Inlet,75000200008600,Cook_Inlet_75000200008600
88,75000200009162, 1,34858266.414401821792126,6.185460801591853,Cook_Inlet,75000200009162,Cook_Inlet_75000200009162
89,75000200010370, 1,4411256891.477287292480469,8.797533042678980,Cook_Inlet,75000200010370,Cook_Inlet_75000200010370
90,75000200010768, 1,1719257.234023556811735,0.158505348945071,Cook_Inlet,75000200010768,Cook_Inlet_75000200010768
91,75000200011046, 1,34858266.414401821792126,3.810539997374752,Cook_Inlet,75000200011046,Cook_Inlet_75000200011046
92,75000200012043, 1,1719257.234023556346074,0.892974633990460,Cook_Inlet,75000200012043,Cook_Inlet_75000200012043
93,75000200012956, 1,4411256891.477276802062988,8.543482350734886,Cook_Inlet,75000200012956,Cook_Inlet_75000200012956
94,75000200014042, 1,1719257.234023556578904,0.497961994994466,Cook_Inlet,75000200014042,Cook_Inlet_75000200014042
95,75000200015589, 1,4411256891.477288246154785,8.723296840881666,Cook_Inlet,75000200015589,Cook_Inlet_75000200015589
96,75000200016891, 1,4690106.016389209777117,3.486946468060180,Cook_Inlet,75000200016891,Cook_Inlet_75000200016891
97,75000200017518, 1,26178.338201167360239,0.058495517822035,Cook_Inlet,75000200017518,Cook_Inlet_75000200017518
98,75000200018582, 1,1719257.234023556811735,0.218408668410257,Cook_Inlet,75000200018582,Cook_Inlet_75000200018582
99,75000200018778, 1,4690106.016389208845794,1.115337370925985,Cook_Inlet,75000200018778,Cook_Inlet_75000200018778
100,75000300000174, 1,90337789.496052324771881,2.770475733836300,Cook_Inlet,75000300000174,Cook_Inlet_75000300000174
101,75000300000624, 1,150838059.423331707715988,20.003498332733923,Cook_Inlet,75000300000624,Cook_Inlet_75000300000624
102,75000300004778, 1,63353402.528632342815399,4.510636630463225,Cook_Inlet,75000300004778,Cook_Inlet_75000300004778
103,75000300009654, 1,63353402.528632350265980,7.445782691076099,Cook_Inlet,75000300009654,Cook_Inlet_75000300009654
104,75000300010038, 1,8841561.912717755883932,6.030908342761893,Cook_Inlet,75000300010038,Cook_Inlet_75000300010038
105,75000300011262, 1,151039886.933246880769730,15.607952307464847,Cook_Inlet,75000300011262,Cook_Inlet_75000300011262
106,75000300011640, 1,26676402.034920416772366,9.586788729662587,Cook_Inlet,75000300011640,Cook_Inlet_75000300011640
107,75000300011642, 1,307984.932499580609147,0.162270321725699,Cook_Inlet,75000300011642,Cook_Inlet_75000300011642
108,75000300014878, 1,26984386.967419993132353,3.981796641382500,Cook_Inlet,75000300014878,Cook_Inlet_75000300014878
109,75000300016498, 1,63353402.528632365167141,5.656183620584756,Cook_Inlet,75000300016498,Cook_Inlet_75000300016498
110,75000300018625, 1,63353402.528632365167141,2.854559426082665,Cook_Inlet,75000300018625,Cook_Inlet_75000300018625
111,75000300022407, 1,63353402.528632372617722,3.138624394152536,Cook_Inlet,75000300022407,Cook_Inlet_75000300022407
112,75000300022955, 1,130716872.672267019748688,30.277483303001251,Cook_Inlet,75000300022955,Cook_Inlet_75000300022955
113,75000300024659, 1,145915.068711433414137,0.149623525070222,Cook_Inlet,75000300024659,Cook_Inlet_75000300024659
114,75000300025330, 1,241377676.429299086332321,4.571077500720229,Cook_Inlet,75000300025330,Cook_Inlet_75000300025330
115,75000300025488, 1,151039886.933246910572052,13.438878996877618,Cook_Inlet,75000300025488,Cook_Inlet_75000300025488
116,75000400000017, 1,1843378659.360263109207153,21.242708933676404,Cook_Inlet,75000400000017,Cook_Inlet_75000400000017
117,75000400001221, 1,502836356.409284591674805,16.768539592482568,Cook_Inlet,75000400001221,Cook_Inlet_75000400001221
118,75000400002218, 1,490495536.516989052295685,17.801645259579669,Cook_Inlet,75000400002218,Cook_Inlet_75000400002218
119,75000400004888, 1,4668296.381139337085187,3.274592828491015,Cook_Inlet,75000400004888,Cook_Inlet_75000400004888
120,75000400005921, 1,45726035.215295426547527,4.624112201243879,Cook_Inlet,75000400005921,Cook_Inlet_75000400005921
121,75000400009643, 1,486583.891461805789731,0.372934306287552,Cook_Inlet,75000400009643,Cook_Inlet_75000400009643
122,75000400009917, 1,7017645.168355869129300,3.071192276277118,Cook_Inlet,75000400009917,Cook_Inlet_75000400009917
123,75000400010059, 1,7247522.673831028863788,1.846319253237919,Cook_Inlet,75000400010059,Cook_Inlet_75000400010059
124,75000400014408, 1,1259165079.998325109481812,46.979869944281972,Cook_Inlet,75000400014408,Cook_Inlet_75000400014408
125,75000400014699, 1,7017645.168355868197978,3.047153998137274,Cook_Inlet,75000400014699,Cook_Inlet_75000400014699
126,75000400014878, 1,562579056.076370835304260,13.262955702527051,Cook_Inlet,75000400014878,Cook_Inlet_75000400014878
127,75000400015018, 1,214148320.348159760236740,56.349953535245042,Cook_Inlet,75000400015018,Cook_Inlet_75000400015018
128,75000400019561, 1,1701970.563576037529856,1.074732326483942,Cook_Inlet,75000400019561,Cook_Inlet_75000400019561
129,75000400019625, 1,29307702.075286485254765,16.200545461095498,Cook_Inlet,75000400019625,Cook_Inlet_75000400019625
130,75000400024244, 1,1266283351.423040390014648,41.264415318827474,Cook_Inlet,75000400024244,Cook_Inlet_75000400024244
131,75000400024863, 1,11365558.590572882443666,9.660442224177720,Cook_Inlet,75000400024863,Cook_Inlet_75000400024863
132,75000400024876, 1,692821882.757207393646240,48.360173545256195,Cook_Inlet,75000400024876,Cook_Inlet_75000400024876
133,75000400028963, 1,572427011.556084871292114,11.115435526869735,Cook_Inlet,75000400028963,Cook_Inlet_75000400028963
134,75000400034535, 1,492431968.767000615596771,56.184102211535659,Cook_Inlet,75000400034535,Cook_Inlet_75000400034535
135,75000400034853, 1,2651105.861218494363129,4.975077954827489,Cook_Inlet,75000400034853,Cook_Inlet_75000400034853
136,75000400035016, 1,12297587.660745503380895,8.206039807019819,Cook_Inlet,75000400035016,Cook_Inlet_75000400035016
137,75000400036699, 1,442735819.158644556999207,18.824380090887853,Cook_Inlet,75000400036699,Cook_Inlet_75000400036699
138,75000500000009, 1,60129038.830686159431934,20.647614668846998,Cook_Inlet,75000500000009,Cook_Inlet_75000500000009
139,75000500002240, 1,271182509.217989921569824,31.334617468529004,Cook_Inlet,75000500002240,Cook_Inlet_75000500002240
140,75000500002477, 1,655883888.913239002227783,34.143075983958433,Cook_Inlet,75000500002477,Cook_Inlet_75000500002477
141,75000500003409, 1,77952623.068316444754601,8.027508152812210,Cook_Inlet,75000500003409,Cook_Inlet_75000500003409
142,75000500003515, 1,6405827.836073216050863,1.892090588229780,Cook_Inlet,75000500003515,Cook_Inlet_75000500003515
143,75000500006160, 1,219287018.013246655464172,52.195032947605881,Cook_Inlet,75000500006160,Cook_Inlet_75000500006160
144,75000500006217, 1,271050889.261607468128204,37.879460040904853,Cook_Inlet,75000500006217,Cook_Inlet_75000500006217
145,75000500006404, 1,271182509.217989861965179,26.354370805194549,Cook_Inlet,75000500006404,Cook_Inlet_75000500006404
146,75000500006883, 1,117826671.162565752863884,4.276987897646971,Cook_Inlet,75000500006883,Cook_Inlet_75000500006883
147,75000500007429, 1,77952623.068316444754601,3.745636636610579,Cook_Inlet,75000500007429,Cook_Inlet_75000500007429
148,75000500008023, 1,37427898.299441531300545,14.482617195093130,Cook_Inlet,75000500008023,Cook_Inlet_75000500008023
149,75000500008026, 1,1288875893.869099855422974,19.336940775478791,Cook_Inlet,75000500008026,Cook_Inlet_75000500008026
150,75000500008473, 1,16085655.651663430035114,10.801588684227649,Cook_Inlet,75000500008473,Cook_Inlet_75000500008473
151,75000500009358, 1,39874048.094249323010445,10.442821722373449,Cook_Inlet,75000500009358,Cook_Inlet_75000500009358
152,75000500009986, 1,1563144.890191178303212,2.298752625060395,Cook_Inlet,75000500009986,Cook_Inlet_75000500009986
153,75000500010561, 1,632992004.955861210823059,14.311758994906567,Cook_Inlet,75000500010561,Cook_Inlet_75000500010561
154,75000500011225, 1,117826671.162565827369690,4.683378256017480,Cook_Inlet,75000500011225,Cook_Inlet_75000500011225
155,75000500012614, 1,1288875893.869098901748657,19.644976203509078,Cook_Inlet,75000500012614,Cook_Inlet_75000500012614
156,75000500015568, 1,468831.395893987093586,0.530347758564319,Cook_Inlet,75000500015568,Cook_Inlet_75000500015568
157,75000600002752, 1,184311928.088964849710464,22.846379609024588,Cook_Inlet,75000600002752,Cook_Inlet_75000600002752
158,75000600002850, 1,227587957.894530385732651,43.117033502164595,Cook_Inlet,75000600002850,Cook_Inlet_75000600002850
159,75000600002853, 1,18239856.086395725607872,13.186575662166163,Cook_Inlet,75000600002853,Cook_Inlet_75000600002853
160,75000600003641, 1,689892817.221013545989990,39.498087797329113,Cook_Inlet,75000600003641,Cook_Inlet_75000600003641
161,75000600005142, 1,568001963.706927776336670,25.588932306964391,Cook_Inlet,75000600005142,Cook_Inlet_75000600005142
162,75000600005686, 1,79224800.974757432937622,12.498900236424786,Cook_Inlet,75000600005686,Cook_Inlet_75000600005686
163,75000600005715, 1,2447856.916153971105814,1.965493390213005,Cook_Inlet,75000600005715,Cook_Inlet_75000600005715
164,75000600009325, 1,1224295.201397986151278,0.680598922414402,Cook_Inlet,75000600009325,Cook_Inlet_75000600009325
165,75000600009410, 1,11854825.009998299181461,3.016380359664153,Cook_Inlet,75000600009410,Cook_Inlet_75000600009410
166,75000600009435, 1,456156.333107169717550,0.232111155739129,Cook_Inlet,75000600009435,Cook_Inlet_75000600009435
167,75000600009551, 1,9144513.648649882525206,4.439016954377965,Cook_Inlet,75000600009551,Cook_Inlet_75000600009551
168,75000600009692, 1,636282037.251020073890686,10.858767780845652,Cook_Inlet,75000600009692,Cook_Inlet_75000600009692
169,75000600010293, 1,172665.376765430497471,0.120978197811554,Cook_Inlet,75000600010293,Cook_Inlet_75000600010293
170,75000600011081, 1,269808.400524866185151,0.698802193540636,Cook_Inlet,75000600011081,Cook_Inlet_75000600011081
171,75000600012135, 1,1969281.715348513564095,3.702774458003828,Cook_Inlet,75000600012135,Cook_Inlet_75000600012135
172,75000600012682, 1,6948204.549409790895879,8.727735216648709,Cook_Inlet,75000600012682,Cook_Inlet_75000600012682
173,75000600012683, 1,200313870.148544192314148,7.497688184437476,Cook_Inlet,75000600012683,Cook_Inlet_75000600012683
174,75000600012751, 1,467770.414927140634973,0.674001832725681,Cook_Inlet,75000600012751,Cook_Inlet_75000600012751
175,75000600013369, 1,8239241.334773579612374,5.217797451367087,Cook_Inlet,75000600013369,Cook_Inlet_75000600013369
176,75000600014486, 1,49351757.572995528578758,4.467818487541645,Cook_Inlet,75000600014486,Cook_Inlet_75000600014486
177,75000600014656, 1,635825880.917913079261780,13.974641146116895,Cook_Inlet,75000600014656,Cook_Inlet_75000600014656
178,75000600015155, 1,1587476755.556651592254639,13.385484017576028,Cook_Inlet,75000600015155,Cook_Inlet_75000600015155
179,75000600015193, 1,9144513.648649884387851,0.852318080108920,Cook_Inlet,75000600015193,Cook_Inlet_75000600015193
180,75000600015299, 1,568001963.706927776336670,23.216550552148245,Cook_Inlet,75000600015299,Cook_Inlet_75000600015299
181,75000600015366, 1,634601585.716515421867371,14.802233367399452,Cook_Inlet,75000600015366,Cook_Inlet_75000600015366
182,75000600015375, 1,889988135.722637176513672,27.104997755463057,Cook_Inlet,75000600015375,Cook_Inlet_75000600015375
183,75000600015432, 1,460529.426979104522616,0.707305479271751,Cook_Inlet,75000600015432,Cook_Inlet_75000600015432
184,75000600016382, 1,7316432.775640981271863,1.097829203529018,Cook_Inlet,75000600016382,Cook_Inlet_75000600016382
185,75000600018150, 1,10974145.019451983273029,7.558983183280474,Cook_Inlet,75000600018150,Cook_Inlet_75000600018150
186,75000600018822, 1,92124.701760300828028,0.101717810137984,Cook_Inlet,75000600018822,Cook_Inlet_75000600018822
187,75000600018999, 1,427339511.018561363220215,33.968389506165366,Cook_Inlet,75000600018999,Cook_Inlet_75000600018999
188,75000600019183, 1,1224295.201397986151278,1.363143650360812,Cook_Inlet,75000600019183,Cook_Inlet_75000600019183
189,75000600019578, 1,49351757.572995528578758,3.888401230934584,Cook_Inlet,75000600019578,Cook_Inlet_75000600019578
190,75000600020024, 1,32080303.566749799996614,13.860633065626837,Cook_Inlet,75000600020024,Cook_Inlet_75000600020024
191,75000600020073, 1,636282037.251020431518555,10.432633587125197,Cook_Inlet,75000600020073,Cook_Inlet_75000600020073
192,75000600020386, 1,2164623232.912226200103760,13.791018464950069,Cook_Inlet,75000600020386,Cook_Inlet_75000600020386
193,75000600020425, 1,24028030.794268157333136,26.492422152127993,Cook_Inlet,75000600020425,Cook_Inlet_75000600020425
194,75000600021711, 1,173466422.397138655185699,12.800958511080129,Cook_Inlet,75000600021711,Cook_Inlet_75000600021711
195,75000600022522, 1,18347849.433901630342007,2.013903151207722,Cook_Inlet,75000600022522,Cook_Inlet_75000600022522
196,75000600023013, 1,48883987.158068403601646,8.301699919124527,Cook_Inlet,75000600023013,Cook_Inlet_75000600023013
197,75000600023457, 1,49351757.572995528578758,6.542322673024360,Cook_Inlet,75000600023457,Cook_Inlet_75000600023457
198,75000600025547, 1,2164623232.912227630615234,13.639060132328570,Cook_Inlet,75000600025547,Cook_Inlet_75000600025547
199,75000600026326, 1,3928131.631690336391330,3.979237978414123,Cook_Inlet,75000600026326,Cook_Inlet_75000600026326
200,75000600026866, 1,23032802.732523117214441,23.652710690596518,Cook_Inlet,75000600026866,Cook_Inlet_75000600026866
201,75000600027457, 1,46914705.442719861865044,12.591413239684504,Cook_Inlet,75000600027457,Cook_Inlet_75000600027457
202,75000600027807, 1,174187035.412799835205078,26.118890190090667,Cook_Inlet,75000600027807,Cook_Inlet_75000600027807
203,75000600029034, 1,889988135.722637057304382,30.281896598093759,Cook_Inlet,75000600029034,Cook_Inlet_75000600029034
204,75000600029695, 1,6713514.947877902537584,8.068350313496198,Cook_Inlet,75000600029695,Cook_Inlet_75000600029695
205,75000600029800, 1,456156.333107169717550,0.041795967732989,Cook_Inlet,75000600029800,Cook_Inlet_75000600029800
206,75000600030572, 1,568001963.706927776336670,36.810576377131483,Cook_Inlet,75000600030572,Cook_Inlet_75000600030572
207,75000600030807, 1,77632514.803218364715576,18.390111878760987,Cook_Inlet,75000600030807,Cook_Inlet_75000600030807
208,75000600031834, 1,20757758.579856097698212,10.655367437809156,Cook_Inlet,75000600031834,Cook_Inlet_75000600031834
209,75000600031902, 1,4972411.108605884946883,2.799572951648486,Cook_Inlet,75000600031902,Cook_Inlet_75000600031902
210,75000600034770, 1,889988135.722636818885803,27.158712060470592,Cook_Inlet,75000600034770,Cook_Inlet_75000600034770
211,75000600035221, 1,534641896.158218502998352,64.797885770554217,Cook_Inlet,75000600035221,Cook_Inlet_75000600035221
212,75000600035585, 1,568001963.706928014755249,23.155120424752297,Cook_Inlet,75000600035585,Cook_Inlet_75000600035585
213,75000600035645, 1,2164623232.912229537963867,13.719365052418656,Cook_Inlet,75000600035645,Cook_Inlet_75000600035645
214,75000600035669, 1,37441.023527273435320,0.056185779457485,Cook_Inlet,75000600035669,Cook_Inlet_75000600035669
215,75000600036475, 1,138907109.585745215415955,15.516275936193530,Cook_Inlet,75000600036475,Cook_Inlet_75000600036475
216,75000600039012, 1,689892817.221013545989990,42.201996171431141,Cook_Inlet,75000600039012,Cook_Inlet_75000600039012
217,75000600039124, 1,200095318.501623213291168,16.794848392467358,Cook_Inlet,75000600039124,Cook_Inlet_75000600039124
218,75000600040122, 1,889988135.722636938095093,24.963855872331798,Cook_Inlet,75000600040122,Cook_Inlet_75000600040122
219,75000600040339, 1,9144513.648649882525206,1.229951310610573,Cook_Inlet,75000600040339,Cook_Inlet_75000600040339
220,75000600040518, 1,568001963.706927895545959,44.651435920652524,Cook_Inlet,75000600040518,Cook_Inlet_75000600040518
221,75000600040519, 1,568001963.706927657127380,35.302188875951877,Cook_Inlet,75000600040519,Cook_Inlet_75000600040519
222,75000700031253, 1,676744180.175915837287903,4.864923055768446,Cook_Inlet,75000700031253,Cook_Inlet_75000700031253
223,75000700032275, 1,8848405.821073060855269,0.616532981254486,Cook_Inlet,75000700032275,Cook_Inlet_75000700032275
224,75000700033509, 1,676744180.175915360450745,4.146730085423099,Cook_Inlet,75000700033509,Cook_Inlet_75000700033509
225,75000700036133, 1,7688848.507862376980484,1.785209359038982,Cook_Inlet,75000700036133,Cook_Inlet_75000700036133
226,75000700036219, 1,676744180.175916075706482,4.232646179566385,Cook_Inlet,75000700036219,Cook_Inlet_75000700036219
227,75000700036455, 1,676744180.175915598869324,4.683531327329899,Cook_Inlet,75000700036455,Cook_Inlet_75000700036455
228,75000700036713, 1,676744180.175915598869324,5.495208885935146,Cook_Inlet,75000700036713,Cook_Inlet_75000700036713
229,75000700038756, 1,676744180.175915718078613,4.142147940121504,Cook_Inlet,75000700038756,Cook_Inlet_75000700038756
230,75000700039998, 1,676744180.175915479660034,6.353445003448591,Cook_Inlet,75000700039998,Cook_Inlet_75000700039998
231,75000700044263, 1,676744180.175915718078613,4.513967374351453,Cook_Inlet,75000700044263,Cook_Inlet_75000700044263
232,75000700045019, 1,676744180.175915956497192,6.223707817084303,Cook_Inlet,75000700045019,Cook_Inlet_75000700045019
233,75000700046720, 1,676744180.175915479660034,4.187271301755011,Cook_Inlet,75000700046720,Cook_Inlet_75000700046720
234,75000700049481, 1,676744180.175915718078613,4.343291997085199,Cook_Inlet,75000700049481,Cook_Inlet_75000700049481
235,75000700049611, 1,676744180.175915598869324,4.587719601575869,Cook_Inlet,75000700049611,Cook_Inlet_75000700049611
236,75004200000064, 1,7436689.133984245359898,7.653851842945242,Cook_Inlet,75004200000064,Cook_Inlet_75004200000064
237,75004200000478, 1,5428092.292485854588449,29.459314590359593,Cook_Inlet,75004200000478,Cook_Inlet_75004200000478
238,75004200000722, 1,13278411.942441893741488,27.621910992088019,Cook_Inlet,75004200000722,Cook_Inlet_75004200000722
239,75004200000726, 1,34812229.481214433908463,52.335779177741934,Cook_Inlet,75004200000726,Cook_Inlet_75004200000726
240,75004200000901, 1,1350380.222947581671178,3.653371591768066,Cook_Inlet,75004200000901,Cook_Inlet_75004200000901
241,75004200001047, 1,193131.785363699716982,1.607810331591196,Cook_Inlet,75004200001047,Cook_Inlet_75004200001047
242,75004200001167, 1,28028537.116668928414583,35.132461156874363,Cook_Inlet,75004200001167,Cook_Inlet_75004200001167
243,75004200001298, 1,18284373.599033702164888,81.223361975987828,Cook_Inlet,75004200001298,Cook_Inlet_75004200001298
244,75004200001493, 1,353510.776466780574992,3.666896010121966,Cook_Inlet,75004200001493,Cook_Inlet_75004200001493
245,75004200001716, 1,189429259.822693705558777,64.148491178245152,Cook_Inlet,75004200001716,Cook_Inlet_75004200001716
246,75004200001724, 1,25840654.840018607676029,15.128110644058824,Cook_Inlet,75004200001724,Cook_Inlet_75004200001724
247,75004200001726, 1,93381603.098750650882721,16.379433470217840,Cook_Inlet,75004200001726,Cook_Inlet_75004200001726
248,75004200002407, 1,6869662.368443360552192,80.844286823146632,Cook_Inlet,75004200002407,Cook_Inlet_75004200002407
249,75004200003619, 1,47270880.530258432030678,35.013949536710477,Cook_Inlet,75004200003619,Cook_Inlet_75004200003619
250,75004200003989, 1,81421317.398268923163414,20.159910519001574,Cook_Inlet,75004200003989,Cook_Inlet_75004200003989
251,75004200004105, 1,306739.917846379743423,2.187401923342798,Cook_Inlet,75004200004105,Cook_Inlet_75004200004105
252,75004200005203, 1,28813743.636264476925135,44.558570018829194,Cook_Inlet,75004200005203,Cook_Inlet_75004200005203
253,75004200005415, 1,2092982.389843179611489,3.788174263677210,Cook_Inlet,75004200005415,Cook_Inlet_75004200005415
254,75004200005429, 1,16825303.527015224099159,44.304863614261414,Cook_Inlet,75004200005429,Cook_Inlet_75004200005429
255,75004200006975, 1,35119.955693158124632,0.180067939399943,Cook_Inlet,75004200006975,Cook_Inlet_75004200006975
256,75004200008845, 1,2771266.891985452268273,18.071986702137284,Cook_Inlet,75004200008845,Cook_Inlet_75004200008845
257,75004200008853, 1,9618990.400283223018050,16.416403353740812,Cook_Inlet,75004200008853,Cook_Inlet_75004200008853
258,75004200008970, 1,1855494.398423223290592,12.563461007520694,Cook_Inlet,75004200008970,Cook_Inlet_75004200008970
259,75004200009084, 1,2782105.038759643211961,10.399129284796658,Cook_Inlet,75004200009084,Cook_Inlet_75004200009084
260,75004200009218, 1,20470985.917701952159405,64.837667191609384,Cook_Inlet,75004200009218,Cook_Inlet_75004200009218
261,75004200010717, 1,4869638.853644934482872,30.594862145873215,Cook_Inlet,75004200010717,Cook_Inlet_75004200010717
262,75004200011012, 1,156379915.209405153989792,53.961458423143604,Cook_Inlet,75004200011012,Cook_Inlet_75004200011012
263,75004200012099, 1,148690759.927291244268417,55.867288361582879,Cook_Inlet,75004200012099,Cook_Inlet_75004200012099
264,75004200012680, 1,3083385.596414471976459,10.892497627225390,Cook_Inlet,75004200012680,Cook_Inlet_75004200012680
265,75004200012986, 1,26977745.824162825942039,62.405364566888764,Cook_Inlet,75004200012986,Cook_Inlet_75004200012986
266,75004200013577, 1,25533891.498321101069450,77.668332225436103,Cook_Inlet,75004200013577,Cook_Inlet_75004200013577
267,75004200016346, 1,101464.220341140942764,0.945251312615373,Cook_Inlet,75004200016346,Cook_Inlet_75004200016346
268,75004300000022, 1,70154093.103490039706230,42.703742822286401,Cook_Inlet,75004300000022,Cook_Inlet_75004300000022
269,75004300002023, 1,70697565.338460877537727,18.950539614885319,Cook_Inlet,75004300002023,Cook_Inlet_75004300002023
270,75004300002027, 1,2998892.737755031790584,5.535706228574630,Cook_Inlet,75004300002027,Cook_Inlet_75004300002027
271,75004300002057, 1,543472.234970833989792,1.182249759092508,Cook_Inlet,75004300002057,Cook_Inlet_75004300002057
272,75004300002688, 1,415111584.987040817737579,19.046627273208799,Cook_Inlet,75004300002688,Cook_Inlet_75004300002688
273,75004300002834, 1,415111584.987040698528290,22.868931193965295,Cook_Inlet,75004300002834,Cook_Inlet_75004300002834
274,75004300004090, 1,28542704.353920269757509,14.645523296665260,Cook_Inlet,75004300004090,Cook_Inlet_75004300004090
275,75004300004989, 1,195927904.940730124711990,23.627075893044612,Cook_Inlet,75004300004989,Cook_Inlet_75004300004989
276,75004300005004, 1,43208288.018415577709675,18.751936913467361,Cook_Inlet,75004300005004,Cook_Inlet_75004300005004
277,75004300005723, 1,11012128.683613527566195,16.835787538752562,Cook_Inlet,75004300005723,Cook_Inlet_75004300005723
278,75004300006149, 1,386009016.758641839027405,65.024151769425515,Cook_Inlet,75004300006149,Cook_Inlet_75004300006149
279,75004300006594, 1,85005540.828293144702911,33.495341371018235,Cook_Inlet,75004300006594,Cook_Inlet_75004300006594
280,75004300006726, 1,253947.112092191178817,0.658529573870112,Cook_Inlet,75004300006726,Cook_Inlet_75004300006726
281,75004300006839, 1,37130799.557752296328545,52.086409297787981,Cook_Inlet,75004300006839,Cook_Inlet_75004300006839
282,75004300006970, 1,73696458.076215907931328,14.688311417494319,Cook_Inlet,75004300006970,Cook_Inlet_75004300006970
283,75004300007859, 1,3157.898296496757212,0.011700675745280,Cook_Inlet,75004300007859,Cook_Inlet_75004300007859
284,75004300007978, 1,40329642.681525066494942,46.323577987403070,Cook_Inlet,75004300007978,Cook_Inlet_75004300007978
285,75004300008012, 1,8503105.288145137950778,14.311390136465857,Cook_Inlet,75004300008012,Cook_Inlet_75004300008012
286,75004400000334, 1,193821284.103799998760223,8.642539915657258,Cook_Inlet,75004400000334,Cook_Inlet_75004400000334
287,75004400000370, 1,291918580.276885986328125,60.114304667928167,Cook_Inlet,75004400000370,Cook_Inlet_75004400000370
288,75004400000627, 1,221275.019063701765845,0.053892066719905,Cook_Inlet,75004400000627,Cook_Inlet_75004400000627
289,75004400000862, 1,1216847.560526615940034,4.207167824590117,Cook_Inlet,75004400000862,Cook_Inlet_75004400000862
290,75004400001134, 1,455445.717633149586618,0.978161034053508,Cook_Inlet,75004400001134,Cook_Inlet_75004400001134
291,75004400001136, 1,12854221.846248060464859,8.397087591227031,Cook_Inlet,75004400001136,Cook_Inlet_75004400001136
292,75004400001464, 1,3207932.673824697267264,4.282220936993567,Cook_Inlet,75004400001464,Cook_Inlet_75004400001464
293,75004400001569, 1,528443895.491664528846741,11.564893805438931,Cook_Inlet,75004400001569,Cook_Inlet_75004400001569
294,75004400001616, 1,42704031.110978648066521,7.993803068670879,Cook_Inlet,75004400001616,Cook_Inlet_75004400001616
295,75004400001652, 1,485739864.380686223506927,15.331444675126304,Cook_Inlet,75004400001652,Cook_Inlet_75004400001652
296,75004400002041, 1,306704.719199679035228,0.365175310777266,Cook_Inlet,75004400002041,Cook_Inlet_75004400002041
297,75004400002258, 1,1596147.026284058345482,0.813881222509562,Cook_Inlet,75004400002258,Cook_Inlet_75004400002258
298,75004400002279, 1,15172383.555486779659986,2.218631782377412,Cook_Inlet,75004400002279,Cook_Inlet_75004400002279
299,75004400002718, 1,108007081.145765200257301,53.676102912745307,Cook_Inlet,75004400002718,Cook_Inlet_75004400002718
300,75004400003165, 1,42704031.110978648066521,9.507957042132491,Cook_Inlet,75004400003165,Cook_Inlet_75004400003165
301,75004400003230, 1,7054838.539759067818522,4.443227282891204,Cook_Inlet,75004400003230,Cook_Inlet_75004400003230
302,75004400003768, 1,1140719.319278654409572,0.458800209752658,Cook_Inlet,75004400003768,Cook_Inlet_75004400003768
303,75004400003815, 1,1257401.038906887872145,2.746661515220468,Cook_Inlet,75004400003815,Cook_Inlet_75004400003815
304,75004400003876, 1,78431958.190246075391769,28.602564804089660,Cook_Inlet,75004400003876,Cook_Inlet_75004400003876
305,75004400004166, 1,1207589.692250318359584,6.641886916183036,Cook_Inlet,75004400004166,Cook_Inlet_75004400004166
306,75004400004213, 1,19137821.015927527099848,31.382969117182235,Cook_Inlet,75004400004213,Cook_Inlet_75004400004213
307,75004400004344, 1,53113238.964936904609203,32.337299832973912,Cook_Inlet,75004400004344,Cook_Inlet_75004400004344
308,75004400004680, 1,35649192.571219578385353,24.406080251898295,Cook_Inlet,75004400004680,Cook_Inlet_75004400004680
309,75004400005312, 1,85900124.557094141840935,23.220445229465454,Cook_Inlet,75004400005312,Cook_Inlet_75004400005312
310,75004400005344, 1,1588148.908335765358061,3.528651305163456,Cook_Inlet,75004400005344,Cook_Inlet_75004400005344
311,75004400005660, 1,1497385.848647522041574,2.674770223500970,Cook_Inlet,75004400005660,Cook_Inlet_75004400005660
312,75004400005909, 1,528443895.491664588451385,13.803164634164347,Cook_Inlet,75004400005909,Cook_Inlet_75004400005909
313,75004400005985, 1,528443895.491664886474609,10.504466412836422,Cook_Inlet,75004400005985,Cook_Inlet_75004400005985
314,75004400006692, 1,229598.129411922127474,0.325767102921965,Cook_Inlet,75004400006692,Cook_Inlet_75004400006692
315,75004400007224, 1,123036003.496343374252319,38.171163230374823,Cook_Inlet,75004400007224,Cook_Inlet_75004400007224
316,75004400007351, 1,30625849.803355157375336,31.588004574663071,Cook_Inlet,75004400007351,Cook_Inlet_75004400007351
317,75004400007996, 1,67318.949999334916356,0.023823309813444,Cook_Inlet,75004400007996,Cook_Inlet_75004400007996
318,75004400008192, 1,11654573.450601635500789,3.644073817924688,Cook_Inlet,75004400008192,Cook_Inlet_75004400008192
319,75004400008216, 1,92143575.841749995946884,16.690569294513892,Cook_Inlet,75004400008216,Cook_Inlet_75004400008216
320,75004400008242, 1,10833692.594490274786949,9.605804225159559,Cook_Inlet,75004400008242,Cook_Inlet_75004400008242
321,75004400008539, 1,42840366.773677214980125,41.590075623359802,Cook_Inlet,75004400008539,Cook_Inlet_75004400008539
322,75004400008856, 1,5678474.511680494062603,6.473034804928929,Cook_Inlet,75004400008856,Cook_Inlet_75004400008856
323,75004400008899, 1,528443895.491664707660675,9.672643018258974,Cook_Inlet,75004400008899,Cook_Inlet_75004400008899
324,75004400009308, 1,1224936.418861838523299,1.812030760940368,Cook_Inlet,75004400009308,Cook_Inlet_75004400009308
325,75004400009331, 1,601336.233930204412900,0.484407816300953,Cook_Inlet,75004400009331,Cook_Inlet_75004400009331
326,75004400009412, 1,764952.896381478174590,0.267593715580982,Cook_Inlet,75004400009412,Cook_Inlet_75004400009412
327,75004400009562, 1,152609.660684022557689,0.333537122804468,Cook_Inlet,75004400009562,Cook_Inlet_75004400009562
328,75004400009792, 1,63828583.962632909417152,26.330251285282984,Cook_Inlet,75004400009792,Cook_Inlet_75004400009792
329,75004400010175, 1,98778742.331867083907127,23.104168660768028,Cook_Inlet,75004400010175,Cook_Inlet_75004400010175
330,75004400010221, 1,42656487.073157146573067,21.517063813163517,Cook_Inlet,75004400010221,Cook_Inlet_75004400010221
331,75004400010270, 1,19828291.300101257860661,20.251889971663740,Cook_Inlet,75004400010270,Cook_Inlet_75004400010270
332,75004400010328, 1,191995011.451007783412933,11.386312366347425,Cook_Inlet,75004400010328,Cook_Inlet_75004400010328
333,75004400010352, 1,153956.069064366834937,0.287467184962865,Cook_Inlet,75004400010352,Cook_Inlet_75004400010352
334,75004400010386, 1,528443895.491664588451385,9.659847213438418,Cook_Inlet,75004400010386,Cook_Inlet_75004400010386
335,75004400010754, 1,1224936.418861838523299,0.747327354671561,Cook_Inlet,75004400010754,Cook_Inlet_75004400010754
336,75004400011230, 1,21204673.862538468092680,24.004892587563624,Cook_Inlet,75004400011230,Cook_Inlet_75004400011230
337,75004400011320, 1,7817873.965475636534393,5.617412655747410,Cook_Inlet,75004400011320,Cook_Inlet_75004400011320
338,75004400011322, 1,3462838.873954100999981,6.237039920374541,Cook_Inlet,75004400011322,Cook_Inlet_75004400011322
339,75004400011676, 1,50872836.464504323899746,36.018309396622406,Cook_Inlet,75004400011676,Cook_Inlet_75004400011676
340,75004400011755, 1,47695107.593130461871624,45.169970713358445,Cook_Inlet,75004400011755,Cook_Inlet_75004400011755
341,75005300000003, 1,12528622.499024774879217,8.967988154387948,Cook_Inlet,75005300000003,Cook_Inlet_75005300000003
342,75005300000447, 1,237407652.205868721008301,19.711422307795104,Cook_Inlet,75005300000447,Cook_Inlet_75005300000447
343,75005300000657, 1,21900584.599890783429146,42.764222204027739,Cook_Inlet,75005300000657,Cook_Inlet_75005300000657
344,75005300001645, 1,355762352.792432546615601,42.286345745240936,Cook_Inlet,75005300001645,Cook_Inlet_75005300001645
345,75005300002502, 1,667257192.649919748306274,22.070163391398186,Cook_Inlet,75005300002502,Cook_Inlet_75005300002502
346,75005300002504, 1,34637709.467129074037075,18.803394469505864,Cook_Inlet,75005300002504,Cook_Inlet_75005300002504
347,75005300002575, 1,752446346.009747862815857,37.090630067550073,Cook_Inlet,75005300002575,Cook_Inlet_75005300002575
348,75005300003320, 1,13374661.138146223500371,3.617887835018596,Cook_Inlet,75005300003320,Cook_Inlet_75005300003320
349,75005300003369, 1,629606044.295307636260986,36.955457916269410,Cook_Inlet,75005300003369,Cook_Inlet_75005300003369
350,75005300003743, 1,629606044.295307159423828,26.664836673128001,Cook_Inlet,75005300003743,Cook_Inlet_75005300003743
351,75005300004398, 1,131893800.581316590309143,35.148318266055270,Cook_Inlet,75005300004398,Cook_Inlet_75005300004398
352,75005300004529, 1,304605590.770471334457397,56.629994469385835,Cook_Inlet,75005300004529,Cook_Inlet_75005300004529
353,75005300004937, 1,615214511.247519612312317,21.917355187314886,Cook_Inlet,75005300004937,Cook_Inlet_75005300004937
354,75005300005137, 1,27615308.203636836260557,37.210576211523602,Cook_Inlet,75005300005137,Cook_Inlet_75005300005137
355,75005300005769, 1,374376908.869644522666931,34.037355655809797,Cook_Inlet,75005300005769,Cook_Inlet_75005300005769
356,75005300006785, 1,73531.628895142566762,0.085533247864816,Cook_Inlet,75005300006785,Cook_Inlet_75005300006785
357,75005300007548, 1,629606044.295307278633118,28.738514943574277,Cook_Inlet,75005300007548,Cook_Inlet_75005300007548
358,75005300008746, 1,3837661.262608266901225,3.348265417792434,Cook_Inlet,75005300008746,Cook_Inlet_75005300008746
359,75005300009788, 1,360733303.592539072036743,42.617539031048210,Cook_Inlet,75005300009788,Cook_Inlet_75005300009788
360,75005300010442, 1,1062628205.709588408470154,24.598333075176960,Cook_Inlet,75005300010442,Cook_Inlet_75005300010442
361,75005300012067, 1,2325449.009305383078754,2.405066294825465,Cook_Inlet,75005300012067,Cook_Inlet_75005300012067
362,75005300013111, 1,577178935.280926346778870,44.358771514880516,Cook_Inlet,75005300013111,Cook_Inlet_75005300013111
363,75005300015680, 1,26741754.906554989516735,7.093811730679250,Cook_Inlet,75005300015680,Cook_Inlet_75005300015680
364,75005300016380, 1,65128284.451816633343697,21.083557373958790,Cook_Inlet,75005300016380,Cook_Inlet_75005300016380
365,75005300016711, 1,57947.413797717228590,0.140255360606628,Cook_Inlet,75005300016711,Cook_Inlet_75005300016711
366,75005300016871, 1,377772927.567711293697357,49.214910546083082,Cook_Inlet,75005300016871,Cook_Inlet_75005300016871
367,75005300017436, 1,34509944.034904167056084,34.395055923038477,Cook_Inlet,75005300017436,Cook_Inlet_75005300017436
368,75005300018781, 1,250680978.670030504465103,45.962971624468125,Cook_Inlet,75005300018781,Cook_Inlet_75005300018781
369,75005300019947, 1,411236081.415224850177765,19.351467960289874,Cook_Inlet,75005300019947,Cook_Inlet_75005300019947
370,75005300021072, 1,17396109.273354537785053,15.793567567908873,Cook_Inlet,75005300021072,Cook_Inlet_75005300021072
371,75005300023131, 1,168696444.745856642723083,28.139543700489998,Cook_Inlet,75005300023131,Cook_Inlet_75005300023131
372,75005300023489, 1,204162049.955989569425583,27.369242753759071,Cook_Inlet,75005300023489,Cook_Inlet_75005300023489
373,75005300025122, 1,374376908.869644463062286,37.681269213257671,Cook_Inlet,75005300025122,Cook_Inlet_75005300025122
374,75005300025877, 1,77757.536467302677920,0.082944999383751,Cook_Inlet,75005300025877,Cook_Inlet_75005300025877
375,75005300026560, 1,629606044.295307278633118,31.885600453440325,Cook_Inlet,75005300026560,Cook_Inlet_75005300026560
376,75005300026951, 1,358809124.350216627120972,47.565066506799759,Cook_Inlet,75005300026951,Cook_Inlet_75005300026951
377,75005300027433, 1,38409531.781069122254848,6.006933125074877,Cook_Inlet,75005300027433,Cook_Inlet_75005300027433
378,75005300028429, 1,36884541.892897583544254,28.830846686574851,Cook_Inlet,75005300028429,Cook_Inlet_75005300028429
379,75005300029149, 1,378069437.140103816986084,42.304548617781862,Cook_Inlet,75005300029149,Cook_Inlet_75005300029149
380,75005300029847, 1,13223371.972783776000142,13.223077754296488,Cook_Inlet,75005300029847,Cook_Inlet_75005300029847
381,75005400000004, 1,50807902.371176742017269,52.160689791965531,Cook_Inlet,75005400000004,Cook_Inlet_75005400000004
382,75005400000005, 1,48119539.609001651406288,20.252210006513195,Cook_Inlet,75005400000005,Cook_Inlet_75005400000005
383,75005400001431, 1,1600140.306437037885189,0.534765322945011,Cook_Inlet,75005400001431,Cook_Inlet_75005400001431
384,75005400001553, 1,3480110.497474612668157,0.688817039331741,Cook_Inlet,75005400001553,Cook_Inlet_75005400001553
385,75005400005771, 1,13621335.222672346979380,8.024358923658976,Cook_Inlet,75005400005771,Cook_Inlet_75005400005771
386,75005400007435, 1,8858865.696098281070590,1.070365768866350,Cook_Inlet,75005400007435,Cook_Inlet_75005400007435
387,75005400011026, 1,225.536808830901805,0.000723071960087,Cook_Inlet,75005400011026,Cook_Inlet_75005400011026
388,75005400012302, 1,1879970.191037574550137,1.705333008361300,Cook_Inlet,75005400012302,Cook_Inlet_75005400012302
389,75005400015980, 1,829405.459456351003610,1.788022348145064,Cook_Inlet,75005400015980,Cook_Inlet_75005400015980
390,75005400016209, 1,66826548.197930082678795,17.195688902526662,Cook_Inlet,75005400016209,Cook_Inlet_75005400016209
391,75005400018836, 1,3868262.776459814514965,1.359247268724416,Cook_Inlet,75005400018836,Cook_Inlet_75005400018836
392,75005400022563, 1,104081992.827746585011482,69.633092138509880,Cook_Inlet,75005400022563,Cook_Inlet_75005400022563
393,75005400023457, 1,40179680.231134548783302,44.696980630756300,Cook_Inlet,75005400023457,Cook_Inlet_75005400023457
394,75005400028287, 1,256757756.123820662498474,41.473567649373386,Cook_Inlet,75005400028287,Cook_Inlet_75005400028287
395,75005400028381, 1,24242116.861166372895241,31.036275840750044,Cook_Inlet,75005400028381,Cook_Inlet_75005400028381
396,75005400031008, 1,8858865.696098279207945,3.546483477426916,Cook_Inlet,75005400031008,Cook_Inlet_75005400031008
397,75005400033392, 1,366294.781002396717668,1.517746258459979,Cook_Inlet,75005400033392,Cook_Inlet_75005400033392
398,75005400034641, 1,7491973.817012891173363,9.954467724300478,Cook_Inlet,75005400034641,Cook_Inlet_75005400034641
399,75005400035306, 1,84431791.010548472404480,12.715378403392407,Cook_Inlet,75005400035306,Cook_Inlet_75005400035306
400,75005400039143, 1,132191987.058020085096359,22.033603540069588,Cook_Inlet,75005400039143,Cook_Inlet_75005400039143
401,75005400039351, 1,9784634.345290660858154,39.367102926616731,Cook_Inlet,75005400039351,Cook_Inlet_75005400039351
402,75005400039366, 1,826792.891578428447247,1.735794756404708,Cook_Inlet,75005400039366,Cook_Inlet_75005400039366
403,75005400039793, 1,26449218.440250325948000,12.531530964982403,Cook_Inlet,75005400039793,Cook_Inlet_75005400039793
404,75005400040621, 1,10063802.926451878622174,19.227141126612786,Cook_Inlet,75005400040621,Cook_Inlet_75005400040621
405,75005400040964, 1,32346008.317235901951790,17.177214163126504,Cook_Inlet,75005400040964,Cook_Inlet_75005400040964
406,75005400041013, 1,50865991.320220075547695,14.194398165457573,Cook_Inlet,75005400041013,Cook_Inlet_75005400041013
407,75005400041329, 1,13168820.667970873415470,20.606951207319373,Cook_Inlet,75005400041329,Cook_Inlet_75005400041329
408,75005400045669, 1,125348.365985464566620,0.294994073865325,Cook_Inlet,75005400045669,Cook_Inlet_75005400045669
409,75005400046318, 1,41446253.071373447775841,18.801551574384664,Cook_Inlet,75005400046318,Cook_Inlet_75005400046318
410,75005400047280, 1,452514.554701475310139,0.818252234075913,Cook_Inlet,75005400047280,Cook_Inlet_75005400047280
411,75003900008418, 1,248760103.223389714956284,46.880003942338710,Copper_River,75003900008418,Copper_River_75003900008418
412,75003900008591, 1,31589428.984569251537323,31.199181868890285,Copper_River,75003900008591,Copper_River_75003900008591
413,75003900012034, 1,9061862523.789772033691406,16.565841899665706,Copper_River,75003900012034,Copper_River_75003900012034
414,75003900016354, 1,723708402.289018034934998,27.250846269547985,Copper_River,75003900016354,Copper_River_75003900016354
415,75003900016668, 1,8394794497.411956787109375,16.199268088887983,Copper_River,75003900016668,Copper_River_75003900016668
416,75003900016860, 1,9140610561.863544464111328,16.627882559955136,Copper_River,75003900016860,Copper_River_75003900016860
417,75003900023132, 1,11070175.259999250993133,17.739535429860098,Copper_River,75003900023132,Copper_River_75003900023132
418,75003900024361, 1,113290619.834000021219254,22.834854326184693,Copper_River,75003900024361,Copper_River_75003900024361
419,75003900033530, 1,11070175.259999250993133,17.464012019866885,Copper_River,75003900033530,Copper_River_75003900033530
420,75003900033566, 1,10751947920.999082565307617,18.057855208990308,Copper_River,75003900033566,Copper_River_75003900033566
421,75003900034040, 1,539366.463316837791353,1.166740134538560,Copper_River,75003900034040,Copper_River_75003900034040
422,75003900034254, 1,400690792.515499770641327,40.568879739799264,Copper_River,75003900034254,Copper_River_75003900034254
423,75003900034359, 1,145082422.282645016908646,53.567397796831543,Copper_River,75003900034359,Copper_River_75003900034359
424,75003900043332, 1,273106783.528996348381042,71.918784477141088,Copper_River,75003900043332,Copper_River_75003900043332
425,75003900047600, 1,6566375.444096406921744,12.050296825328692,Copper_River,75003900047600,Copper_River_75003900047600
426,75003900048464, 1,35783125.004810959100723,30.098788232923813,Copper_River,75003900048464,Copper_River_75003900048464
427,75003900048516, 1,161269751.053963899612427,13.588825417521768,Copper_River,75003900048516,Copper_River_75003900048516
428,75003900049180, 1,357430139.774591326713562,38.079241106743723,Copper_River,75003900049180,Copper_River_75003900049180
429,75003900051393, 1,17389316.139487903565168,58.462831537743440,Copper_River,75003900051393,Copper_River_75003900051393
430,75003900051444, 1,289494195.935177206993103,55.730279273350135,Copper_River,75003900051444,Copper_River_75003900051444
431,75003900054756, 1,6566375.444096406921744,5.907540000931405,Copper_River,75003900054756,Copper_River_75003900054756
432,75003900055094, 1,10050633090.827836990356445,17.252993123289581,Copper_River,75003900055094,Copper_River_75003900055094
433,75003900055856, 1,290675529.396646380424500,40.739425985381509,Copper_River,75003900055856,Copper_River_75003900055856
434,75003900055885, 1,161909066.608519166707993,48.854695879206886,Copper_River,75003900055885,Copper_River_75003900055885
435,75003900057331, 1,2819796.986113181337714,1.468534697553867,Copper_River,75003900057331,Copper_River_75003900057331
436,75003900057643, 1,367433224.923395574092865,28.233634477226648,Copper_River,75003900057643,Copper_River_75003900057643
437,75003900057655, 1,267285864.225932359695435,47.781531980315592,Copper_River,75003900057655,Copper_River_75003900057655
438,75003900057747, 1,8406694683.521351814270020,16.180473543286066,Copper_River,75003900057747,Copper_River_75003900057747
439,75003900057793, 1,8611692875.006113052368164,16.145709211417113,Copper_River,75003900057793,Copper_River_75003900057793
440,75003900057854, 1,565237732.162878751754761,29.646853447766457,Copper_River,75003900057854,Copper_River_75003900057854
441,75003900062340, 1,8336290849.103947639465332,16.302383951922796,Copper_River,75003900062340,Copper_River_75003900062340
442,75003900065861, 1,6823862.023225445300341,15.997369757708285,Copper_River,75003900065861,Copper_River_75003900065861
443,75003900066004, 1,75955952.104326352477074,52.196964103374377,Copper_River,75003900066004,Copper_River_75003900066004
444,75003900070258, 1,5074608.241153506562114,21.434414097164368,Copper_River,75003900070258,Copper_River_75003900070258
445,75003900073175, 1,726352028.337861776351929,26.184440339601661,Copper_River,75003900073175,Copper_River_75003900073175
446,75003900073407, 1,8656327977.463233947753906,16.155403316072455,Copper_River,75003900073407,Copper_River_75003900073407
447,75003900073776, 1,127072210.646177440881729,66.566678163235167,Copper_River,75003900073776,Copper_River_75003900073776
448,75003900084262, 1,11209397640.352352142333984,18.414217866836275,Copper_River,75003900084262,Copper_River_75003900084262
449,75019600114066, 1,2055790206.572728633880615,7.328176199865595,Copper_River,75019600114066,Copper_River_75019600114066
450,75019600117697, 1,756270649.235173344612122,10.811818008399786,Copper_River,75019600117697,Copper_River_75019600117697
451,75019600117719, 1,2245328583.113735198974609,7.146397527933549,Copper_River,75019600117719,Copper_River_75019600117719
452,75019600117722, 1,2009031423.232964515686035,7.306825844903130,Copper_River,75019600117722,Copper_River_75019600117722
453,75019600117903, 1,1058803216.453127741813660,6.133662930299707,Copper_River,75019600117903,Copper_River_75019600117903
454,75019600118006, 1,5078.675874004155048,0.000971717722487,Copper_River,75019600118006,Copper_River_75019600118006
455,75019600118106, 1,5078.675874004155048,0.000373883224934,Copper_River,75019600118106,Copper_River_75019600118106
456,75019600118255, 1,5078.675874004155048,0.000116821219282,Copper_River,75019600118255,Copper_River_75019600118255
457,75019600118256, 1,5078.675874004155048,0.000106618349678,Copper_River,75019600118256,Copper_River_75019600118256
458,75019600118266, 1,5078.675874004155048,0.000101270782656,Copper_River,75019600118266,Copper_River_75019600118266
459,75019600118290, 1,5078.675874004155048,0.001555544983802,Copper_River,75019600118290,Copper_River_75019600118290
460,75019600118417, 1,55833.287766316956549,0.056714287518699,Copper_River,75019600118417,Copper_River_75019600118417
461,75019600118512, 1,304932041.984751820564270,26.672127822346976,Copper_River,75019600118512,Copper_River_75019600118512
462,75019600119714, 1,154014.845519785856595,0.069873297927037,Copper_River,75019600119714,Copper_River_75019600119714
463,75019600120847, 1,25214587.721954945474863,9.337929505642698,Copper_River,75019600120847,Copper_River_75019600120847
464,75019600123866, 1,56343409.162903450429440,3.420593095774974,Copper_River,75019600123866,Copper_River_75019600123866
465,75019600128599, 1,1985524256.331079721450806,7.293963938361638,Copper_River,75019600128599,Copper_River_75019600128599
466,75019600128647, 1,1820469189.809985876083374,7.341155052058348,Copper_River,75019600128647,Copper_River_75019600128647
467,75019600128755, 1,106175985.560504287481308,36.702094809158943,Copper_River,75019600128755,Copper_River_75019600128755
468,75019600129012, 1,1985524256.331078767776489,7.307693781313944,Copper_River,75019600129012,Copper_River_75019600129012
469,75019600130710, 1,756270649.235173463821411,12.780569989310930,Copper_River,75019600130710,Copper_River_75019600130710
470,75019600130736, 1,80170.488729223448900,0.173749109256613,Copper_River,75019600130736,Copper_River_75019600130736
471,75019600130754, 1,56282479.626318119466305,7.412580170092682,Copper_River,75019600130754,Copper_River_75019600130754
472,75019600131335, 1,2861699.647730014286935,1.487423222700256,Copper_River,75019600131335,Copper_River_75019600131335
473,75019600133523, 1,154014.845519785856595,0.048098938584473,Copper_River,75019600133523,Copper_River_75019600133523
474,75019600133540, 1,2610443.773428962565958,2.650348078837744,Copper_River,75019600133540,Copper_River_75019600133540
475,75019600133541, 1,56282479.626318126916885,9.567372078895730,Copper_River,75019600133541,Copper_River_75019600133541
476,75019600153899, 1,60929.536585345980711,0.026175227622723,Copper_River,75019600153899,Copper_River_75019600153899
477,75019600158025, 1,56343409.162903457880020,2.607443057275494,Copper_River,75019600158025,Copper_River_75019600158025
478,75019600161870, 1,5395324.121683539822698,1.403819609656225,Copper_River,75019600161870,Copper_River_75019600161870
479,75019600169606, 1,2550260625.098487854003906,7.788199989242250,Copper_River,75019600169606,Copper_River_75019600169606
480,75019600174661, 1,151825917.002625048160553,26.544029656687869,Copper_River,75019600174661,Copper_River_75019600174661
481,75019600175832, 1,56343409.162903450429440,2.698213251263881,Copper_River,75019600175832,Copper_River_75019600175832
482,75019600176914, 1,756270649.235173106193542,15.867518748575646,Copper_River,75019600176914,Copper_River_75019600176914
483,75019600179147, 1,60929.536585345980711,0.076396625453154,Copper_River,75019600179147,Copper_River_75019600179147
484,75019600181061, 1,5078.675874004155048,0.005100389510704,Copper_River,75019600181061,Copper_River_75019600181061
485,75019600181391, 1,165055066.521093249320984,7.733715272542502,Copper_River,75019600181391,Copper_River_75019600181391
486,75019600181506, 1,165055066.521093249320984,7.292288955787206,Copper_River,75019600181506,Copper_River_75019600181506
487,75019600181619, 1,756270649.235173106193542,13.613850856199768,Copper_River,75019600181619,Copper_River_75019600181619
488,75019600185154, 1,5078.675874004155048,0.002596578536569,Copper_River,75019600185154,Copper_River_75019600185154
489,75019600187873, 1,5078.675874004155048,0.000302085110585,Copper_River,75019600187873,Copper_River_75019600187873
490,75019600195238, 1,2188985173.950829982757568,7.529531397426043,Copper_River,75019600195238,Copper_River_75019600195238
491,75019600196827, 1,164999233.233326911926270,9.260740068930760,Copper_River,75019600196827,Copper_River_75019600196827
492,75019600196840, 1,56343409.162903465330601,5.122086663209825,Copper_River,75019600196840,Copper_River_75019600196840
493,75019600197033, 1,13173316.230701847001910,4.336245399420357,Copper_River,75019600197033,Copper_River_75019600197033
494,75019600198047, 1,45545456.936281658709049,23.987443628511880,Copper_River,75019600198047,Copper_River_75019600198047
495,75019600198308, 1,55833.287766316956549,0.026486966819037,Copper_River,75019600198308,Copper_River_75019600198308
496,75019600198622, 1,53288395.018272057175636,22.363501792994708,Copper_River,75019600198622,Copper_River_75019600198622
497,75019600201412, 1,1044567636.338258624076843,6.231212511822677,Copper_River,75019600201412,Copper_River_75019600201412
498,75019700001655, 1,1502067.556848481995985,0.516126707557129,Copper_River,75019700001655,Copper_River_75019700001655
499,75019700001722, 1,1891578012.547155857086182,52.832417553808540,Copper_River,75019700001722,Copper_River_75019700001722
500,75019700001727, 1,37972931.884851299226284,7.040983748744495,Copper_River,75019700001727,Copper_River_75019700001727
501,75019700002476, 1,165585936.092067927122116,27.761176283229794,Copper_River,75019700002476,Copper_River_75019700002476
502,75019700002595, 1,553581.554386287578382,0.409268703188900,Copper_River,75019700002595,Copper_River_75019700002595
503,75019700002919, 1,1900977668.383116006851196,50.677708842607302,Copper_River,75019700002919,Copper_River_75019700002919
504,75019700002996, 1,5551074549.153186798095703,34.193884074704940,Copper_River,75019700002996,Copper_River_75019700002996
505,75019700003395, 1,9399655.835960717871785,10.300411365656617,Copper_River,75019700003395,Copper_River_75019700003395
506,75019700003629, 1,155.858139076681823,0.000045122782109,Copper_River,75019700003629,Copper_River_75019700003629
507,75019700003637, 1,155.858139076681823,0.000109478233095,Copper_River,75019700003637,Copper_River_75019700003637
508,75019700003861, 1,1300735289.854144334793091,32.894373569956038,Copper_River,75019700003861,Copper_River_75019700003861
509,75019700004138, 1,4756178.607274685986340,3.437672913069507,Copper_River,75019700004138,Copper_River_75019700004138
510,75019700004190, 1,38076270.524612918496132,10.277786689374526,Copper_River,75019700004190,Copper_River_75019700004190
511,75019700004212, 1,11901376.537592144683003,5.368413980952169,Copper_River,75019700004212,Copper_River_75019700004212
512,75019700004288, 1,11575489.605332698673010,6.684024920357563,Copper_River,75019700004288,Copper_River_75019700004288
513,75019700004684, 1,2261734731.913211345672607,38.052799520380034,Copper_River,75019700004684,Copper_River_75019700004684
514,75019700004810, 1,4162712400.296322345733643,42.329898416222683,Copper_River,75019700004810,Copper_River_75019700004810
515,75019700004866, 1,49550432.619969986379147,5.419719586655418,Copper_River,75019700004866,Copper_River_75019700004866
516,75019700005134, 1,170745469.401561677455902,22.218427958584925,Copper_River,75019700005134,Copper_River_75019700005134
517,75019700005921, 1,38076270.524612903594971,7.731172208191552,Copper_River,75019700005921,Copper_River_75019700005921
518,75019700005989, 1,1472675.595893373014405,1.829723776790281,Copper_River,75019700005989,Copper_River_75019700005989
519,75019700006226, 1,38076270.524612911045551,15.531882633706845,Copper_River,75019700006226,Copper_River_75019700006226
520,75019700006876, 1,2260219117.674559593200684,40.955406751947869,Copper_River,75019700006876,Copper_River_75019700006876
521,75019700007155, 1,1472675.595893373014405,1.233819027205227,Copper_River,75019700007155,Copper_River_75019700007155
522,75019700010439, 1,7061489.621688978746533,3.351908351747808,Copper_River,75019700010439,Copper_River_75019700010439
523,75019700010575, 1,1962419474.710300207138062,45.879971939413316,Copper_River,75019700010575,Copper_River_75019700010575
524,75019700010617, 1,5614903644.473351478576660,32.635794480463233,Copper_River,75019700010617,Copper_River_75019700010617
525,75019700010631, 1,889955147.230437636375427,30.759488304251214,Copper_River,75019700010631,Copper_River_75019700010631
526,75019700010633, 1,410780142.623707473278046,42.256695044143470,Copper_River,75019700010633,Copper_River_75019700010633
527,75019700010639, 1,888453079.673589706420898,35.552495993538990,Copper_River,75019700010639,Copper_River_75019700010639
528,75019700010666, 1,718307822.864908695220947,47.202009331190808,Copper_River,75019700010666,Copper_River_75019700010666
529,75019700012433, 1,62305657.955308839678764,7.250931991100283,Copper_River,75019700012433,Copper_River_75019700012433
530,75019700016379, 1,149976183.610145121812820,41.341699824315370,Copper_River,75019700016379,Copper_River_75019700016379
531,75019700016412, 1,11192817.364577526226640,7.733184121198350,Copper_River,75019700016412,Copper_River_75019700016412
532,75019700017110, 1,4212262832.916295528411865,38.648174008029237,Copper_River,75019700017110,Copper_River_75019700017110
533,75019700017807, 1,1881446570.566111087799072,57.552634948262913,Copper_River,75019700017807,Copper_River_75019700017807
534,75019700017829, 1,1886487054.366121768951416,54.717925364405481,Copper_River,75019700017829,Copper_River_75019700017829
535,75019700017973, 1,5786030224.005455017089844,31.881929785453966,Copper_River,75019700017973,Copper_River_75019700017973
536,75019700017989, 1,5551074393.295046806335449,35.536840248562271,Copper_River,75019700017989,Copper_River_75019700017989
537,75019800000182, 1,1044562557.662384271621704,8.958459257704924,Copper_River,75019800000182,Copper_River_75019800000182
538,75019800000599, 1,56678412.195907399058342,10.820362670499332,Copper_River,75019800000599,Copper_River_75019800000599
539,75019800000911, 1,549629998.112508773803711,9.933431669453025,Copper_River,75019800000911,Copper_River_75019800000911
540,75019800000955, 1,444976607.912925362586975,22.550596560362234,Copper_River,75019800000955,Copper_River_75019800000955
541,75019800001032, 1,663845063.760847330093384,7.494758414384288,Copper_River,75019800001032,Copper_River_75019800001032
542,75019800001400, 1,106387407.758619010448456,15.067725897285353,Copper_River,75019800001400,Copper_River_75019800001400
543,75019800001873, 1,442710438.008388757705688,33.252916148796189,Copper_River,75019800001873,Copper_River_75019800001873
544,75019800003840, 1,106387407.758619010448456,8.358317749176141,Copper_River,75019800003840,Copper_River_75019800003840
545,75019800005498, 1,106387407.758618980646133,43.484820719780153,Copper_River,75019800005498,Copper_River_75019800005498
546,75019800007832, 1,663845063.760847091674805,7.855060377011851,Copper_River,75019800007832,Copper_River_75019800007832
547,75019800009388, 1,12957496.804326295852661,0.729119259549140,Copper_River,75019800009388,Copper_River_75019800009388
548,75019800009655, 1,12957496.804326293990016,1.364649970432286,Copper_River,75019800009655,Copper_River_75019800009655
549,75019800010313, 1,2266169.904536388348788,0.403218048230044,Copper_River,75019800010313,Copper_River_75019800010313
550,75019800010922, 1,106387407.758619010448456,16.417921947071505,Copper_River,75019800010922,Copper_River_75019800010922
551,75019800011406, 1,46028.615864835112006,0.028739473244933,Copper_River,75019800011406,Copper_River_75019800011406
552,75019800011423, 1,1129036.879023807123303,0.951931258235984,Copper_River,75019800011423,Copper_River_75019800011423
553,75019800011462, 1,56678412.195907406508923,12.173848240961540,Copper_River,75019800011462,Copper_River_75019800011462
554,75019800011612, 1,106387407.758619010448456,11.892215352972880,Copper_River,75019800011612,Copper_River_75019800011612
555,75019800011978, 1,106387407.758619010448456,6.552099505356416,Copper_River,75019800011978,Copper_River_75019800011978
556,75019800015373, 1,514612516.913158833980560,11.729275419043050,Copper_River,75019800015373,Copper_River_75019800015373
557,75019800015447, 1,514612516.913158833980560,10.755029020040604,Copper_River,75019800015447,Copper_River_75019800015447
558,75019800015952, 1,35017481.199349902570248,12.691949173392983,Copper_River,75019800015952,Copper_River_75019800015952
559,75019800016364, 1,656805104.351175665855408,8.553588787418612,Copper_River,75019800016364,Copper_River_75019800016364
560,75019800017508, 1,2266169.904536388814449,0.660890502575019,Copper_River,75019800017508,Copper_River_75019800017508
561,75019800018104, 1,107175106.238666385412216,6.946340359572361,Copper_River,75019800018104,Copper_River_75019800018104
562,75019800018811, 1,106387407.758618995547295,22.212050227473163,Copper_River,75019800018811,Copper_River_75019800018811
563,75019800019142, 1,12957496.804326295852661,2.121502797252351,Copper_River,75019800019142,Copper_River_75019800019142
564,75019800019853, 1,12957496.804326295852661,4.506858609908207,Copper_River,75019800019853,Copper_River_75019800019853
565,75019800020572, 1,107175106.238666385412216,11.442494487003998,Copper_River,75019800020572,Copper_River_75019800020572
566,75019800020900, 1,7039959.409672140143812,2.282670638046007,Copper_River,75019800020900,Copper_River_75019800020900
