OID_,non_north_area,north_area,region,wtd_north_per,cat_ID_txt,cat_ID_con
1,5612475,854400.000000000000000,0.000000000000000,13.21195,75004196683776.0000000,Cook_Inlet_75004200007057.0
2,99444100,54754100.000000000000000,0.000000000000000,35.50891,75004297347072.0000000,Cook_Inlet_75004300006312.0
3,77036175,14833875.000000000000000,0.000000000000000,16.14658,75004297347072.0000000,Cook_Inlet_75004300001906.0
4,17989525,10960950.000000000000000,0.000000000000000,37.86104,75004297347072.0000000,Cook_Inlet_75004300000100.0
5,10671675,4563650.000000000000000,0.000000000000000,29.9544,75004297347072.0000000,Cook_Inlet_75004300004983.0
6,205894250,124138200.000000000000000,0.000000000000000,37.61394,75004297347072.0000000,Cook_Inlet_75004300004332.0
7,44645575,11374800.000000000000000,0.000000000000000,20.30475,75004297347072.0000000,Cook_Inlet_75004300006239.0
8,228336450,93448475.000000000000000,0.000000000000000,29.04066,75004297347072.0000000,Cook_Inlet_75004300004304.0
9,220802225,89867300.000000000000000,0.000000000000000,28.92698,75004297347072.0000000,Cook_Inlet_75004300002332.0
10,6761900,2571625.000000000000000,0.000000000000000,27.55256,75004297347072.0000000,Cook_Inlet_75004300005437.0
11,25388350,13639775.000000000000000,0.000000000000000,34.94858,75004297347072.0000000,Cook_Inlet_75004300003464.0
12,5289000,2747200.000000000000000,0.000000000000000,34.18531,75004297347072.0000000,Cook_Inlet_75004300005171.0
13,107417675,47262250.000000000000000,0.000000000000000,30.55487,75004297347072.0000000,Cook_Inlet_75004300004701.0
14,59371525,36833200.000000000000000,0.000000000000000,38.28627,75004297347072.0000000,Cook_Inlet_75004300005303.0
15,2249325,1292200.000000000000000,0.000000000000000,36.48711,75004297347072.0000000,Cook_Inlet_75004300006440.0
16,243974700,103273350.000000000000000,0.000000000000000,29.74051,75004297347072.0000000,Cook_Inlet_75004300004254.0
17,9093800,5809600.000000000000000,0.000000000000000,38.98171,75004297347072.0000000,Cook_Inlet_75004300001207.0
18,116675650,60331700.000000000000000,0.000000000000000,34.08429,75004297347072.0000000,Cook_Inlet_75004300005245.0
19,38471600,13333225.000000000000000,0.000000000000000,25.73742,75004297347072.0000000,Cook_Inlet_75004300000311.0
20,37159275,22119425.000000000000000,0.000000000000000,37.31429,75004297347072.0000000,Cook_Inlet_75004300008012.0
21,398221400,183614875.000000000000000,0.000000000000000,31.55783,75004297347072.0000000,Cook_Inlet_75004300004192.0
22,54456925,34555200.000000000000000,0.000000000000000,38.82078,75004297347072.0000000,Cook_Inlet_75004300007324.0
23,121222950,61822975.000000000000000,0.000000000000000,33.77457,75004297347072.0000000,Cook_Inlet_75004300001162.0
24,90272375,41599575.000000000000000,0.000000000000000,31.54543,75004297347072.0000000,Cook_Inlet_75004300004217.0
25,276663875,121590925.000000000000000,0.000000000000000,30.53094,75004297347072.0000000,Cook_Inlet_75004300002207.0
26,3363450,2611125.000000000000000,0.000000000000000,43.70395,75004297347072.0000000,Cook_Inlet_75004300003409.0
27,38060875,17183925.000000000000000,0.000000000000000,31.10505,75004297347072.0000000,Cook_Inlet_75004300002142.0
28,760625,275675.000000000000000,0.000000000000000,26.60185,75004297347072.0000000,Cook_Inlet_75004300002314.0
29,6416875,2477625.000000000000000,0.000000000000000,27.8557,75004297347072.0000000,Cook_Inlet_75004300003171.0
30,7594850,2612950.000000000000000,0.000000000000000,25.59758,75004297347072.0000000,Cook_Inlet_75004300000101.0
31,35358100,23616675.000000000000000,0.000000000000000,40.04538,75004297347072.0000000,Cook_Inlet_75004300005352.0
32,119281500,37350375.000000000000000,0.000000000000000,23.84596,75004297347072.0000000,Cook_Inlet_75004300000856.0
33,192149575,76278400.000000000000000,0.000000000000000,28.41671,75004297347072.0000000,Cook_Inlet_75004300004341.0
34,4450275,3703800.000000000000000,0.000000000000000,45.42269,75004297347072.0000000,Cook_Inlet_75004300002289.0
35,52023450,17425775.000000000000000,0.000000000000000,25.09139,75004297347072.0000000,Cook_Inlet_75004300007331.0
36,28249450,13373600.000000000000000,0.000000000000000,32.13028,75004297347072.0000000,Cook_Inlet_75004300006376.0
37,2588300,1695000.000000000000000,0.000000000000000,39.57229,75004297347072.0000000,Cook_Inlet_75004300002278.0
38,392175,163325.000000000000000,0.000000000000000,29.40144,75004297347072.0000000,Cook_Inlet_75004300002352.0
39,2627675,987700.000000000000000,0.000000000000000,27.31944,75004297347072.0000000,Cook_Inlet_75004300001210.0
40,115823550,45216375.000000000000000,0.000000000000000,28.07774,75004297347072.0000000,Cook_Inlet_75004300004452.0
41,79456700,37982250.000000000000000,0.000000000000000,32.34212,75004297347072.0000000,Cook_Inlet_75004300000105.0
42,157768500,55476050.000000000000000,0.000000000000000,26.01522,75004297347072.0000000,Cook_Inlet_75004300006071.0
43,375117000,195791600.000000000000000,0.000000000000000,34.29473,75004297347072.0000000,Cook_Inlet_75004300004324.0
44,29219400,12441000.000000000000000,0.000000000000000,29.86289,75004297347072.0000000,Cook_Inlet_75004300001288.0
45,35167475,9640200.000000000000000,0.000000000000000,21.51462,75004297347072.0000000,Cook_Inlet_75004300006013.0
46,99289200,26129575.000000000000000,0.000000000000000,20.83386,75004398010368.0000000,Cook_Inlet_75004400004829.0
47,202671500,75588375.000000000000000,0.000000000000000,27.16467,75004398010368.0000000,Cook_Inlet_75004400000576.0
48,480917475,164755975.000000000000000,0.000000000000000,25.51692,75004398010368.0000000,Cook_Inlet_75004400006041.0
49,38530475,8750075.000000000000000,0.000000000000000,18.50671,75004398010368.0000000,Cook_Inlet_75004400010402.0
50,67558300,20162300.000000000000000,0.000000000000000,22.98468,75004398010368.0000000,Cook_Inlet_75004400008856.0
51,126291750,37376750.000000000000000,0.000000000000000,22.83686,75004398010368.0000000,Cook_Inlet_75004400010754.0
52,25203525,8730900.000000000000000,0.000000000000000,25.72874,75004398010368.0000000,Cook_Inlet_75004400010810.0
53,102957050,38660050.000000000000000,0.000000000000000,27.299,75004398010368.0000000,Cook_Inlet_75004400002950.0
54,52889400,13754125.000000000000000,0.000000000000000,20.63835,75004398010368.0000000,Cook_Inlet_75004400009144.0
55,1007497975,366961625.000000000000000,0.000000000000000,26.69861,75004398010368.0000000,Cook_Inlet_75004400006357.0
56,89670850,29267100.000000000000000,0.000000000000000,24.60703,75004398010368.0000000,Cook_Inlet_75004400007385.0
57,99287150,32343475.000000000000000,0.000000000000000,24.57139,75004398010368.0000000,Cook_Inlet_75004400007948.0
58,113807375,30539275.000000000000000,0.000000000000000,21.1569,75004398010368.0000000,Cook_Inlet_75004400009261.0
59,76126525,22616875.000000000000000,0.000000000000000,22.9047,75004398010368.0000000,Cook_Inlet_75004400001510.0
60,74256525,21801825.000000000000000,0.000000000000000,22.69644,75004398010368.0000000,Cook_Inlet_75004400007387.0
61,50262675,16264850.000000000000000,0.000000000000000,24.4483,75004398010368.0000000,Cook_Inlet_75004400010320.0
62,230606150,121729125.000000000000000,0.000000000000000,34.54923,75004398010368.0000000,Cook_Inlet_75004400001568.0
63,98273175,28241750.000000000000000,0.000000000000000,22.32286,75004398010368.0000000,Cook_Inlet_75004400008917.0
64,1241226825,432428150.000000000000000,0.000000000000000,25.83735,75004398010368.0000000,Cook_Inlet_75004400001952.0
65,52669050,22148475.000000000000000,0.000000000000000,29.60332,75004398010368.0000000,Cook_Inlet_75004400009919.0
66,3755479700,1403412775.000000000000000,0.000000000000000,27.20376,75004398010368.0000000,Cook_Inlet_75004400001498.0
67,263496500,96984700.000000000000000,0.000000000000000,26.90423,75004398010368.0000000,Cook_Inlet_75004400011711.0
68,12723300,2626125.000000000000000,0.000000000000000,17.10895,75004398010368.0000000,Cook_Inlet_75004400003452.0
69,32053250,11462450.000000000000000,0.000000000000000,26.34095,75004398010368.0000000,Cook_Inlet_75004400007388.0
70,298358125,112135425.000000000000000,0.000000000000000,27.31722,75004398010368.0000000,Cook_Inlet_75004400000627.0
71,517348475,164796850.000000000000000,0.000000000000000,24.15861,75004398010368.0000000,Cook_Inlet_75004400003042.0
72,59625375,24328475.000000000000000,0.000000000000000,28.97839,75004398010368.0000000,Cook_Inlet_75004400002041.0
73,39842950,15569500.000000000000000,0.000000000000000,28.09748,75004398010368.0000000,Cook_Inlet_75004400011322.0
74,80252775,20811750.000000000000000,0.000000000000000,20.59254,75004398010368.0000000,Cook_Inlet_75004400001872.0
75,1039470600,376026125.000000000000000,0.000000000000000,26.56496,75004398010368.0000000,Cook_Inlet_75004400009331.0
76,53782950,13772375.000000000000000,0.000000000000000,20.38681,75004398010368.0000000,Cook_Inlet_75004400009308.0
77,61373075,17568350.000000000000000,0.000000000000000,22.25492,75004398010368.0000000,Cook_Inlet_75004400006846.0
78,2347426350,858398025.000000000000000,0.000000000000000,26.7762,75004398010368.0000000,Cook_Inlet_75004400003154.0
79,25569150,11708050.000000000000000,0.000000000000000,31.40807,75004398010368.0000000,Cook_Inlet_75004400002951.0
80,113226400,30441900.000000000000000,0.000000000000000,21.18902,75004398010368.0000000,Cook_Inlet_75004400009260.0
81,89870725,20010025.000000000000000,0.000000000000000,18.21067,75000103043072.0000000,Cook_Inlet_75000100000981.0
82,176921325,57610800.000000000000000,0.000000000000000,24.56414,75000103043072.0000000,Cook_Inlet_75000100003094.0
83,59863750,19160350.000000000000000,0.000000000000000,24.24621,75000103043072.0000000,Cook_Inlet_75000100003947.0
84,232077325,87435600.000000000000000,0.000000000000000,27.36528,75000103043072.0000000,Cook_Inlet_75000100002463.0
85,50204675,22731350.000000000000000,0.000000000000000,31.16615,75000103043072.0000000,Cook_Inlet_75000100001919.0
86,49096875,31759175.000000000000000,0.000000000000000,39.27866,75000103043072.0000000,Cook_Inlet_75000100004336.0
87,112602425,58946525.000000000000000,0.000000000000000,34.36134,75000103043072.0000000,Cook_Inlet_75000100000004.0
88,231750275,91221475.000000000000000,0.000000000000000,28.24441,75000103043072.0000000,Cook_Inlet_75000100000652.0
89,50752850,6636625.000000000000000,0.000000000000000,11.56419,75000103043072.0000000,Cook_Inlet_75000100004200.0
90,129301450,52926775.000000000000000,0.000000000000000,29.04422,75000103043072.0000000,Cook_Inlet_75000100002523.0
91,26956125,8937225.000000000000000,0.000000000000000,24.89939,75000103043072.0000000,Cook_Inlet_75000100000059.0
92,60393000,17215525.000000000000000,0.000000000000000,22.18252,75000396644352.0000000,Cook_Inlet_75000400000173.0
93,3774542325,1551935375.000000000000000,0.000000000000000,29.13624,75000396644352.0000000,Cook_Inlet_75000400009620.0
94,13367700,2662475.000000000000000,0.000000000000000,16.60914,75000396644352.0000000,Cook_Inlet_75000400014405.0
95,105298850,25025925.000000000000000,0.000000000000000,19.20274,75000396644352.0000000,Cook_Inlet_75000400014403.0
96,11964576450,4322292225.000000000000000,0.000000000000000,26.53851,75000698634240.0000000,Cook_Inlet_75000700036166.0
97,9896329700,3466358400.000000000000000,0.000000000000000,25.94058,75000698634240.0000000,Cook_Inlet_75000700030756.0
98,1742862200,638924325.000000000000000,0.000000000000000,26.82542,75000698634240.0000000,Cook_Inlet_75000700032122.0
99,274067900,133111250.000000000000000,0.000000000000000,32.69108,75000497307648.0000000,Cook_Inlet_75000500009621.0
100,62446900,37375125.000000000000000,0.000000000000000,37.44176,75000497307648.0000000,Cook_Inlet_75000500011984.0
101,64191275,61950025.000000000000000,0.000000000000000,49.11161,75000497307648.0000000,Cook_Inlet_75000500009975.0
102,4978953025,1549953025.000000000000000,0.000000000000000,23.73986,75000497307648.0000000,Cook_Inlet_75000500010609.0
103,3675712675,1536528150.000000000000000,0.000000000000000,29.47922,75000295981056.0000000,Cook_Inlet_75000300025361.0
104,12109345400,3685015125.000000000000000,0.000000000000000,23.33121,75000597970944.0000000,Cook_Inlet_75000600010189.0
105,130434750,39409425.000000000000000,0.000000000000000,23.20328,75000597970944.0000000,Cook_Inlet_75000600030148.0
106,289621500,69468250.000000000000000,0.000000000000000,19.34565,75000203706368.0000000,Cook_Inlet_75000200008033.0
107,303421150,72001100.000000000000000,0.000000000000000,19.1787,75000203706368.0000000,Cook_Inlet_75000200002920.0
108,247717000,60544850.000000000000000,0.000000000000000,19.64072,75000203706368.0000000,Cook_Inlet_75000200000411.0
109,320590850,53275250.000000000000000,0.000000000000000,14.24982,75000203706368.0000000,Cook_Inlet_75000200013251.0
110,276703900,122943625.000000000000000,0.000000000000000,30.76301,75000203706368.0000000,Cook_Inlet_75000200008551.0
111,44127525,18394175.000000000000000,0.000000000000000,29.42047,75000203706368.0000000,Cook_Inlet_75000200007305.0
112,44044925,7190425.000000000000000,0.000000000000000,14.03411,75000203706368.0000000,Cook_Inlet_75000200015657.0
113,352142475,61365900.000000000000000,0.000000000000000,14.8403,75000203706368.0000000,Cook_Inlet_75000200003107.0
114,26611875,5627850.000000000000000,0.000000000000000,17.45626,75000203706368.0000000,Cook_Inlet_75000200008009.0
115,21133959850,7534910150.000000000000000,0.000000000000000,26.28255,75000203706368.0000000,Cook_Inlet_75000200013536.0
116,337956500,57671750.000000000000000,0.000000000000000,14.57726,75000203706368.0000000,Cook_Inlet_75000200015867.0
117,14193025,3696700.000000000000000,0.000000000000000,20.66382,75000203706368.0000000,Cook_Inlet_75000200010712.0
118,14306700,3658075.000000000000000,0.000000000000000,20.36249,75000203706368.0000000,Cook_Inlet_75000200003070.0
119,257262600,124063700.000000000000000,0.000000000000000,32.53479,75000203706368.0000000,Cook_Inlet_75000200006065.0
120,244753950,59685400.000000000000000,0.000000000000000,19.60502,75000203706368.0000000,Cook_Inlet_75000200010532.0
121,322860375,53795100.000000000000000,0.000000000000000,14.28231,75000203706368.0000000,Cook_Inlet_75000200005573.0
122,337210825,57455525.000000000000000,0.000000000000000,14.558,75000203706368.0000000,Cook_Inlet_75000200005575.0
123,1344679525,299257625.000000000000000,0.000000000000000,18.20371,75000203706368.0000000,Cook_Inlet_75000200018331.0
124,979284850,210078300.000000000000000,0.000000000000000,17.66309,75000203706368.0000000,Cook_Inlet_75000200005504.0
125,751806100,157981125.000000000000000,0.000000000000000,17.36462,75000203706368.0000000,Cook_Inlet_75000200003013.0
126,282993125,67718350.000000000000000,0.000000000000000,19.30885,75000203706368.0000000,Cook_Inlet_75000200015680.0
127,199196025,50693525.000000000000000,0.000000000000000,20.28637,75000203706368.0000000,Cook_Inlet_75000200000416.0
128,51063425,9654825.000000000000000,0.000000000000000,15.90103,75000203706368.0000000,Cook_Inlet_75000200005413.0
129,202889100,31916650.000000000000000,0.000000000000000,13.59279,75000203706368.0000000,Cook_Inlet_75000200002930.0
130,2844400,609575.000000000000000,0.000000000000000,17.64851,75000203706368.0000000,Cook_Inlet_75000200010359.0
131,40994025,8495275.000000000000000,0.000000000000000,17.16588,75000203706368.0000000,Cook_Inlet_75000200010144.0
132,136511675,21786900.000000000000000,0.000000000000000,13.76317,75000203706368.0000000,Cook_Inlet_75000200018266.0
133,61671300,18118975.000000000000000,0.000000000000000,22.70825,75000203706368.0000000,Cook_Inlet_75000200002753.0
134,45875850,13637475.000000000000000,0.000000000000000,22.915,75000203706368.0000000,Cook_Inlet_75000200015505.0
135,25383800,4744050.000000000000000,0.000000000000000,15.74639,75000203706368.0000000,Cook_Inlet_75000200015584.0
136,1320000,228950.000000000000000,0.000000000000000,14.78098,75000203706368.0000000,Cook_Inlet_75000200002806.0
137,48749850,14619600.000000000000000,0.000000000000000,23.07042,75000203706368.0000000,Cook_Inlet_75000200007853.0
138,72948125,12801775.000000000000000,0.000000000000000,14.9292,75000203706368.0000000,Cook_Inlet_75000200018577.0
139,38262850,5472400.000000000000000,0.000000000000000,12.51256,75000203706368.0000000,Cook_Inlet_75000200015695.0
140,1596150,300150.000000000000000,0.000000000000000,15.82819,75000203706368.0000000,Cook_Inlet_75000200013033.0
141,5595900,1812525.000000000000000,0.000000000000000,24.46573,75000203706368.0000000,Cook_Inlet_75000200005075.0
142,125241625,33859600.000000000000000,0.000000000000000,21.2818,75000203706368.0000000,Cook_Inlet_75000200007839.0
143,3116875,301525.000000000000000,0.000000000000000,8.820647,75000203706368.0000000,Cook_Inlet_75000200007958.0
144,81718550,13421100.000000000000000,0.000000000000000,14.10674,75000203706368.0000000,Cook_Inlet_75000200013189.0
145,199893325,31108700.000000000000000,0.000000000000000,13.46685,75000203706368.0000000,Cook_Inlet_75000200002934.0
146,2587525,267775.000000000000000,0.000000000000000,9.378174,75000203706368.0000000,Cook_Inlet_75000200018235.0
147,1553050,255475.000000000000000,0.000000000000000,14.12615,75000203706368.0000000,Cook_Inlet_75000200013258.0
148,4451625,1193625.000000000000000,0.000000000000000,21.14388,75000203706368.0000000,Cook_Inlet_75000200018069.0
149,121029350,19205925.000000000000000,0.000000000000000,13.6955,75000203706368.0000000,Cook_Inlet_75000200013187.0
150,8525700,1517050.000000000000000,0.000000000000000,15.10592,75000203706368.0000000,Cook_Inlet_75000200007646.0
151,6922850,1583875.000000000000000,0.000000000000000,18.61909,75000203706368.0000000,Cook_Inlet_75000200000010.0
152,120835250,19156725.000000000000000,0.000000000000000,13.68416,75000203706368.0000000,Cook_Inlet_75000200013185.0
153,15152100,4319125.000000000000000,0.000000000000000,22.18209,75000203706368.0000000,Cook_Inlet_75000200010344.0
154,155862475,23927525.000000000000000,0.000000000000000,13.3086,75000203706368.0000000,Cook_Inlet_75000200010538.0
155,121074300,19198525.000000000000000,0.000000000000000,13.68656,75000203706368.0000000,Cook_Inlet_75000200010547.0
156,7202100,1106200.000000000000000,0.000000000000000,13.3144,75000203706368.0000000,Cook_Inlet_75000200005606.0
157,2079875,252950.000000000000000,0.000000000000000,10.84308,75000203706368.0000000,Cook_Inlet_75000200002554.0
158,35387800,9294250.000000000000000,0.000000000000000,20.80086,75000203706368.0000000,Cook_Inlet_75000200017518.0
159,1283096500,284749175.000000000000000,0.000000000000000,18.16181,75000203706368.0000000,Cook_Inlet_75000200018332.0
160,35788925,7661225.000000000000000,0.000000000000000,17.63222,75000203706368.0000000,Cook_Inlet_75000200015469.0
161,150985300,23257525.000000000000000,0.000000000000000,13.34777,75000203706368.0000000,Cook_Inlet_75000200010540.0
162,631479650,280861000.000000000000000,0.000000000000000,30.78466,75000203706368.0000000,Cook_Inlet_75000200018806.0
163,715819900,148769350.000000000000000,0.000000000000000,17.20694,75000203706368.0000000,Cook_Inlet_75000200003094.0
164,85916275,30170225.000000000000000,0.000000000000000,25.98944,75000203706368.0000000,Cook_Inlet_75000200014914.0
165,88414700,25945050.000000000000000,0.000000000000000,22.68722,75000203706368.0000000,Cook_Inlet_75000200007639.0
166,23471455650,8519870950.000000000000000,0.000000000000000,26.63181,75000203706368.0000000,Cook_Inlet_75000200000745.0
167,751815700,157984450.000000000000000,0.000000000000000,17.36474,75000203706368.0000000,Cook_Inlet_75000200013266.0
168,10390075,2791550.000000000000000,0.000000000000000,21.17759,75000203706368.0000000,Cook_Inlet_75000200010391.0
169,34324700,8309000.000000000000000,0.000000000000000,19.48928,75000203706368.0000000,Cook_Inlet_75000200015860.0
170,59028675,13770550.000000000000000,0.000000000000000,18.91579,75000203706368.0000000,Cook_Inlet_75000200005503.0
171,53840300,16090400.000000000000000,0.000000000000000,23.00907,75000203706368.0000000,Cook_Inlet_75000200000213.0
172,24574450,6012500.000000000000000,0.000000000000000,19.65708,75000203706368.0000000,Cook_Inlet_75000200015782.0
173,117419175,47998475.000000000000000,0.000000000000000,29.01654,75000203706368.0000000,Cook_Inlet_75000200011141.0
174,2542550,649750.000000000000000,0.000000000000000,20.35366,75000203706368.0000000,Cook_Inlet_75000200008051.0
175,292719700,70931850.000000000000000,0.000000000000000,19.50544,75000203706368.0000000,Cook_Inlet_75000200013319.0
176,56234600,16666800.000000000000000,0.000000000000000,22.86211,75000203706368.0000000,Cook_Inlet_75000200007852.0
177,191300350,42136675.000000000000000,0.000000000000000,18.05055,75000203706368.0000000,Cook_Inlet_75000200000465.0
178,786838250,167687425.000000000000000,0.000000000000000,17.56762,75000203706368.0000000,Cook_Inlet_75000200013237.0
179,3060550,826300.000000000000000,0.000000000000000,21.25886,75000203706368.0000000,Cook_Inlet_75000200007870.0
180,4861125,1413750.000000000000000,0.000000000000000,22.53033,75000203706368.0000000,Cook_Inlet_75000200000011.0
181,340024675,72662700.000000000000000,0.000000000000000,17.6072,75000203706368.0000000,Cook_Inlet_75000200013953.0
182,122404250,38224375.000000000000000,0.000000000000000,23.79674,75000203706368.0000000,Cook_Inlet_75000200004615.0
183,12943825,2289725.000000000000000,0.000000000000000,15.0308,75000203706368.0000000,Cook_Inlet_75000200010148.0
184,65956950,19658500.000000000000000,0.000000000000000,22.96139,75000203706368.0000000,Cook_Inlet_75000200013892.0
185,14478025,1455100.000000000000000,0.000000000000000,9.132546,75000203706368.0000000,Cook_Inlet_75000200013179.0
186,777680925,164460500.000000000000000,0.000000000000000,17.45603,75000203706368.0000000,Cook_Inlet_75000200002984.0
187,372670000,81135525.000000000000000,0.000000000000000,17.87892,75000203706368.0000000,Cook_Inlet_75000200007660.0
188,204395325,32267825.000000000000000,0.000000000000000,13.63449,75000203706368.0000000,Cook_Inlet_75000200005448.0
189,638037850,165268375.000000000000000,0.000000000000000,20.57352,75000203706368.0000000,Cook_Inlet_75000200018581.0
190,290656850,139659825.000000000000000,0.000000000000000,32.45513,75000203706368.0000000,Cook_Inlet_75000200011336.0
191,665443250,194829250.000000000000000,0.000000000000000,22.64739,75000203706368.0000000,Cook_Inlet_75000200012999.0
192,357025900,74982600.000000000000000,0.000000000000000,17.35674,75000203706368.0000000,Cook_Inlet_75000200003732.0
193,15085200,5027700.000000000000000,0.000000000000000,24.99739,75000203706368.0000000,Cook_Inlet_75000200008734.0
194,622385975,159666600.000000000000000,0.000000000000000,20.41635,75000203706368.0000000,Cook_Inlet_75000200000021.0
195,989859850,213637525.000000000000000,0.000000000000000,17.75139,75000203706368.0000000,Cook_Inlet_75000200005532.0
196,446618025,103298525.000000000000000,0.000000000000000,18.7844,75000203706368.0000000,Cook_Inlet_75000200018882.0
197,35135000,7109300.000000000000000,0.000000000000000,16.82902,75000203706368.0000000,Cook_Inlet_75000200005404.0
198,20643575,4100875.000000000000000,0.000000000000000,16.57291,75000203706368.0000000,Cook_Inlet_75000200015587.0
199,43230275,14200800.000000000000000,0.000000000000000,24.72668,75000203706368.0000000,Cook_Inlet_75000200015319.0
200,1449858975,323875050.000000000000000,0.000000000000000,18.2595,75000203706368.0000000,Cook_Inlet_75000200015900.0
201,18678450,3782000.000000000000000,0.000000000000000,16.83849,75000203706368.0000000,Cook_Inlet_75000200005077.0
202,283558275,61591850.000000000000000,0.000000000000000,17.84495,75000203706368.0000000,Cook_Inlet_75000200008950.0
203,443788400,102734125.000000000000000,0.000000000000000,18.79778,75000203706368.0000000,Cook_Inlet_75000200015320.0
204,15898075,953525.000000000000000,0.000000000000000,5.658365,75000203706368.0000000,Cook_Inlet_75000200012046.0
205,79803900,28053375.000000000000000,0.000000000000000,26.00972,75000203706368.0000000,Cook_Inlet_75000200002162.0
206,16090450,1587075.000000000000000,0.000000000000000,8.977925,75000203706368.0000000,Cook_Inlet_75000200011392.0
207,184386375,47871425.000000000000000,0.000000000000000,20.61133,75000203706368.0000000,Cook_Inlet_75000200000278.0
208,58452700,10500750.000000000000000,0.000000000000000,15.22875,75000203706368.0000000,Cook_Inlet_75000200018259.0
209,244477475,59624725.000000000000000,0.000000000000000,19.60681,75000203706368.0000000,Cook_Inlet_75000200005444.0
210,24297800,3963000.000000000000000,0.000000000000000,14.02296,75000203706368.0000000,Cook_Inlet_75000200018203.0
211,50684325,9208675.000000000000000,0.000000000000000,15.37521,75000203706368.0000000,Cook_Inlet_75000200018317.0
212,262488650,125674000.000000000000000,0.000000000000000,32.37663,75000203706368.0000000,Cook_Inlet_75000200000949.0
213,320636300,53286150.000000000000000,0.000000000000000,14.25059,75000203706368.0000000,Cook_Inlet_75000200013249.0
214,44103850,9134275.000000000000000,0.000000000000000,17.15739,75000203706368.0000000,Cook_Inlet_75000200013010.0
215,263025600,42881850.000000000000000,0.000000000000000,14.01792,75000203706368.0000000,Cook_Inlet_75000200000418.0
216,3185650,333450.000000000000000,0.000000000000000,9.475434,75000203706368.0000000,Cook_Inlet_75000200002552.0
217,475772275,112001225.000000000000000,0.000000000000000,19.05517,75000203706368.0000000,Cook_Inlet_75000200008508.0
218,3874875,71325.000000000000000,0.000000000000000,1.807435,75000203706368.0000000,Cook_Inlet_75000200007670.0
219,10103800,4559925.000000000000000,0.000000000000000,31.09663,75000203706368.0000000,Cook_Inlet_75000200008676.0
220,520283350,125487775.000000000000000,0.000000000000000,19.43224,75000203706368.0000000,Cook_Inlet_75000200018667.0
221,11622225,476500.000000000000000,0.000000000000000,3.938432,75000203706368.0000000,Cook_Inlet_75000200011572.0
222,12045425,692050.000000000000000,0.000000000000000,5.43318,75000203706368.0000000,Cook_Inlet_75000200011623.0
223,127062850,38740700.000000000000000,0.000000000000000,23.36542,75000203706368.0000000,Cook_Inlet_75000200019765.0
224,16293000,4786050.000000000000000,0.000000000000000,22.70525,75000203706368.0000000,Cook_Inlet_75000200016095.0
225,166656825,43048400.000000000000000,0.000000000000000,20.52805,75000203706368.0000000,Cook_Inlet_75000200014508.0
226,1428224575,317746100.000000000000000,0.000000000000000,18.19882,75000203706368.0000000,Cook_Inlet_75000200015883.0
227,8743225,835525.000000000000000,0.000000000000000,8.722693,75000203706368.0000000,Cook_Inlet_75000200014057.0
228,4710250,189450.000000000000000,0.000000000000000,3.866563,75000203706368.0000000,Cook_Inlet_75000200019263.0
229,251306550,54074450.000000000000000,0.000000000000000,17.70721,75000203706368.0000000,Cook_Inlet_75000200003896.0
230,57417075,12120100.000000000000000,0.000000000000000,17.42967,75000203706368.0000000,Cook_Inlet_75000200005619.0
231,212085075,48680075.000000000000000,0.000000000000000,18.66817,75000203706368.0000000,Cook_Inlet_75000200014207.0
232,37469042800,12669334900.000000000000000,0.000000000000000,25.26874,75000203706368.0000000,Cook_Inlet_75000200007927.0
233,43018050,13026050.000000000000000,0.000000000000000,23.2425,75000203706368.0000000,Cook_Inlet_75000200011034.0
234,1370409475,305567550.000000000000000,0.000000000000000,18.2322,75000203706368.0000000,Cook_Inlet_75000200015882.0
235,568406475,139045075.000000000000000,0.000000000000000,19.65436,75000203706368.0000000,Cook_Inlet_75000200016094.0
236,50493750,19199950.000000000000000,0.000000000000000,27.54905,75000203706368.0000000,Cook_Inlet_75000200008452.0
237,296413950,54101775.000000000000000,0.000000000000000,15.43491,75005303980032.0000000,Cook_Inlet_75005300022831.0
238,234170075,67874925.000000000000000,0.000000000000000,22.47179,75005303980032.0000000,Cook_Inlet_75005300011378.0
239,201184675,81278050.000000000000000,0.000000000000000,28.77479,75005396254720.0000000,Cook_Inlet_75005400001203.0
240,27218225,2272025.000000000000000,0.000000000000000,7.704326,75005396254720.0000000,Cook_Inlet_75005400029139.0
241,9049550,1731775.000000000000000,0.000000000000000,16.06273,75005396254720.0000000,Cook_Inlet_75005400013272.0
242,5144025,2100450.000000000000000,0.000000000000000,28.99382,75019799494656.0000000,Copper_River_75019800000406.0
243,429818425,131853025.000000000000000,0.000000000000000,23.47512,75019799494656.0000000,Copper_River_75019800010313.0
244,31217200,3951975.000000000000000,0.000000000000000,11.23704,75019799494656.0000000,Copper_River_75019800014348.0
245,12245450,479300.000000000000000,0.000000000000000,3.766675,75019799494656.0000000,Copper_River_75019800001957.0
246,1398974050,224045125.000000000000000,0.000000000000000,13.80422,75019799494656.0000000,Copper_River_75019800019692.0
247,3659313750,891848100.000000000000000,0.000000000000000,19.59605,75019598168064.0000000,Copper_River_75019600118138.0
248,309286750,61125825.000000000000000,0.000000000000000,16.50209,75019698831360.0000000,Copper_River_75019700004190.0
249,30114575,3413300.000000000000000,0.000000000000000,10.18048,75019698831360.0000000,Copper_River_75019700004084.0
250,590558025,109810925.000000000000000,0.000000000000000,15.67901,75019698831360.0000000,Copper_River_75019700017692.0
251,92301725,49442825.000000000000000,0.000000000000000,34.88164,75019698831360.0000000,Copper_River_75019700001794.0
252,22716500,5420225.000000000000000,0.000000000000000,19.26388,75019698831360.0000000,Copper_River_75019700003889.0
253,38891239550,12209138800.000000000000000,0.000000000000000,23.89246,75003903082496.0000000,Copper_River_75003900062338.0
254,44269000,9756600.000000000000000,0.000000000000000,18.05922,75003903082496.0000000,Copper_River_75003900033524.0
255,45679575,6455025.000000000000000,0.000000000000000,12.38146,75003903082496.0000000,Copper_River_75003900054316.0
256,3235425,185450.000000000000000,0.000000000000000,5.421128,75003903082496.0000000,Copper_River_75003900055039.0
257,5976300,2027175.000000000000000,0.000000000000000,25.32869,75003903082496.0000000,Copper_River_75003900023942.0
258,4850850,332675.000000000000000,0.000000000000000,6.41793,75003903082496.0000000,Copper_River_75003900058380.0
259,1764500,328275.000000000000000,0.000000000000000,15.68611,75003903082496.0000000,Copper_River_75003900028507.0
260,17549100,3348100.000000000000000,0.000000000000000,16.02176,75003903082496.0000000,Copper_River_75003900027489.0
261,4483750,663075.000000000000000,0.000000000000000,12.88319,75003903082496.0000000,Copper_River_75003900044936.0
262,596250,129250.000000000000000,0.000000000000000,17.8153,75003903082496.0000000,Copper_River_75003900023855.0
263,5075875,963650.000000000000000,0.000000000000000,15.95572,75003903082496.0000000,Copper_River_75003900044738.0
264,171050,27300.000000000000000,0.000000000000000,13.76355,75003903082496.0000000,Copper_River_75003900055694.0
265,2929825,930800.000000000000000,0.000000000000000,24.11009,75003903082496.0000000,Copper_River_75003900023674.0
266,14410975,7729550.000000000000000,0.000000000000000,34.91132,75003903082496.0000000,Copper_River_75003900062264.0
267,5540825,1767450.000000000000000,0.000000000000000,24.18423,75003903082496.0000000,Copper_River_75003900055316.0
268,4644150,1060125.000000000000000,0.000000000000000,18.58475,75003903082496.0000000,Copper_River_75003900039073.0
269,1319425,274300.000000000000000,0.000000000000000,17.21125,75003903082496.0000000,Copper_River_75003900027771.0
270,2740267200,525002100.000000000000000,0.000000000000000,16.07837,1023044.0000000,Bristol_Bay_1023044.0
271,907886700,280946900.000000000000000,0.000000000000000,23.63215,2041471.0000000,Bristol_Bay_2041471.0
272,232001900,73925500.000000000000000,0.000000000000000,24.16439,2065755.0000000,Bristol_Bay_2065755.0
273,9961100,3008700.000000000000000,0.000000000000000,23.19774,2065914.0000000,Bristol_Bay_2065914.0
274,24412500,5290000.000000000000000,0.000000000000000,17.80995,2066924.0000000,Bristol_Bay_2066924.0
275,203628600,111683400.000000000000000,0.000000000000000,35.41996,2066955.0000000,Bristol_Bay_2066955.0
276,52179300,10550900.000000000000000,0.000000000000000,16.81949,2067494.0000000,Bristol_Bay_2067494.0
277,3587700,1562200.000000000000000,0.000000000000000,30.33457,2068072.0000000,Bristol_Bay_2068072.0
278,79406000,14130900.000000000000000,0.000000000000000,15.1073,2068584.0000000,Bristol_Bay_2068584.0
279,9268700,8572600.000000000000000,0.000000000000000,48.04919,2070402.0000000,Bristol_Bay_2070402.0
280,127582900,27493200.000000000000000,0.000000000000000,17.72884,2071934.0000000,Bristol_Bay_2071934.0
281,15697900,740200.000000000000000,0.000000000000000,4.502954,2072993.0000000,Bristol_Bay_2072993.0
282,246489200,85222800.000000000000000,0.000000000000000,25.6918,2073464.0000000,Bristol_Bay_2073464.0
283,171053500,50124300.000000000000000,0.000000000000000,22.66245,2074424.0000000,Bristol_Bay_2074424.0
284,92469200,17682700.000000000000000,0.000000000000000,16.05301,2078232.0000000,Bristol_Bay_2078232.0
285,93849000,18256400.000000000000000,0.000000000000000,16.28503,2078282.0000000,Bristol_Bay_2078282.0
286,626490200,217349200.000000000000000,0.000000000000000,25.75718,2082373.0000000,Bristol_Bay_2082373.0
287,627048500,217547500.000000000000000,0.000000000000000,25.75758,2082393.0000000,Bristol_Bay_2082393.0
288,35095200,18352700.000000000000000,0.000000000000000,34.33755,2084713.0000000,Bristol_Bay_2084713.0
289,1940911000,724580800.000000000000000,0.000000000000000,27.18376,2085642.0000000,Bristol_Bay_2085642.0
290,2096487600,767610700.000000000000000,0.000000000000000,26.80113,2085962.0000000,Bristol_Bay_2085962.0
291,5664374500,1928094400.000000000000000,0.000000000000000,25.39483,2087913.0000000,Bristol_Bay_2087913.0
292,6433937000,2171692000.000000000000000,0.000000000000000,25.23571,2088163.0000000,Bristol_Bay_2088163.0
293,6487596300,2181577600.000000000000000,0.000000000000000,25.16477,2088253.0000000,Bristol_Bay_2088253.0
294,417873800,74165700.000000000000000,0.000000000000000,15.07312,2088326.0000000,Bristol_Bay_2088326.0
295,220412800,49257800.000000000000000,0.000000000000000,18.26591,2088586.0000000,Bristol_Bay_2088586.0
296,116279900,32429200.000000000000000,0.000000000000000,21.80714,3023044.0000000,Bristol_Bay_3023044.0
297,5024261500,1729972600.000000000000000,0.000000000000000,25.61316,3024343.0000000,Bristol_Bay_3024343.0
298,534028300,247446500.000000000000000,0.000000000000000,31.66404,3030955.0000000,Bristol_Bay_3030955.0
299,51208200,31984300.000000000000000,0.000000000000000,38.44613,3033666.0000000,Bristol_Bay_3033666.0
300,189873600,83234000.000000000000000,0.000000000000000,30.47663,3033956.0000000,Bristol_Bay_3033956.0
301,52052800,27197500.000000000000000,0.000000000000000,34.31848,3034126.0000000,Bristol_Bay_3034126.0
302,357100,46300.000000000000000,0.000000000000000,11.47744,4000885.0000000,Bristol_Bay_4000885.0
303,1151200,57300.000000000000000,0.000000000000000,4.741415,4020194.0000000,Bristol_Bay_4020194.0
304,918400,169000.000000000000000,0.000000000000000,15.54166,4021055.0000000,Bristol_Bay_4021055.0
305,5232200,745600.000000000000000,0.000000000000000,12.47282,4046617.0000000,Bristol_Bay_4046617.0
306,1950000,275600.000000000000000,0.000000000000000,12.38318,4048046.0000000,Bristol_Bay_4048046.0
307,1692100,1396200.000000000000000,0.000000000000000,45.20934,4051055.0000000,Bristol_Bay_4051055.0
308,2623100,690900.000000000000000,0.000000000000000,20.84792,4051056.0000000,Bristol_Bay_4051056.0
309,3032200,267200.000000000000000,0.000000000000000,8.098442,4051616.0000000,Bristol_Bay_4051616.0
310,4753100,623400.000000000000000,0.000000000000000,11.5949,4052076.0000000,Bristol_Bay_4052076.0
311,18375800,7501100.000000000000000,0.000000000000000,28.98763,4054120.0000000,Bristol_Bay_4054120.0
312,126332800,50133800.000000000000000,0.000000000000000,28.4098,4054200.0000000,Bristol_Bay_4054200.0
313,7602900,1442900.000000000000000,0.000000000000000,15.95105,4055337.0000000,Bristol_Bay_4055337.0
314,5202700,1883900.000000000000000,0.000000000000000,26.58397,4059016.0000000,Bristol_Bay_4059016.0
315,8348600,3617600.000000000000000,0.000000000000000,30.23182,4059736.0000000,Bristol_Bay_4059736.0
316,6438300,2751200.000000000000000,0.000000000000000,29.93852,4060036.0000000,Bristol_Bay_4060036.0
317,7143400,1991900.000000000000000,0.000000000000000,21.80443,4061136.0000000,Bristol_Bay_4061136.0
318,10664400,5509100.000000000000000,0.000000000000000,34.06251,4063196.0000000,Bristol_Bay_4063196.0
319,4139300,2639700.000000000000000,0.000000000000000,38.93937,4063775.0000000,Bristol_Bay_4063775.0
320,2178800,315000.000000000000000,0.000000000000000,12.63133,4064055.0000000,Bristol_Bay_4064055.0
321,4559700,4104500.000000000000000,0.000000000000000,47.3731,4064845.0000000,Bristol_Bay_4064845.0
322,1847400,19300.000000000000000,0.000000000000000,1.03391,4068584.0000000,Bristol_Bay_4068584.0
323,6080200,3263700.000000000000000,0.000000000000000,34.92867,4069455.0000000,Bristol_Bay_4069455.0
324,9091100,1820600.000000000000000,0.000000000000000,16.68484,4069495.0000000,Bristol_Bay_4069495.0
325,13901200,2835000.000000000000000,0.000000000000000,16.93933,4069586.0000000,Bristol_Bay_4069586.0
326,85417500,20269600.000000000000000,0.000000000000000,19.17888,4071036.0000000,Bristol_Bay_4071036.0
327,112233000,25928300.000000000000000,0.000000000000000,18.76669,4071256.0000000,Bristol_Bay_4071256.0
328,8848300,1439300.000000000000000,0.000000000000000,13.99063,4071625.0000000,Bristol_Bay_4071625.0
329,13310100,2563700.000000000000000,0.000000000000000,16.15051,4073375.0000000,Bristol_Bay_4073375.0
330,2952100,189100.000000000000000,0.000000000000000,6.019992,4074184.0000000,Bristol_Bay_4074184.0
331,19638400,2746000.000000000000000,0.000000000000000,12.26747,4074505.0000000,Bristol_Bay_4074505.0
332,68298300,26568300.000000000000000,0.000000000000000,28.00596,4074726.0000000,Bristol_Bay_4074726.0
333,22278800,3695000.000000000000000,0.000000000000000,14.22587,4075225.0000000,Bristol_Bay_4075225.0
334,8210400,1334200.000000000000000,0.000000000000000,13.97858,4075474.0000000,Bristol_Bay_4075474.0
335,15390900,7950700.000000000000000,0.000000000000000,34.06236,4075715.0000000,Bristol_Bay_4075715.0
336,25982200,12059000.000000000000000,0.000000000000000,31.69984,4076505.0000000,Bristol_Bay_4076505.0
337,42872800,9607400.000000000000000,0.000000000000000,18.30671,4076575.0000000,Bristol_Bay_4076575.0
338,15674800,6681600.000000000000000,0.000000000000000,29.88674,4076675.0000000,Bristol_Bay_4076675.0
339,22814100,7841300.000000000000000,0.000000000000000,25.57885,4078235.0000000,Bristol_Bay_4078235.0
340,59461500,20930800.000000000000000,0.000000000000000,26.03583,4080045.0000000,Bristol_Bay_4080045.0
341,129277000,35007200.000000000000000,0.000000000000000,21.30893,4080875.0000000,Bristol_Bay_4080875.0
342,2074800,201700.000000000000000,0.000000000000000,8.860092,4082225.0000000,Bristol_Bay_4082225.0
343,54171800,19106600.000000000000000,0.000000000000000,26.07399,4084351.0000000,Bristol_Bay_4084351.0
344,65255800,15601700.000000000000000,0.000000000000000,19.2953,4084915.0000000,Bristol_Bay_4084915.0
345,1070766200,263552000.000000000000000,0.000000000000000,19.75181,4086795.0000000,Bristol_Bay_4086795.0
346,919876300,254932800.000000000000000,0.000000000000000,21.69993,4087015.0000000,Bristol_Bay_4087015.0
347,8580700,1726200.000000000000000,0.000000000000000,16.748,4087224.0000000,Bristol_Bay_4087224.0
348,1754415300,461774200.000000000000000,0.000000000000000,20.8364,4088675.0000000,Bristol_Bay_4088675.0
349,15564900,4676600.000000000000000,0.000000000000000,23.10402,4089074.0000000,Bristol_Bay_4089074.0
350,9941300,946200.000000000000000,0.000000000000000,8.690701,4089384.0000000,Bristol_Bay_4089384.0
351,10278300,698800.000000000000000,0.000000000000000,6.36598,4089394.0000000,Bristol_Bay_4089394.0
352,13930000,1473600.000000000000000,0.000000000000000,9.566595,4089574.0000000,Bristol_Bay_4089574.0
353,24696300,11301700.000000000000000,0.000000000000000,31.39536,4091164.0000000,Bristol_Bay_4091164.0
354,19065300,6567600.000000000000000,0.000000000000000,25.62176,4091424.0000000,Bristol_Bay_4091424.0
355,18102000,4058800.000000000000000,0.000000000000000,18.31522,4092244.0000000,Bristol_Bay_4092244.0
356,32920000,8387300.000000000000000,0.000000000000000,20.30464,4093084.0000000,Bristol_Bay_4093084.0
357,137196600,49351300.000000000000000,0.000000000000000,26.45503,4095301.0000000,Bristol_Bay_4095301.0
358,29742000,5799100.000000000000000,0.000000000000000,16.3166,4095374.0000000,Bristol_Bay_4095374.0
359,25075900,5147200.000000000000000,0.000000000000000,17.03068,4096064.0000000,Bristol_Bay_4096064.0
360,52103000,11235400.000000000000000,0.000000000000000,17.73869,4096454.0000000,Bristol_Bay_4096454.0
361,71856700,25168500.000000000000000,0.000000000000000,25.94017,4098114.0000000,Bristol_Bay_4098114.0
362,139830100,37928300.000000000000000,0.000000000000000,21.33699,4098704.0000000,Bristol_Bay_4098704.0
363,207325800,89081000.000000000000000,0.000000000000000,30.05363,4099594.0000000,Bristol_Bay_4099594.0
364,215473000,57805200.000000000000000,0.000000000000000,21.15251,4099694.0000000,Bristol_Bay_4099694.0
365,3103571300,825871700.000000000000000,0.000000000000000,21.01753,4101123.0000000,Bristol_Bay_4101123.0
366,16185100,3395100.000000000000000,0.000000000000000,17.33945,4101274.0000000,Bristol_Bay_4101274.0
367,104476900,20813200.000000000000000,0.000000000000000,16.61201,4102124.0000000,Bristol_Bay_4102124.0
368,344955800,75154800.000000000000000,0.000000000000000,17.88929,4104574.0000000,Bristol_Bay_4104574.0
369,539982100,152809100.000000000000000,0.000000000000000,22.05702,4105204.0000000,Bristol_Bay_4105204.0
370,79192900,28836900.000000000000000,0.000000000000000,26.69347,4105574.0000000,Bristol_Bay_4105574.0
371,211305500,57256600.000000000000000,0.000000000000000,21.31969,4105844.0000000,Bristol_Bay_4105844.0
372,135323800,40117600.000000000000000,0.000000000000000,22.86667,4106904.0000000,Bristol_Bay_4106904.0
373,7179786100,2220520400.000000000000000,0.000000000000000,23.62179,4107464.0000000,Bristol_Bay_4107464.0
374,696134800,210333500.000000000000000,0.000000000000000,23.20362,4115672.0000000,Bristol_Bay_4115672.0
375,123561700,38783300.000000000000000,0.000000000000000,23.88943,5008707.0000000,Bristol_Bay_5008707.0
376,277114000,68159500.000000000000000,0.000000000000000,19.74073,5020796.0000000,Bristol_Bay_5020796.0
377,313480200,80558200.000000000000000,0.000000000000000,20.44425,5021476.0000000,Bristol_Bay_5021476.0
378,62133600,11488500.000000000000000,0.000000000000000,15.60469,5030363.0000000,Bristol_Bay_5030363.0
379,29981700,14474900.000000000000000,0.000000000000000,32.55962,5030704.0000000,Bristol_Bay_5030704.0
380,56972100,17861700.000000000000000,0.000000000000000,23.86849,5032474.0000000,Bristol_Bay_5032474.0
381,183234300,64703400.000000000000000,0.000000000000000,26.09664,5033094.0000000,Bristol_Bay_5033094.0
382,1037575300,294462000.000000000000000,0.000000000000000,22.10614,5034893.0000000,Bristol_Bay_5034893.0
383,354648600,98174200.000000000000000,0.000000000000000,21.68049,5038375.0000000,Bristol_Bay_5038375.0
384,59374100,21577800.000000000000000,0.000000000000000,26.65509,48267.0000000,Kodiak_48267
385,221868200,72658500.000000000000000,0.000000000000000,24.66958,49617.0000000,Kodiak_49617
386,36995200,12470800.000000000000000,0.000000000000000,25.21085,50197.0000000,Kodiak_50197
387,46729200,17231700.000000000000000,0.000000000000000,26.94099,64593.0000000,Kodiak_64593
388,3194700,1407900.000000000000000,0.000000000000000,30.58923,72144.0000000,Kodiak_72144
389,20241600,11028800.000000000000000,0.000000000000000,35.26913,76954.0000000,Kodiak_76954
390,40408000,14784300.000000000000000,0.000000000000000,26.78689,77794.0000000,Kodiak_77794
391,5497500,2424900.000000000000000,0.000000000000000,30.60815,90346.0000000,Kodiak_90346
392,7172100,3808900.000000000000000,0.000000000000000,34.68628,93176.0000000,Kodiak_93176
393,7304800,2610800.000000000000000,0.000000000000000,26.33023,94216.0000000,Kodiak_94216
394,18424300,7130600.000000000000000,0.000000000000000,27.90306,97276.0000000,Kodiak_97276
395,10771600,4792100.000000000000000,0.000000000000000,30.79024,99516.0000000,Kodiak_99516
396,20744300,6572600.000000000000000,0.000000000000000,24.06056,100826.0000000,Kodiak_100826
397,16499500,9239200.000000000000000,0.000000000000000,35.89614,101556.0000000,Kodiak_101556
398,36051000,17193200.000000000000000,0.000000000000000,32.29122,103096.0000000,Kodiak_103096
399,51941900,18079200.000000000000000,0.000000000000000,25.81964,103196.0000000,Kodiak_103196
400,48407200,15854400.000000000000000,0.000000000000000,24.67165,103296.0000000,Kodiak_103296
401,49291500,15963100.000000000000000,0.000000000000000,24.4628,103456.0000000,Kodiak_103456
402,49603700,9218100.000000000000000,0.000000000000000,15.67123,103496.0000000,Kodiak_103496
403,139906500,45408700.000000000000000,0.000000000000000,24.50349,106626.0000000,Kodiak_106626
404,139986400,45526500.000000000000000,0.000000000000000,24.54088,106676.0000000,Kodiak_106676
405,337805300,94083300.000000000000000,0.000000000000000,21.78416,107796.0000000,Kodiak_107796
406,365731800,102282100.000000000000000,0.000000000000000,21.8545,107816.0000000,Kodiak_107816
407,403936000,116293400.000000000000000,0.000000000000000,22.35425,108356.0000000,Kodiak_108356
408,75371500,28411600.000000000000000,0.000000000000000,27.37594,128685.0000000,Kodiak_128685
409,202637000,75217800.000000000000000,0.000000000000000,27.0709,129955.0000000,Kodiak_129955
410,318937900,112270200.000000000000000,0.000000000000000,26.0362,130295.0000000,Kodiak_130295
411,445727100,160002700.000000000000000,0.000000000000000,26.41486,130735.0000000,Kodiak_130735
412,10389600,2797500.000000000000000,0.000000000000000,21.21391,18457.0000000,Prince_William_Sound_18457.0
413,3100800,1942600.000000000000000,0.000000000000000,38.51767,26464.0000000,Prince_William_Sound_26464.0
414,4322200,440000.000000000000000,0.000000000000000,9.239428,28086.0000000,Prince_William_Sound_28086.0
415,11536200,7239400.000000000000000,0.000000000000000,38.55749,29854.0000000,Prince_William_Sound_29854.0
416,5989400,2966600.000000000000000,0.000000000000000,33.12416,30884.0000000,Prince_William_Sound_30884.0
417,624900,264800.000000000000000,0.000000000000000,29.76284,31865.0000000,Prince_William_Sound_31865.0
418,2413100,1715300.000000000000000,0.000000000000000,41.54878,36645.0000000,Prince_William_Sound_36645.0
419,4419600,1381200.000000000000000,0.000000000000000,23.81051,37815.0000000,Prince_William_Sound_37815.0
420,3407700,294600.000000000000000,0.000000000000000,7.957216,38993.0000000,Prince_William_Sound_38993.0
421,9764900,3146300.000000000000000,0.000000000000000,24.36876,40285.0000000,Prince_William_Sound_40285.0
422,3747000,2099400.000000000000000,0.000000000000000,35.90928,41515.0000000,Prince_William_Sound_41515.0
423,10776300,2020200.000000000000000,0.000000000000000,15.78713,42563.0000000,Prince_William_Sound_42563.0
424,14070300,1741900.000000000000000,0.000000000000000,11.01618,43055.0000000,Prince_William_Sound_43055.0
425,23015700,1470900.000000000000000,0.000000000000000,6.006959,43185.0000000,Prince_William_Sound_43185.0
426,28684300,4206900.000000000000000,0.000000000000000,12.79035,43933.0000000,Prince_William_Sound_43933.0
427,13954700,3277900.000000000000000,0.000000000000000,19.02151,43973.0000000,Prince_William_Sound_43973.0
428,42757600,8068400.000000000000000,0.000000000000000,15.87455,44553.0000000,Prince_William_Sound_44553.0
429,22243000,13224700.000000000000000,0.000000000000000,37.2866,44623.0000000,Prince_William_Sound_44623.0
430,2785100,512000.000000000000000,0.000000000000000,15.5288,46055.0000000,Prince_William_Sound_46055.0
