OBJECTID,SiteID,cat_ID_con,area_diff,lat,lon,site_max_acc,site_acc_sqKm,Area_km2,str_slope,str_ord,dist_coast_km
,CIK_48,Cook_Inlet_75005400001203,4.80027767002866E-03,59.11700688,-154.27915877,11297657,282.441425,282.44622527767,0.02196502,6,1.069478074945550
,CIK_47,Cook_Inlet_75005400013272,0.155799964941799,59.20923346,-154.18874822,427430,10.68575,10.8415499649418,0.00001,3,2.006187375000950
,CIK_18,Cook_Inlet_75004300006239,0.4278501025738,59.34301772,-151.91539743,2224120,55.603,56.0308501025738,0.00554397,3,1.076794604985550
,CIK_19,Cook_Inlet_75004300007331,0.510999832735592,59.38761083,-151.67965268,2760921,69.023025,69.5340248327356,0.01278971,3,0.703571915772582
,CIK3,Cook_Inlet_75004300002289,0.42072498404097,59.70990935,-151.69913485,309939,7.748475,8.16919998404097,0.00611858,3,3.744063756430010
,APU11,Cook_Inlet_75004300004304,0.549224861779976,59.71151063,-151.68758832,12849755,321.243875,321.79309986178,0.00577096,6,4.264655440477370
,CIK6,Cook_Inlet_75004300006376,3.58998783105022E-02,59.71682957,-151.64134162,1663768,41.5942,41.6300998783105,0.01043677,4,6.311896120590910
,APU8,Cook_Inlet_75004300002332,0.63099984688796,59.71731206,-151.64440277,12403865,310.096625,310.727624846888,0.0049174,6,6.245314849681520
,AR2,Cook_Inlet_75004300004341,1.49249102179851E-02,59.71834386,-151.64092021,10737665,268.441625,268.456549910218,0.00643801,6,6.457395768869740
,APU9,Cook_Inlet_75004300004254,3.93647482855204,59.74675797,-151.75262143,13733292,343.3323,347.268774828552,0.00750803,6,5.008464910596750
,PJ Mid,Cook_Inlet_75004300002278,0.26654998661142,59.75065265,-151.71314945,163149,4.078725,4.34527498661142,0.0112425,3,6.862533160174831
,PJ Lower,Cook_Inlet_75004300001207,0.494950020801301,59.75135225,-151.74692647,577636,14.4409,14.9358500208013,0.01619016,3,5.554635382095761
,CIK7,Cook_Inlet_75004300000311,5.01999666332935E-02,59.75139409,-151.50859985,2070466,51.76165,51.8118499666333,0.00759467,5,10.161268940195400
,15238984,Cook_Inlet_75004300004983,1.10011594439996E-03,59.75218336,-150.95558144,610411,15.260275,15.2613751159444,0.06700259,2,1.586026536460910
,CIK8,Cook_Inlet_75004300004452,5.82504911099591E-03,59.7527694,-151.51105398,6441594,161.03985,161.045675049111,0.00698696,5,10.361057260164701
,CIK1,Cook_Inlet_75004300000100,0.027099890473,59.75764824,-151.7798585,1157369,28.934225,28.961324890473,0.00990767,3,4.307513272101710
,SANC-1203-L,Cook_Inlet_75004300005437,6.18248921467703E-02,59.75828938,-151.58599041,371513,9.287825,9.34964989214677,0.01640347,3,11.859517927734499
,15238986,Cook_Inlet_75004300008012,1.6701999598852,59.76171648,-150.95515746,2309790,57.74475,59.4149499598852,0.00419574,3,1.318179308373370
,SANC,Cook_Inlet_75004300002207,6.96748051449845E-02,59.77150387,-151.83040056,15928978,398.22445,398.294124805145,0.00637575,6,1.766578322747640
,APU10,Cook_Inlet_75004300004192,0.368274740425932,59.7722471,-151.8363197,23256415,581.410375,581.778649740426,0.00223118,6,1.427939821160890
,APU1,Cook_Inlet_75004300004192,0.368274740425932,59.7723327,-151.83621132,23256415,581.410375,581.778649740426,0.00223118,6,1.430033856899710
,CIK_14,Cook_Inlet_75004300004192,0.368274740425932,59.77240359,-151.83597011,23256415,581.410375,581.778649740426,0.00223118,6,1.439283854382350
,NANC,Cook_Inlet_75004300001162,0.912874923640004,59.77478441,-151.82940266,7285345,182.133625,183.04649992364,0.00803024,5,1.717128962176450
,APU12,Cook_Inlet_75004300005245,3.90499372489899E-02,59.77858677,-151.8184912,7080923,177.023075,177.062124937249,0.00320175,5,2.231150501446820
,SANC-1203-M,Cook_Inlet_75004300006440,1.99955152470288E-04,59.77940134,-151.56596611,142106,3.55265,3.55284995515247,0.04530245,1,14.406088887338100
,SANC-1203-U,Cook_Inlet_75004300006440,1.99955152470288E-04,59.78078578,-151.53774361,142106,3.55265,3.55284995515247,0.04530245,1,13.822042248436000
,APU3,Cook_Inlet_75004300006312,0.550849975027006,59.79402202,-151.7515273,6150227,153.755675,154.306524975027,0.00472609,5,5.151499687087120
,APU5,Cook_Inlet_75004300002142,0.2766249378382,59.79419468,-151.72958476,2202623,55.065575,55.3421999378382,0.00888109,4,6.277516751445060
,CIK2,Cook_Inlet_75004300002142,0.2766249378382,59.79468706,-151.72804311,2202623,55.065575,55.3421999378382,0.00888109,4,6.337683357241750
,CIK_24,Cook_Inlet_75004300001906,4.15001207649937E-02,59.79848961,-151.05770372,3673147,91.828675,91.870175120765,0.01286969,4,0.634844485586496
,APU7,Cook_Inlet_75004300001288,5.81499989577949E-02,59.80039121,-151.63895829,1667049,41.676225,41.7343749989578,0.01148158,4,10.862471473590901
,15239070,Cook_Inlet_75004300006071,0.759949813863983,59.80090231,-150.88425592,8500656,212.5164,213.276349813864,0.00523912,4,2.157258421301920
,CIK4,Cook_Inlet_75004300005303,1.7620001069572,59.80951208,-151.72510999,3779256,94.4814,96.2434001069572,0.00086123,4,5.955027580860510
,APU6,Cook_Inlet_75004300007324,3.00029513411459E-04,59.81686259,-151.71431799,3561749,89.043725,89.0440250295134,0.00148898,4,6.269849996663600
,STAR-171-U,Cook_Inlet_75004300001210,0.29452506843073,59.83262375,-151.76104608,134218,3.35545,3.64997506843073,0.00374314,2,3.245971633080810
,STAR 171 Upper,Cook_Inlet_75004300000101,0.159350004099601,59.83939099,-151.78148085,403619,10.090475,10.2498250040996,0.01103163,2,1.936561390402290
,STAR-171-M,Cook_Inlet_75004300000101,0.159350004099601,59.84056194,-151.78313238,403619,10.090475,10.2498250040996,0.01103163,2,1.811656272872670
,STAR 171 Lower,Cook_Inlet_75004300000101,0.159350004099601,59.84492586,-151.78503996,403619,10.090475,10.2498250040996,0.01103163,2,1.577164855453920
,CIK_8,Cook_Inlet_75004300000105,1.12999713259967E-02,59.85046073,-151.78689109,4700380,117.5095,117.520799971326,0.00670645,4,1.313253145920700
,COTT-C,Cook_Inlet_75004300005352,8.96750208178005E-02,59.85258871,-151.66749072,2356247,58.906175,58.9958500208178,0.00288768,4,7.846691057834240
,STAR,Cook_Inlet_75004300004217,2.102874938799,59.85261223,-151.7932934,5193847,129.846175,131.949049938799,0.00615773,4,0.906392640825617
,COTT-A,Cook_Inlet_75004300003409,-0.465524954461371,59.8608056,-151.55445075,258057,6.451425,5.98590004553863,0.02944533,3,12.884000265448300
,NANC-44-L,Cook_Inlet_75004300003171,2.83749982693191E-02,59.8613736,-151.65835448,355448,8.8862,8.91457499826932,0.00305612,1,7.779112405435280
,APU2,Cook_Inlet_75004300003171,2.83749982693191E-02,59.86386089,-151.65752606,355448,8.8862,8.91457499826932,0.00305612,1,7.658377070884041
,STAR-69-L,Cook_Inlet_75004300005171,2.44000228995898E-02,59.86957585,-151.7294468,320969,8.024225,8.04862502289959,0.01088186,2,3.919891222284430
,COTT-W,Cook_Inlet_75004300003171,2.83749982693191E-02,59.87161236,-151.64249497,355448,8.8862,8.91457499826932,0.00305612,1,7.938281804710971
,NANC-44-M,Cook_Inlet_75004300003171,2.83749982693191E-02,59.87247404,-151.64227803,355448,8.8862,8.91457499826932,0.00305612,1,7.904970259136650
,STAR-69-M,Cook_Inlet_75004300005171,2.44000228995898E-02,59.87896915,-151.69344783,320969,8.024225,8.04862502289959,0.01088186,2,5.055212189513730
,NANC-44-U,Cook_Inlet_75004300003171,2.83749982693191E-02,59.88481485,-151.63192617,355448,8.8862,8.91457499826932,0.00305612,1,7.813849153547181
,STAR-69-U,Cook_Inlet_75004300002314,2.57999533812501E-02,59.88613609,-151.67586597,41445,1.036125,1.06192495338125,0.02302141,1,5.535887556092240
,STAR-A,Cook_Inlet_75004300003464,0.074925024920006,59.9112512,-151.49861462,1559389,38.984725,39.05965002492,0.00986751,4,14.019243170535599
,STAR-W,Cook_Inlet_75004300002352,1.75021105535023E-04,59.92834668,-151.62731746,22881,0.572025,0.572200021105535,0.01319037,1,6.573746186107040
,CIK_46,Cook_Inlet_75005400029139,0.14117498857,59.98196467,-152.67602625,1173297,29.332425,29.47359998857,0.00623461,4,0.409339656226108
,CIK_15,Cook_Inlet_75004300004324,4.31249908669997E-02,60.03138156,-151.67118534,22834984,570.8746,570.917724990867,0.00382122,5,1.279181305634410
,15241600,Cook_Inlet_75004300004332,0.194849762600029,60.04834359,-151.66489441,13197169,329.929225,330.1240747626,0.00600703,5,0.319836034984872
,CIK_6,Cook_Inlet_75004300004332,0.194849762600029,60.04890159,-151.65848387,13197169,329.929225,330.1240747626,0.00600703,5,0.587911141893873
,CIK_20,Cook_Inlet_75004300000856,4.547871275364,60.19429543,-151.01134547,6094849,152.371225,156.919096275364,0.00729931,3,22.145464085209301
,CIK_21,Cook_Inlet_75004300006013,0.188900109818,60.2906003,-150.98492518,1784791,44.619775,44.808675109818,0.00024197,3,20.215760494959998
,CIK_9,Cook_Inlet_75004300004701,1.981950009603,60.31599816,-151.28453401,6107186,152.67965,154.661600009603,0.00238251,4,5.390857792985520
,15266110,Cook_Inlet_75004400003154,0.111050674610397,60.46641979,-150.60350287,128233036,3205.8259,3205.93695067461,0.00117799,6,30.888546963487901
,15266300,Cook_Inlet_75004400001498,3.60097470788969,60.47690852,-151.08189219,206209314,5155.23285,5158.83382470789,0.00115931,6,6.192691906351420
,CIK_12,Cook_Inlet_75004400010320,1.25999875311891E-02,60.48191352,-151.1302044,2656181,66.404525,66.4171249875312,0.00346937,3,4.322427539843300
,CIK_11,Cook_Inlet_75004400007385,1.051149857851,60.48901486,-151.04400524,4717698,117.94245,118.993599857851,0.00263804,3,6.969905297685920
,CIK_23,Cook_Inlet_75004400001568,-0.112375680208004,60.48976204,-150.86005871,14102351,352.558775,352.446399319792,0.00625725,4,16.543766640262302
,CIK_5,Cook_Inlet_75004400006041,1.56749075380276E-02,60.55706768,-150.73492504,25828693,645.717325,645.732999907538,0.00069487,5,23.453375622070002
,KWF1,Cook_Inlet_75004400008917,2.8250557190006E-03,60.56028048,-151.12582946,5062401,126.560025,126.562850055719,0.00181392,3,3.528637256704260
,BM1,Cook_Inlet_75004400008917,2.8250557190006E-03,60.56048044,-151.1255914,5062401,126.560025,126.562850055719,0.00181392,3,3.553157087775080
,CIK_10,Cook_Inlet_75004400008917,2.8250557190006E-03,60.56129101,-151.12484224,5062401,126.560025,126.562850055719,0.00181392,3,3.643932406823180
,BM2,Cook_Inlet_75004400008917,2.8250557190006E-03,60.57016328,-151.10334914,5062401,126.560025,126.562850055719,0.00181392,3,5.181680831527060
,BM3,Cook_Inlet_75004400001510,0.350725064797203,60.61536223,-151.08599115,3938880,98.472,98.8227250647972,0.00046049,3,9.741459777763421
,BM4,Cook_Inlet_75004400010402,5.6798250785339,60.64056123,-151.08392139,1666132,41.6533,47.3331250785339,0.00042156,2,12.284307327679901
,BM5,Cook_Inlet_75004400007388,12.2107499900558,60.64473549,-151.01756391,1253834,31.34585,43.5565999900558,0.00186732,3,14.540465172160701
,CIK_13,Cook_Inlet_75004400007387,2.1493249495381,60.76811408,-151.10328379,3755321,93.883025,96.0323499495381,0.00110072,3,1.753586367047080
,15238450,Cook_Inlet_75004200007057,6.42502504879925,60.1093333,-149.4546667,1727,0.043175,6.46820004879925,0.00001,3,1.022347640750030
,BM14,Cook_Inlet_75004400010810,0.167249965015799,60.31963816,-149.87901456,1351680,33.792,33.9592499650158,0.00031949,3,32.976841805004099
,BM13,Cook_Inlet_75004400009308,1.8737000223301,60.35947673,-149.89848919,2629060,65.7265,67.6002000223301,0.00460022,3,36.837875257913801
,BM12,Cook_Inlet_75004400001872,8.85750738799942E-02,60.39139469,-149.99155222,4039646,100.99115,101.07972507388,0.00001,3,42.979887610161697
,BM6,Cook_Inlet_75004400008856,0.722098057796387,60.40365807,-149.369588,3480119,87.002975,87.7250730577964,0.01666718,4,30.678224851874301
,KWF2,Cook_Inlet_75004400008856,0.722098057796387,60.40480742,-149.36222665,3480119,87.002975,87.7250730577964,0.01666718,4,30.841855804528400
,BM8,Cook_Inlet_75004400006846,0.012025191242401,60.41210402,-149.30784417,3156887,78.922175,78.9342001912424,0.00001,4,30.995403917062301
,BM7,Cook_Inlet_75004400008856,0.722098057796387,60.41394434,-149.3465441,3480119,87.002975,87.7250730577964,0.01666718,4,31.946840382102803
,BM11,Cook_Inlet_75004400004829,3.39995149400352E-03,60.42602338,-149.99571751,5021961,125.549025,125.552424951494,0.00001,4,45.913561152114596
,15260001,Cook_Inlet_75004400006357,2.3698250499538,60.43441201,-149.82419326,3231232,80.7808,83.1506250499538,0.05766539,5,40.803278430221901
,CIK_17,Cook_Inlet_75004400009144,1.06999458207895E-02,60.43909956,-150.20825489,2667232,66.6808,66.6914999458208,0.00001,2,52.830596570587204
,BM10,Cook_Inlet_75004400009260,1.78227493918399,60.4501513,-149.98757162,5681182,142.02955,143.811824939184,0.00001,4,47.643523507549098
,KWF3,Cook_Inlet_75004400009261,0.337649942007999,60.45306633,-149.98677195,5765815,144.145375,144.483024942008,0.01914164,4,47.865302461209602
,15261000,Cook_Inlet_75004400009331,0.305350040732009,60.47999677,-149.88352686,4953323,123.833075,124.138425040732,0.02712412,5,46.840552090329702
,BM9,Cook_Inlet_75004400010754,5.22248336610005E-02,60.48519866,-149.99659722,6554269,163.856725,163.908949833661,0.00518777,4,47.634158319442598
,USFS_Juneau Creek,Cook_Inlet_75004400002950,0.147600096825016,60.48763419,-149.87892563,5659344,141.4836,141.631200096825,0.05478862,4,47.414516972588800
,15258000,Cook_Inlet_75004400001952,6.85472562305995,60.49237365,-149.80974034,66673517,1666.837925,1673.69265062306,0.00001,6,45.935352333894699
,CIK_22,Cook_Inlet_75004400000576,1.19282542380597,60.492661,-149.70032254,11083004,277.0751,278.267925423806,0.00391263,5,43.438827523642601
,USFS_Crescent Creek,Cook_Inlet_75004400002041,2.80252931417095E-02,60.49783127,-149.68760118,3358413,83.960325,83.9883502931417,0.03550915,4,43.731294300896202
,USFS_Daves Creek,Cook_Inlet_75004400002951,0.463525002543705,60.50665933,-149.67642739,1474869,36.871725,37.3352500025437,0.00224683,3,44.453759514409406
,USFS_Quartz Creek,Cook_Inlet_75004400007948,1.13501128249993E-02,60.50815642,-149.68257623,5265917,131.647925,131.659275112825,0.00050533,5,44.721779133488006
,USFS_Chickaloon Headwaters,Cook_Inlet_75004400003452,-5.3570002166136,60.63277208,-149.88634016,828026,20.70065,15.3436497833864,0.00001,2,32.374392856736797
,USFS_Bench Creek,Cook_Inlet_75004400009919,2.42492394599481E-03,60.68679913,-149.23007339,2993152,74.8288,74.831224923946,0.00266432,4,19.388245497895500
,USFS_Center Creek,Cook_Inlet_75004400011322,3.82001032957007E-02,60.71600727,-149.28281498,2219294,55.48235,55.5205501032957,0.00698105,4,19.039282115149600
,CIK_7,Cook_Inlet_75004400003042,0.441400136463926,60.79210198,-151.01191241,27267885,681.697125,682.138525136464,0.00339911,4,0.875201352322483
,CIK_45,Cook_Inlet_75005300022831,0.788524904666019,61.1015652,-151.1906439,13989188,349.7297,350.518224904666,0.00263886,6,3.676424242730050
,CIK_44,Cook_Inlet_75005300011378,-0.125949710722011,61.26623818,-150.88389982,12093106,302.32765,302.201700289278,0.0019955,6,5.022437678652910
,CIK_42,Cook_Inlet_75000200012999,2.94732487975,61.44007325,-150.59653896,34291857,857.296425,860.24374987975,0.00027388,6,15.708681994476299
,15294350,Cook_Inlet_75000200007927,43953.4022003231,61.54684972,-150.51258323,247304151,6182.603775,50136.0059753231,0.00012716,9,27.895980414515300
,15294345,Cook_Inlet_75000600010189,-0.115700272401227,61.6992276,-150.64998999,631779244,15794.4811,15794.3653997276,0.00086372,8,44.364458268090104
,Kroto 8 Downstream,Cook_Inlet_75000200002920,2.73999899999922E-02,62.00468194,-150.44307779,15017407,375.435175,375.46257499,0.00171583,5,71.419842171107405
,Kroto 8 Tributary,Cook_Inlet_75000200010148,7.50322498994649E-05,62.01015922,-150.44281409,609033,15.225825,15.2259000322499,0.00103968,2,71.910826102674704
,Kroto 8 Upstream,Cook_Inlet_75000200008033,-15.44182505625,62.01030671,-150.44225467,14983879,374.596975,359.15514994375,0.00101817,5,71.907472887354501
,Kroto 7 Downstream,Cook_Inlet_75000200015680,-0.21530002275,62.04288759,-150.44867307,14039680,350.992,350.77669997725,0.0006323,5,75.081322228913294
,Kroto 7 Upstream,Cook_Inlet_75000200000411,-42.5249250425,62.0449317,-150.45126462,14033122,350.82805,308.3031249575,0.00075013,5,75.345845464696211
,Kroto 7 Tributary,Cook_Inlet_75000200005404,1.74998749997712E-04,62.04503373,-150.45195558,1692353,42.308825,42.30899999875,0.00041292,4,75.375726014162893
,Kroto 6 Downstream,Cook_Inlet_75000200010532,-0.013475011249966,62.06863516,-150.44176206,12181216,304.5304,304.51692498875,0.00079008,5,77.262717550606311
,Kroto 6 Tributary,Cook_Inlet_75000200005444,249.8317249645,62.06976422,-150.4393437,2174198,54.35495,304.1866749645,0.00052647,4,77.299136348038900
,Kroto 6 Upstream,Cook_Inlet_75000200000416,-0.214950052999001,62.07064443,-150.43927515,10004739,250.118475,249.903524947001,0.00107629,4,77.379459135304401
,OCC2,Cook_Inlet_75000200013010,0.273425020249697,62.07276889,-150.58488232,2120548,53.0137,53.2871250202497,0.00390653,3,81.920133554641410
,OCCT1,Cook_Inlet_75000200010359,6.55749842499902E-02,62.07489819,-150.5878339,136511,3.412775,3.47834998424999,0.00069533,2,82.202632397209214
,CIK_26,Cook_Inlet_75000200010144,0.468625026749805,62.07962344,-150.58328804,1961213,49.030325,49.4989500267498,0.00305871,2,82.485343891785490
,OCC1,Cook_Inlet_75000200010144,0.468625026749805,62.08047761,-150.58488372,1961213,49.030325,49.4989500267498,0.00305871,2,82.611422384318203
,Kroto 5 Downstream,Cook_Inlet_75000200000278,-9.69250875000114E-02,62.13039987,-150.53489947,9296439,232.410975,232.3140499125,0.00281056,4,85.686584919117408
,15294080,Cook_Inlet_75000200000278,-9.69250875000114E-02,62.13272835,-150.53879431,9296439,232.410975,232.3140499125,0.00281056,4,86.015110471917893
,OMCT5,Cook_Inlet_75000200005077,0.129924979250099,62.19053323,-150.49813222,894240,22.356,22.4859249792501,0.00731174,3,90.378480248550900
,OWL1,Cook_Inlet_75000200008009,1.24967249995223E-04,62.20377819,-150.47283075,1290550,32.26375,32.26387496725,0.00205328,3,91.010259312776199
,OMCT3,Cook_Inlet_75000200018203,2.42250910000017E-02,62.2044021,-150.4752135,1132092,28.3023,28.326525091,0.00723739,2,91.131271970117908
,OMCT4,Cook_Inlet_75000200005413,0.168950057750003,62.20444316,-150.4716896,2424074,60.60185,60.77080005775,0.00191414,3,91.046277902855806
,Moose 5 Tributary,Cook_Inlet_75000200018259,2.25074999903541E-04,62.20871261,-150.45069315,2759610,68.99025,68.9904750749999,0.00258157,3,90.939840895186990
,Moose 5 Downstream,Cook_Inlet_75000200000418,1.50757510425001,62.20878471,-150.44827116,12175795,304.394875,305.90245010425,0.00040864,5,90.885245296599791
,Moose 5 Upstream,Cook_Inlet_75000200005448,1.26822502274999,62.2089736,-150.45024439,9415397,235.384925,236.65315002275,0.00068342,5,90.953786099318407
,OMCT2,Cook_Inlet_75000200002552,0.19737496000007,62.212737,-150.47429565,135195,3.379875,3.57724996000007,0.01058143,1,91.921197737844992
,CIK_25,Cook_Inlet_75000200002930,1.36285007375,62.2285417,-150.443082,9336685,233.417125,234.77997507375,0.00095177,5,92.684409073909009
,Moose 4 Downstream,Cook_Inlet_75000200002934,1.27327507699999,62.23250156,-150.4476579,9187485,229.687125,230.960400077,0.00049217,5,93.185796140037795
,Moose 4 Tributary,Cook_Inlet_75000200015657,1.3383499730002,62.23273968,-150.44894005,1996406,49.91015,51.2484999730002,0.00476333,3,93.240872634632112
,Moose 4 Upstream,Cook_Inlet_75000200010538,-49.9798499005,62.23301659,-150.44829819,9187292,229.6823,179.7024500995,0.00350837,5,93.252123325057795
,OMCT1,Cook_Inlet_75000200008051,0.153350003,62.23761224,-150.44032785,121720,3.043,3.196350003,0.00327145,2,93.507424713640305
,Kroto 4 Downstream,Cook_Inlet_75000200007839,1.01959985400001,62.24855734,-150.6536575,6326713,158.167825,159.187424854,0.00001,4,100.103508388660998
,Kroto 4 Tributary,Cook_Inlet_75000200015469,-7.69750050000013E-02,62.25040899,-150.65601727,1746123,43.653075,43.576099995,0.00911151,3,100.343468126734990
,Kroto 4 Upstream,Cook_Inlet_75000200007639,-0.110550150499989,62.25079345,-150.6548105,4579086,114.47715,114.3665998495,0.00394432,3,100.346165019879010
,Moose 3 Downstream,Cook_Inlet_75000200010540,-6.85249164999959E-02,62.25145684,-150.44807684,6971594,174.28985,174.2213250835,0.00001,5,95.059355685368601
,Moose 3 Upstream,Cook_Inlet_75000200018266,-1.96498987500036E-02,62.25170679,-150.44379533,6330436,158.2609,158.24125010125,0.00154815,5,94.980399878320100
,Moose 3 Tributary,Cook_Inlet_75000200013179,2.4992000000168E-05,62.25184276,-150.4473519,637652,15.9413,15.941324992,0.00429724,3,95.079830123454414
,Kroto 3 Downstream,Cook_Inlet_75000200007639,-0.110550150499989,62.28922448,-150.61354352,4579086,114.47715,114.3665998495,0.00394432,3,102.902802437391003
,Kroto 3 Tributary,Cook_Inlet_75000200010344,4.99770000992328E-05,62.29147311,-150.61224,779526,19.48815,19.4881999770001,0.00792901,2,103.085740749905000
,Kroto 3 Upstream,Cook_Inlet_75000200002753,-0.110750176749605,62.29153587,-150.61293808,3197425,79.935625,79.8248748232504,0.00544483,3,103.109932538912005
,Moose 2 Downstream,Cook_Inlet_75000200010547,-2.54499382500057E-02,62.30130995,-150.44123689,5614484,140.3621,140.33665006175,0.00347364,5,99.850088983219493
,Moose 2 Tributary,Cook_Inlet_75000200018235,0.14097498724999,62.30220626,-150.44681935,108904,2.7226,2.86357498724999,0.00836118,2,100.067620262022004
,Moose 2 Upstream,Cook_Inlet_75000200013187,-6.99749430000054E-02,62.30225543,-150.44040439,5611167,140.279175,140.209200057,0.00490374,5,99.925688169340191
,Kroto 2 Downstream,Cook_Inlet_75000200002753,-0.110750176749605,62.30547073,-150.60535036,3197425,79.935625,79.8248748232504,0.00544483,3,104.263181485730001
,Kroto 2 Tributary,Cook_Inlet_75000200018069,1.74953000040112E-04,62.30655881,-150.60612399,229562,5.73905,5.73922495300004,0.0260861,2,104.388522190352006
,Kroto 2 Upstream,Cook_Inlet_75000200007852,-0.110625169249502,62.30666002,-150.60659269,2918311,72.957775,72.8471498307505,0.00343415,3,104.410288914845012
,Kroto 1 Downstream,Cook_Inlet_75000200000213,9.18248025004971E-02,62.31480801,-150.64055931,2792712,69.8178,69.9096248025005,0.00390589,3,106.072541119657004
,Moose 1 Top of Study,Cook_Inlet_75000200013185,0.397925074,62.31535011,-150.44901521,5586168,139.6542,140.052125074,0.00339127,5,101.433054316260993
,PMC2,Cook_Inlet_75000200013185,0.397925074,62.31558144,-150.44819639,5586168,139.6542,140.052125074,0.00339127,5,101.437655126498996
,Kroto 1 Tributary,Cook_Inlet_75000200000011,2.49867500201617E-05,62.31628825,-150.6426405,251665,6.291625,6.29164998675002,0.01016681,1,106.269382316049999
,Kroto 1 Upstream,Cook_Inlet_75000200007853,-0.1102001802495,62.31632929,-150.64219589,2538672,63.4668,63.3565998197505,0.00445219,3,106.261798896334000
,PMC1,Cook_Inlet_75000200013189,5.65500095001994E-02,62.31726021,-150.43802981,3806469,95.161725,95.2182750095002,0.00279349,4,101.376890643259003
,PWMC1,Cook_Inlet_75000200015695,0.307650060249799,62.31957342,-150.44339021,1737193,43.429825,43.7374750602498,0.00638067,4,101.729621790780001
,PMCT1,Cook_Inlet_75000200018235,0.14097498724999,62.31968038,-150.46320364,108904,2.7226,2.86357498724999,0.00836118,2,102.190109901116998
,PGC2,Cook_Inlet_75000200015584,2.7447250190001,62.32367795,-150.51944571,1097506,27.43765,30.1823750190001,0.00571714,3,103.907749039647001
,PGCT2,Cook_Inlet_75000200002806,0.87502500125002,62.32425428,-150.53738121,29152,0.7288,1.60382500125002,0.01295095,2,104.398772351022004
,PGC1,Cook_Inlet_75000200015587,1.3461999975001,62.32579792,-150.52124538,937488,23.4372,24.7833999975001,0.00780328,3,104.160354244735998
,PGCT1,Cook_Inlet_75000200007958,6.00000474992024E-03,62.32593153,-150.5194104,137905,3.447625,3.45362500474992,0.00955663,2,104.129520161509006
,PSM2,Cook_Inlet_75000200010391,1.9249000005001,62.33336833,-150.56581641,454568,11.3642,13.2891000005001,0.00482477,2,105.991904317754006
,PSMT1,Cook_Inlet_75000200013033,0.0661500264999,62.33644044,-150.56456373,74224,1.8556,1.9217500264999,0.00875117,1,106.261920733509001
,PSM1,Cook_Inlet_75000200005075,0.250674995000001,62.33704368,-150.57388733,287703,7.192575,7.443249995,0.00720037,2,106.551713902741000
,PKCT1,Cook_Inlet_75000200007870,2.48089997025001,62.34074858,-150.60524634,58974,1.47435,3.95524997025001,0.00346866,1,107.700114309246004
,PKCT2,Cook_Inlet_75000200000011,2.49867500201617E-05,62.34642869,-150.6495343,251665,6.291625,6.29164998675002,0.01016681,1,109.364541776296008
,PKC1,Cook_Inlet_75000200015505,8.23248385005044E-02,62.34787968,-150.62337585,2376146,59.40365,59.4859748385005,0.00338237,3,108.849207340837012
,PTC1,Cook_Inlet_75000200000010,2.93299999399986,62.354132,-150.66350445,223701,5.592525,8.52552499399986,0.01282192,2,110.467717799114013
,CIK_43,Cook_Inlet_75000600030148,0.634875001750004,62.38867832,-151.08140853,6769718,169.24295,169.87782500175,0.01295542,4,123.334986667060008
,15272380,Cook_Inlet_75004400011711,6.80517553555097,60.89726272,-148.9239093,14150449,353.761225,360.566400535551,0.00001,5,6.499218727995710
,CIK_16,Cook_Inlet_75004400000627,0.339099966523975,60.91783193,-149.64690822,16410005,410.250125,410.589224966524,0.00770806,5,0.514199253369126
,USFS_Resurrection Creek,Cook_Inlet_75004400000627,0.339099966523975,60.91812043,-149.64700397,16410005,410.250125,410.589224966524,0.00770806,5,0.487919348385123
,CIK_2,Cook_Inlet_75000100000059,0.668050120749903,61.08510578,-149.82389041,1410351,35.258775,35.9268251207499,0.02835564,4,0.862421181317423
,15274600,Cook_Inlet_75000100000004,3.01248920000035E-02,61.13884933,-149.92516209,6860036,171.5009,171.531024892,0.00299637,5,2.351192936264270
,CIK_4,Cook_Inlet_75000100000004,3.01248920000035E-02,61.13942059,-149.92196565,6860036,171.5009,171.531024892,0.00299637,5,2.531195956068710
,15274000,Cook_Inlet_75000100001919,0.776325015999902,61.16610586,-149.77320002,2886724,72.1681,72.9444250159999,0.0151977,4,8.920570734230699
,CIK_3,Cook_Inlet_75000100004336,0.404200001000007,61.20461225,-149.89659239,3218655,80.466375,80.870575001,0.00505491,4,1.444757179718360
,15276000,Cook_Inlet_75000100003094,3.79267493775001,61.22505253,-149.6372662,9231115,230.777875,234.57054993775,0.02151531,5,12.709453900265201
,CIK_1,Cook_Inlet_75000100002463,21.086400008,61.22717421,-149.83330459,11936120,298.403,319.489400008,0.00620661,5,3.000285977561780
,lsr28,Cook_Inlet_75000200018581,2.00077484500002,61.43742189,-150.17581891,32056081,801.402025,803.402799845,0.00059256,6,16.842467060439500
,CIK_38,Cook_Inlet_75000100000652,0.405250046000049,61.43784124,-149.78098996,12905737,322.643425,323.048675046,0.00643582,4,0.599510120306431
,lsr28.3,Cook_Inlet_75000200018581,2.00077484500002,61.44057231,-150.17231044,32056081,801.402025,803.402799845,0.00059256,6,16.804723957419903
,lsr33,Cook_Inlet_75000200000021,2.84087484124996,61.46629598,-150.14299578,31172224,779.3056,782.14647484125,0.00071545,6,16.811876853957699
,lsr33.8,Cook_Inlet_75000200000021,2.84087484124996,61.47000283,-150.14110164,31172224,779.3056,782.14647484125,0.00071545,6,16.964680043484801
,lsr33.1,Cook_Inlet_75000200016094,-3.00149250051618E-04,61.47228364,-150.13942701,28300983,707.524575,707.52427485075,0.00097517,6,17.041427190748898
,lstrb33,Cook_Inlet_75000200008452,3.12999867499997E-02,61.47289397,-150.13755568,2790542,69.76355,69.79484998675,0.00340402,3,17.001421214209099
,lstrb36,Cook_Inlet_75000200016095,0.252624940750099,61.4978908,-150.1358385,834197,20.854925,21.1075499407501,0.00283458,2,18.682391165649300
,CIK_0,Cook_Inlet_75000400014405,0.102749969750001,61.5105811,-149.03151882,641124,16.0281,16.13084996975,0.00299803,1,12.722846201232199
,15280999,Cook_Inlet_75000400014405,0.102749969750001,61.52348802,-149.04197303,641124,16.0281,16.13084996975,0.00299803,1,12.594144816891099
,CIK_31,Cook_Inlet_75000100003947,-2.07000774993986E-02,61.52545368,-149.52919865,3163035,79.075875,79.0551749225006,0.01884513,3,2.864635172612480
,CIK_32,Cook_Inlet_75000400000173,0.121199932000295,61.5289704,-148.93588035,3106906,77.67265,77.7938499320003,0.00001,5,18.161708736044599
,CIK_35,Cook_Inlet_75000100000981,1.67014995800001,61.5527809,-149.31646459,4332528,108.3132,109.983349958,0.007524,5,3.850259371366800
,lspap,Cook_Inlet_75000200011034,2.63750654999058E-02,61.55781922,-150.11394445,2241195,56.029875,56.0562500654999,0.00098097,2,22.638144875670900
,lsr48.3,Cook_Inlet_75000200008508,6.04985100005706E-03,61.55862915,-150.1109243,23514781,587.869525,587.875574851,0.00032873,6,22.555099136453499
,lsr48.1,Cook_Inlet_75000200018667,0.309099931249989,61.55987376,-150.11207284,25827492,645.6873,645.99639993125,0.00048397,6,22.683499350335602
,CIK_27,Cook_Inlet_75000100002523,-7.95748495000055E-02,61.56271475,-149.8244773,7292993,182.324825,182.2452501505,0.00023476,4,12.450498771805901
,lsr47,Cook_Inlet_75000200018667,0.309099931249989,61.56337749,-150.12482858,25827492,645.6873,645.99639993125,0.00048397,6,23.463707803921999
,lsr59,Cook_Inlet_75000200018882,0.745499886750054,61.60445937,-149.99198527,21971328,549.2832,550.02869988675,0.00111385,6,21.544126786860801
,15284000,Cook_Inlet_75000400009620,3.21962514374991,61.6086494,-149.07392694,212943660,5323.5915,5326.81112514375,0.00287868,8,16.666109292019399
,lsr67,Cook_Inlet_75000200007660,4.85002150003311E-03,61.61942324,-149.87161946,18158772,453.9693,453.9741500215,0.00090821,6,18.970072579888402
,lsr63.1,Cook_Inlet_75000200015320,6.70079994924993,61.6243338,-149.94470411,21597917,539.947925,546.64872494925,0.00075485,6,21.758594284124200
,lsr63.4,Cook_Inlet_75000200007660,4.85002150003311E-03,61.6247653,-149.9394466,18158772,453.9693,453.9741500215,0.00090821,6,21.636436478215202
,lsr73.2,Cook_Inlet_75000200013953,6.34998875000292E-03,61.62581726,-149.78941731,16508430,412.71075,412.71709998875,0.00057693,6,17.277034200800099
,lslak,Cook_Inlet_75000200013892,2.53249087504059E-02,61.62644393,-149.9371272,3426260,85.6565,85.6818249087504,0.00557505,3,21.720045748918000
,lsr73.1,Cook_Inlet_75000200013953,6.34998875000292E-03,61.62669905,-149.79143059,16508430,412.71075,412.71709998875,0.00057693,6,17.412855815367301
,lsr73,Cook_Inlet_75000200003732,1.48135002999999,61.6268821,-149.79374547,17226423,430.660575,432.14192503,0.00081367,6,17.486790835490702
,lscoh,Cook_Inlet_75000200011392,8.75007799970007E-03,61.62812784,-149.78756772,708679,17.716975,17.7257250779997,0.00658264,3,17.464263857805101
,15285000,Cook_Inlet_75000100004200,1.6560000037499,61.64306426,-149.198436,2230531,55.763275,57.4192750037499,0.0078788,5,15.432750180646101
,lsr87,Cook_Inlet_75000200008950,-9.75176749989259E-04,61.64634047,-149.58566705,13808623,345.215575,345.21459982325,0.00137463,6,16.569398733436902
,lsr89,Cook_Inlet_75000200003896,304.107424972,61.64752797,-149.53768889,52109,1.302725,305.410149972,0.00300869,6,15.996413676086000
,lsswi1,Cook_Inlet_75000200011572,5.13250882497989E-02,61.64980611,-149.5125865,483757,12.093925,12.1452500882498,0.02403598,4,15.843103613695602
,lstrb88,Cook_Inlet_75000200014057,0.303624967000109,61.65012609,-149.56471007,375430,9.38575,9.68937496700011,0.02176134,3,16.786580586156600
,lsmoo1,Cook_Inlet_75000200011623,0.5951249602502,61.65389007,-149.49901318,486270,12.15675,12.7518749602502,0.02107907,4,16.078084252015099
,lsr93rb,Cook_Inlet_75000200014207,6.86249552500158E-02,61.65527345,-149.46625551,10434559,260.863975,260.93259995525,0.00348808,6,15.847708233624301
,lsr93lb,Cook_Inlet_75000200014207,6.86249552500158E-02,61.6553097,-149.46614645,10434559,260.863975,260.93259995525,0.00348808,6,15.850343130061500
,lscoa,Cook_Inlet_75000200019263,-2.04227505099995,61.65624446,-149.47302858,278526,6.96315,4.92087494900005,0.03903951,3,16.037073077894298
,lstrb97,Cook_Inlet_75000200007670,1.70000152500598E-02,61.66429166,-149.38565782,157894,3.94735,3.96435001525006,0.03259462,4,15.980603366553201
,lsr100,Cook_Inlet_75000200014508,2.79190000399998,61.66700056,-149.33881881,8281796,207.0449,209.836800004,0.00427472,6,16.197331693538800
,lsgov,Cook_Inlet_75000200012046,2.1426750054998,61.66850772,-149.33310298,589718,14.74295,16.8856250054998,0.01180125,4,16.378028730049902
,lslak7,Cook_Inlet_75000200015319,6.2779749147504,61.6704846,-149.98419389,2050445,51.261125,57.5390999147504,0.00005443,3,27.100687573117600
,lsr103,Cook_Inlet_75000200019765,1.62749852500212E-02,61.67748276,-149.27134676,6635106,165.87765,165.89392498525,0.00526118,6,17.836446452462500
,CIK_37,Cook_Inlet_75000400014403,-0.13412507999999,61.68149137,-149.04449316,5223860,130.5965,130.46237492,0.02026859,4,23.474895016295100
,15283700,Cook_Inlet_75000400014403,-0.13412507999999,61.68434936,-149.0526615,5223860,130.5965,130.46237492,0.02026859,4,23.454107303762200
,lsnlt1,Cook_Inlet_75000200008734,6.26249037503008E-02,61.68596427,-149.97252461,802576,20.0644,20.1270249037503,0.01619633,2,28.111579929241302
,lslil,Cook_Inlet_75000200008676,0.273649972249999,61.70656855,-150.00073496,581484,14.5371,14.81074997225,0.00784127,2,30.848504254145400
,lsr112.5,Cook_Inlet_75000200004615,-5.03000407499883E-02,61.70959947,-149.23131566,6428534,160.71335,160.66304995925,0.02825176,6,21.841369047448200
,15290000,Cook_Inlet_75000200004615,-5.03000407499883E-02,61.70979694,-149.23151379,6428534,160.71335,160.66304995925,0.02825176,6,21.859487628482903
,CIK_28,Cook_Inlet_75000200015900,84.30267521775,61.74003947,-150.32003272,67571800,1689.295,1773.59767521775,0.0003565,6,44.276429962558495
,Deshka 6 Downstream,Cook_Inlet_75000200015883,81.8461001967501,61.75958618,-150.32791674,66559785,1663.994625,1745.84072519675,0.00081519,6,46.173510455777304
,CIK_36,Cook_Inlet_75000200011141,0.175224959000019,61.76134291,-150.03561605,6611605,165.290125,165.465349959,0.00339523,4,36.925769239346899
,Deshka 6 Tributary,Cook_Inlet_75000200005619,5.24948000204972E-04,61.76446356,-150.3413204,2786420,69.6605,69.6610249480002,0.00419783,3,47.049351107902403
,Deshka 6 Upstream,Cook_Inlet_75000200015882,81.8716752697501,61.76765744,-150.34050407,63761074,1594.02685,1675.89852526975,0.00111059,6,47.288008053272499
,lsr112,Cook_Inlet_75000200014914,-0.111850010499992,61.77358803,-149.20388675,4648753,116.218825,116.1069749895,0.0160787,6,29.096877998753101
,CIK_34,Cook_Inlet_75000200003312,2.01999820000083E-02,61.77865246,-150.14795933,26348783,658.719575,658.739774982,0.00094418,6,41.930885983375198
,15294005,Cook_Inlet_75000200011336,0.240825042500035,61.7795209,-149.88519827,17201842,430.04605,430.2868750425,0.01018418,6,34.839176072002900
,lsr112.2,Cook_Inlet_75000200002162,0.228699946999996,61.77978662,-149.19385421,4309038,107.72595,107.954649947,0.0225862,6,29.904713367598202
,lsarc,Cook_Inlet_75000200017518,4.6999537502046E-03,61.78210771,-149.18947684,1789921,44.748025,44.7527249537502,0.04983357,5,30.217244953756300
,lsr112.4,Cook_Inlet_75000200007305,0.172850013000001,61.78223357,-149.18792438,2495113,62.377825,62.550675013,0.02471472,5,30.253696262217701
,CIK_30,Cook_Inlet_75000200008551,3.74937999993108E-04,61.80967943,-150.09877072,15987086,399.67715,399.677524938,0.00205194,5,43.255924370366898
,15293700,Cook_Inlet_75000200008551,3.74937999993108E-04,61.80978235,-150.09732792,15987086,399.67715,399.677524938,0.00205194,5,43.223366517050401
,Deshka 5 Downstream,Cook_Inlet_75000200018331,84.4453252197502,61.84229102,-150.3886683,62372507,1559.312675,1643.75800021975,0.00024793,6,55.333039775083598
,Deshka 5 Tributary,Cook_Inlet_75000200005503,2.50432502042486E-05,61.84710088,-150.38456689,2910928,72.7732,72.7732250432502,0.00344269,3,55.628674784401497
,Deshka 4 Tributary,Cook_Inlet_75000200013319,82.184500237749,61.84839609,-150.37211867,11255151,281.378775,363.563275237749,0.00065477,4,55.336801347271802
,Deshka 4 Downstream,Cook_Inlet_75000200018332,81.8857752445001,61.84930793,-150.3792561,59434063,1485.851575,1567.7373502445,0.00001,6,55.654723764182101
,Deshka 4 Upstream,Cook_Inlet_75000200005532,-0.385675000499987,61.84937604,-150.37372087,48155032,1203.8758,1203.4901249995,0.00018857,6,55.474724058655497
,Deshka 3 Downstream,Cook_Inlet_75000200005504,0.728200029999925,61.88010418,-150.40398291,47547569,1188.689225,1189.41742503,0.00075967,6,59.135828254412196
,Deshka 3 Upstream,Cook_Inlet_75000200013237,-0.285249991499995,61.88308223,-150.39809827,38194262,954.85655,954.5713000085,0.00001,6,59.202924511796304
,Deshka 3 Tributary,Cook_Inlet_75000200000465,-0.102575003499993,61.88338929,-150.39959388,9340005,233.500125,233.3975499965,0.00001,4,59.278530310883504
,Deshka 2 Downstream,Cook_Inlet_75000200002984,0.156174986249994,61.90105112,-150.38918272,37680036,942.0009,942.15707498625,0.00150568,6,60.506137465092401
,Deshka 2 Upstream,Cook_Inlet_75000200003013,909.7975999955,61.90859119,-150.38021841,977,0.024425,909.8220249955,0.00001,6,60.874058764084602
,Deshka 2 Tributary,Cook_Inlet_75000200015782,1.24995375020021E-03,61.90957997,-150.38138872,1225977,30.649425,30.6506749537502,0.00392055,3,60.998567395591202
,Deshka 1 Downstream,Cook_Inlet_75000200013266,2.26782500449997,61.91516992,-150.37006308,36301124,907.5281,909.7959250045,0.00064694,6,61.121058437599601
,Deshka 1 Tributary,Cook_Inlet_75000200015860,9.9892750100139E-05,61.91622618,-150.36364084,1705954,42.64885,42.6489498927501,0.00848424,2,61.008622734027696
,Deshka 1 Upstream,Cook_Inlet_75000200003094,-0.286249862499972,61.91665808,-150.36401976,34592016,864.8004,864.5141501375,0.00085635,6,61.058951534955504
,15293200,Cook_Inlet_75000200018806,-8.24000535000096E-02,61.92393379,-150.07129892,36496678,912.41695,912.3345499465,0.00191332,6,53.593305610389400
,15292800,Cook_Inlet_75000200000949,-5.59250082499716E-02,62.10438697,-150.05970892,15535339,388.383475,388.32754999175,0.00420836,5,71.896339942587389
,CIK_33,Cook_Inlet_75000200006065,1.30952499074999,62.12824004,-150.01993081,15207665,380.191625,381.50114999075,0.00630285,5,73.772220996485004
,Moose 8 Downstream,Cook_Inlet_75000200003107,0.52305016400004,62.16515078,-150.36914364,16521117,413.027925,413.550975164,0.00125465,5,84.639067010738302
,Moose 8 Tributary,Cook_Inlet_75000200010712,7.50887496998587E-05,62.16719118,-150.36742721,716316,17.9079,17.9079750887497,0.00306611,2,84.797011358537802
,Moose 8 Upstream,Cook_Inlet_75000200015867,1.26727508275002,62.16753061,-150.36782208,15773940,394.3485,395.61577508275,0.00289745,5,84.840073465000600
,Moose 7 Downstream,Cook_Inlet_75000200005575,1.26902509125,62.17027747,-150.38058285,15736256,393.4064,394.67542509125,0.00119234,5,85.425245120375607
,Moose 7 Upstream,Cook_Inlet_75000200005573,1.26782517750001,62.17115014,-150.38194371,15015995,375.399875,376.6677001775,0.00119142,5,85.544553219547311
,Moose 7 Tributary,Cook_Inlet_75000200003070,1.42491050030102E-03,62.1712662,-150.3809788,719617,17.990425,17.9918499105003,0.00067427,2,85.531932675262595
,15292780,Cook_Inlet_75000200013536,28188.0299500017,62.17554453,-150.17434781,19186776,479.6694,28667.6993500017,0.00025124,8,81.412311660017807
,Moose 6 Downstream,Cook_Inlet_75000200013249,61.22262513575,62.18816272,-150.39902364,12508631,312.715775,373.93840013575,0.00076959,5,87.635371331175705
,Moose 6 Tributary,Cook_Inlet_75000200018317,2.50157497063697E-05,62.18897446,-150.3977686,2398643,59.966075,59.9661000157497,0.00491426,4,87.683836736418797
,Moose 6 Upstream,Cook_Inlet_75000200008110,1.26705013099996,62.18997058,-150.40133794,12414218,310.35545,311.622500131,0.00106866,5,87.869933903675701
,CIK_29,Cook_Inlet_75000200018577,19.5452999330003,62.26533578,-150.18493875,2654191,66.354775,85.9000749330003,0.00131937,3,90.981625585824105
,PNCT1,Cook_Inlet_75000200005606,4.82749909999516E-02,62.30979579,-150.36837285,331476,8.2869,8.33517499099995,0.00442997,2,99.109023399411598
,PNCT2,Cook_Inlet_75000200002554,0.04767499724991,62.31055832,-150.37412492,92203,2.305075,2.35274999724991,0.00511307,2,99.307786849951498
,PNCT4,Cook_Inlet_75000200013258,0.6702999932501,62.31172355,-150.39199081,46301,1.157525,1.8278249932501,0.00566163,1,99.806834213003015
,PNC1,Cook_Inlet_75000200007646,0.931675042499899,62.31239645,-150.34742219,365461,9.136525,10.0682000424999,0.0027892,2,98.940663605279497
,15292700,Cook_Inlet_75000300025361,-0.787324849499782,62.34658117,-150.01952656,208520653,5213.016325,5212.2290001505,0.00124468,8,97.209734762561695
,15292100,Cook_Inlet_75000700036166,-0.992499808799039,62.39866344,-150.13539291,651519434,16287.98585,16286.9933501912,0.00122163,7,104.352952409990010
,15292400,Cook_Inlet_75000500010609,0.418550088250413,62.55835789,-150.2353478,261138916,6528.4729,6528.89145008825,0.00099549,7,122.882944097033999
,CIK_39,Cook_Inlet_75000500011984,0.651249879500298,62.62690909,-150.22701811,3966138,99.15345,99.8046998795003,0.01409761,3,130.127841689238011
,CIK_40,Cook_Inlet_75000500009975,6.97092499525,62.71173261,-150.20328801,4765413,119.135325,126.10624999525,0.00405332,4,138.991601961133995
,15291700,Cook_Inlet_75000700030756,-3.14745298001071E-02,62.82246045,-148.6048546,534510581,13362.764525,13362.7330504702,0.00223239,7,150.052608461725015
,CIK_41,Cook_Inlet_75000500009621,4.28097505049999,63.14506456,-149.42096718,16115041,402.876025,407.1570000505,0.00807466,6,180.958295350778997
,15291000,Cook_Inlet_75000700032122,2.08712523300028,63.10008346,-147.51876055,95187521,2379.688025,2381.775150233,0.00037964,7,199.605934858273997
,fws_Long Lake Creek,Copper_River_75019700003889,5.5037499447503,61.37686781,-143.31543182,909112,22.7278,28.2315499447503,0.00597236,3,137.133403890410989
,fws_Tanada Creek,Copper_River_75019800010313,0.231274826999993,62.61409459,-143.77815835,22471587,561.789675,562.020949827,0.00622071,5,211.395844421545007
,Caribou Creek,Copper_River_75019800014348,0.3988750030002,62.57324067,-143.51761307,1391324,34.7831,35.1819750030002,0.00782472,4,216.915305805621983
,Crystal Creek,Copper_River_75019700004084,1.9753749777501,61.36657554,-143.42906474,1262850,31.57125,33.5466249777501,0.01369806,4,132.328343008665001
,Gilahina River,Copper_River_75019700001794,10.061049868,61.43849612,-143.71851609,5268150,131.70375,141.764799868,0.02465195,4,129.220082183860995
,Lakina River,Copper_River_75019700004190,0.436125094250031,61.37553253,-143.34764608,14801415,370.035375,370.47150009425,0.00862332,5,135.971003663718989
,Long Lake Creek,Copper_River_75019700003889,5.5037499447503,61.37725661,-143.31404536,909112,22.7278,28.2315499447503,0.00597236,3,137.212960396282995
,Rock Creek WRST,Copper_River_75019800001957,9.33750382500005E-02,62.56510878,-143.43298231,506289,12.657225,12.75060003825,0.0248349,3,219.295464484199016
,Rufus Creek,Copper_River_75019800000406,4.83419998100007,62.65947904,-143.8427982,100861,2.521525,7.35572498100007,0.0047926,1,213.231136637785994
,USFS_18 Mile,Copper_River_75003900044738,0.21824994075009,60.45983733,-145.29436889,232966,5.82415,6.04239994075009,0.00203656,4,2.262994191482080
,USFS_25 Mile,Copper_River_75003900055694,0.012000000999973,60.44242502,-145.12065331,7933,0.198325,0.210325000999973,0.01010767,2,1.347482693244390
,USFS_Blackhole Creek,Copper_River_75003900027771,9.34750132500299E-02,60.44758372,-145.24213937,60666,1.51665,1.61012501325003,0.01806703,4,0.553879043776810
,USFS_Cabin Lake Outlet,Copper_River_75003900028507,7.4990750029702E-05,60.52665137,-145.45992746,84989,2.124725,2.12479999075003,0.00001,3,7.463184518288680
,USFS_24.9 Mile Creek,Copper_River_75003900023674,1.17498624988999E-03,60.44170118,-145.13594844,155479,3.886975,3.88814998624989,0.00001,3,1.712903569344820
,USFS_Ibeck Creek-Low,Copper_River_75003900054316,2.02249492500997E-02,60.55011648,-145.50404915,2085767,52.144175,52.1643999492501,0.00001,6,9.971195467423490
,USFS_18 Mile Middle Fork,Copper_River_75003900044936,5.95001100006964E-03,60.461112,-145.30807692,207221,5.180525,5.18647501100007,0.00258691,4,2.763742091642460
,USFS_18 Mile West Fork,Copper_River_75003900023855,7.92499100004496E-03,60.46238641,-145.32133414,30274,0.75685,0.764774991000045,0.00001,3,3.303111792535900
,USFS_Middle Arm Eyak,Copper_River_75003900055039,7.06750390000099E-02,60.55681767,-145.64540286,134785,3.369625,3.44030003900001,0.00001,4,4.617119837403000
,USFS_Hook Point,Copper_River_75003900039073,-0.50265001649995,60.34948315,-146.2631495,250521,6.263025,5.76037498350005,0.00001,4,0.481606364445128
,USFS_Little Martin River,Copper_River_75003900062264,1.29251559996995E-02,60.39695565,-144.60545126,885568,22.1392,22.1521251559997,0.00774692,6,8.851357973617320
,USFS_Martin Lake- Inlet,Copper_River_75003900055316,0.229374920750209,60.34282587,-144.51920009,284173,7.104325,7.33369992075021,0.00001,5,7.925495182685591
,USFS_Power Creek,Copper_River_75003900033524,1.24975250102466E-04,60.5865915,-145.62076152,2162081,54.052025,54.0521499752501,0.00001,6,4.351048724578850
,USFS_Salmon Creek,Copper_River_75003900027489,1.91249335001977E-02,60.45458701,-145.17326182,835566,20.88915,20.9082749335002,0.00576492,5,2.754107974283090
,USFS_East Fork 18 Mile,Copper_River_75003900044738,0.21824994075009,60.45983733,-145.29436889,232966,5.82415,6.04239994075009,0.00203656,4,2.262994191482080
,USFS_Eyak Lake Tributary,Copper_River_75003900023942,2.05999755000006E-02,60.55558414,-145.64292773,319937,7.998425,8.0190249755,0.00835671,5,4.808332144618951
,USFS_Ibeck Creek-Lower Side Channel,Copper_River_75003900054316,2.02249492500997E-02,60.55011648,-145.50404915,2085767,52.144175,52.1643999492501,0.00001,6,9.971195467423490
,15209700,Copper_River_75019700017692,0.663525139250055,61.43351099,-142.94275325,27990442,699.76105,700.42457513925,0.00736676,5,149.380395898729006
,15200280,Copper_River_75019600118138,0.777750076999837,62.52057244,-145.5341864,182019111,4550.477775,4551.255525077,0.00109634,7,159.510827539824987
,15200000,Copper_River_75019800019692,1.43502927498957E-02,62.30116929,-145.30724474,64928597,1623.214925,1623.22927529275,0.0035893,6,140.044489535368001
,15212000,Copper_River_75003900062338,50828.4321247815,61.46550273,-144.4563552,10233478,255.83695,51084.2690747815,0.00085835,9,104.215997304727992
,15215900,Copper_River_75003900058380,0.1584000194999,60.53285728,-145.38104959,202868,5.0717,5.2301000194999,0.02984224,4,9.609944688661770
,15298040,Bristol_Bay_2085962,-0.458039653739888,60.20390833,-154.70386568,28639752,2863.9752,2863.51716034626,0,7,82.666743883479000
,15300100,Bristol_Bay_2065914,0.172599999999999,59.82403909,-154.8838849,127969,12.7969,12.9695,0.016639916453,3,65.230478488382900
,15300250,Bristol_Bay_2074424,1.12356106382498,59.78598833,-155.25539931,2199636,219.9636,221.087161063825,0.005029486852,6,77.891314319439402
,15300270,Bristol_Bay_2071934,-1.55408372630177E-02,59.84154883,-154.37963741,1549489,154.9489,154.933359162737,0.018098298282,5,44.051723312703203
,15300300,Bristol_Bay_2073464,5.84758310009761E-02,59.75839477,-153.84936323,3314766,331.4766,331.535075831001,0,5,14.828401329228701
,15300320,Bristol_Bay_2066924,0.3201,59.70379699,-153.71214686,292928,29.2928,29.6129,0.002333763548,3,5.094851791129090
,15301500,Bristol_Bay_4115672,8.32000000000335E-02,60.15379611,-158.73623408,9063851,906.3851,906.4683,0.010699225181,6,120.755415193416994
,15302000,Bristol_Bay_4101123,0.671400000000176,59.93418033,-158.19047475,39287716,3928.7716,3929.443,0.00200465342,7,94.421921844997399
,15302200,Bristol_Bay_4098704,0.195599999999985,59.79292886,-155.52369604,1775628,177.5628,177.7584,0.002034052028,5,90.965594683626207
,15302250,Bristol_Bay_4105844,0.156299999999987,59.84252392,-155.71831766,2684058,268.4058,268.5621,0.002475330046,5,103.184924360086015
,15302300,Bristol_Bay_4107464,1.48970000000008,59.83744036,-156.69312795,93988168,9398.8168,9400.3065,0,8,104.713684639321002
,15302320,Bristol_Bay_4105204,1.20000000000573E-02,59.80888878,-156.66664573,6927792,692.7792,692.7912,0.001969303868,6,101.898256675368003
,15302812,Bristol_Bay_4086815,1.23170000000005,59.41461001,-157.79765372,15271458,1527.1458,1528.3775,0,7,45.446439622460403
,580223156504200,Bristol_Bay_1023044,0.570499999999811,58.03982331,-156.84547425,32646988,3264.6988,3265.2693,0.000758660969,7,36.276689182401704
,AKBB-011,Bristol_Bay_4054120,3.80000000000003E-02,60.68958949,-154.86327503,258389,25.8389,25.8769,0.017744403093,3,107.386411423871010
,AKBB-020,Bristol_Bay_4084351,0.552300000000002,60.4956062,-154.38690907,727261,72.7261,73.2784,0.004595287567,5,75.220932331398501
,AKBB-028,Bristol_Bay_2070402,0.731200000000001,60.26358917,-155.14185575,171051,17.1051,17.8363,0.019169107427,3,106.243352768141008
,AKBB-029,Bristol_Bay_2068584,0.331122261000004,59.69257735,-155.74731134,931952,93.1952,93.526322261,0.001939841586,5,97.531588819478202
,AKBB-040,Bristol_Bay_4095301,0.151299999999992,60.44240236,-155.20775891,1863966,186.3966,186.5479,0.008642244746,5,118.098524691717003
,CIK_Ben Courtney Creek,Bristol_Bay_2088586,1.21890000000002,59.27221564,-156.35507815,2684377,268.4377,269.6566,0,5,56.012529894958703
,CIK_Big Creek,Bristol_Bay_2072993,7.20999999999989E-02,59.97639781,-154.83241038,163629,16.3629,16.435,0.002483762234,3,72.621804647740902
,CIK_Copper River,Bristol_Bay_2065755,-7.90913600880003E-02,59.50224917,-154.46564545,3059277,305.9277,305.848608639912,0,5,23.284977973370403
,CIK_Gibraltar River,Bristol_Bay_2066955,-2.81063238249999E-02,59.42942241,-154.83264676,3152241,315.2241,315.195993676175,0.003423395477,6,39.722256382727203
,CIK_Napotoli Creek,Bristol_Bay_4099594,7.03999999999496E-02,59.75655591,-157.41825414,2963364,296.3364,296.4068,0.002306521,5,89.107290726155099
,CIK_Neilson Creek,Bristol_Bay_4051056,0.3401,59.15215297,-158.6342372,29739,2.9739,3.314,0.011727913607,2,14.126863070040599
,CIK_Panaruqak Creek,Bristol_Bay_4076575,0.4253,59.45503077,-157.31415669,520549,52.0549,52.4802,0.006112670728,4,62.199460893290507
,CIK_Roadhouse Creek,Bristol_Bay_2067494,-6.90000000000168E-03,59.75708367,-154.84992956,627302,62.7302,62.7233,0.004804525825,5,58.524308144449400
,CIK_Silver Salmon Creek,Bristol_Bay_4059736,1.1018,59.22544488,-158.67337688,108644,10.8644,11.9662,0.008961813817,3,22.499679483947901
,CIK_Sivanguq Creek,Bristol_Bay_4106904,0.021899999999988,59.72667667,-157.33997366,1754195,175.4195,175.4414,0.000918723161,5,88.365312759784004
,CIK_Squaw Creek,Bristol_Bay_4055337,3.89999999999997E-02,59.04306403,-158.54713597,90068,9.0068,9.0458,0,3,1.313281052802780
,CIK_Tunravik Creek,Bristol_Bay_4080875,6.66999999999973E-02,59.47943819,-157.25841112,1642175,164.2175,164.2842,0.003455397238,5,64.143918321546209
,CIK_Yellow Creek,Bristol_Bay_2088326,2.03426434835097,59.19175199,-156.65715494,4898872,489.8872,491.921464348351,0,5,37.963957902656603
,GELO,Bristol_Bay_5030363,9.68000000000018E-02,59.36713975,-160.34944709,735253,73.5253,73.6221,0.001145135612,4,32.645289775204503
,ilbig01,Bristol_Bay_2072993,7.20999999999989E-02,59.9763084,-154.83240813,163629,16.3629,16.435,0.002483762234,3,72.615127519594097
,iltaz02,Bristol_Bay_2082393,-7.48326389119711E-02,59.93583495,-154.81199746,8442731,844.2731,844.198267361088,0.008659013207,5,68.829433010178306
,iltnr19,Bristol_Bay_2084713,0.106099999999998,59.90251043,-154.89100244,533298,53.3298,53.4359,0,4,70.139497879815906
,KATM_idavc_stream_water,Bristol_Bay_3023044,0.407300000000021,58.66620838,-155.67088421,1483018,148.3018,148.7091,0,4,78.594013559969099
,KATM_lbrooo_lvl,Bristol_Bay_3030955,0.028699999999958,58.56128807,-155.76581137,7814461,781.4461,781.4748,0,6,75.717275350479909
,KATM_lbrooo_temp,Bristol_Bay_3030955,0.028699999999958,58.56128807,-155.76581137,7814461,781.4461,781.4748,0,6,75.717275350479909
,KATM_margc_stream_water,Bristol_Bay_3033956,6.47460000000001,58.48830051,-155.58433076,2666330,266.633,273.1076,0,5,63.118926577170903
,KATM_naknlo_continuous_wq,Bristol_Bay_3024343,0.750900000000001,58.68173019,-156.43521675,67534832,6753.4832,6754.2341,0,8,35.934220762809304
,KATM_naknlo_lvl,Bristol_Bay_3024343,0.750900000000001,58.68173019,-156.43521675,67534832,6753.4832,6754.2341,0,8,35.934220762809304
,KATM_naknlo_temp,Bristol_Bay_3024343,0.750900000000001,58.68173019,-156.43521675,67534832,6753.4832,6754.2341,0,8,35.934220762809304
,KATM_savor_stream_water,Bristol_Bay_3034126,3.1271,58.5233897,-155.30727071,761232,76.1232,79.2503,0,4,59.396178839297903
,KATM_upatc_stream_water,Bristol_Bay_3033666,0.366099999999989,58.51098532,-155.80404716,828264,82.8264,83.1925,0.003150023629,4,72.589179347303201
,KULR,Bristol_Bay_5038375,0.184599999999989,59.03845807,-159.77506866,4526382,452.6382,452.8228,0.001556450821,5,12.391642500352601
,LACL_kijilo_lvl,Bristol_Bay_2078282,0.216111114,60.30728006,-154.28989418,1118523,111.8523,112.068411114,0,4,66.300956500837799
,LACL_kijilo_temp,Bristol_Bay_2078282,0.216111114,60.30728016,-154.28984761,1118523,111.8523,112.068411114,0,4,66.298383346004101
,LACL_lclaro_continuous_wq,Bristol_Bay_2087913,-2.06787007311959,60.01611532,-154.75493609,75916376,7591.6376,7589.56972992688,0.000986914483,8,72.491754400721803
,LACL_lclaro_lvl,Bristol_Bay_2087913,-2.06787007311959,60.01709885,-154.7549586,75916376,7591.6376,7589.56972992688,0.000986914483,8,72.556363036402090
,LACL_lclaro_temp,Bristol_Bay_2087913,-2.06787007311959,60.01629415,-154.75494018,75916376,7591.6376,7589.56972992688,0.000986914483,8,72.503493388969602
,LACL_lkijr_stream_water,Bristol_Bay_2078282,0.216111114,60.30727868,-154.29053854,1118523,111.8523,112.068411114,0,4,66.336555637980297
,LACL_tazir_stream_water,Bristol_Bay_2082373,-0.393432638912032,59.93146321,-154.81336347,8438351,843.8351,843.441667361088,0.001022377981,5,68.582207327077995
,LACL_tlikr_stream_water,Bristol_Bay_2041471,-0.51301652799998,60.49463468,-153.68706534,11887399,1188.7399,1188.226883472,0.00145563618,7,40.388212622840200
,MALR,Bristol_Bay_5020796,2.03999999999951E-02,58.92971028,-160.84757756,3452531,345.2531,345.2735,0,5,5.545685527791060
,mubon10,Bristol_Bay_4054200,0.415699999999987,60.69261863,-154.86500982,1760509,176.0509,176.4666,0.005835603441,4,107.611346809522004
,muekm23,Bristol_Bay_4092244,3.02999999999969E-02,59.82541472,-155.35711926,221305,22.1305,22.1608,0.007289950419,3,85.090790981689011
,musfk01,Bristol_Bay_4099694,6.87000000000353E-02,59.82917208,-155.77455659,2732095,273.2095,273.2782,0.00270225744,5,105.226250052353009
,mussm15,Bristol_Bay_4091424,2.42000000000004E-02,59.79821441,-155.50730601,256087,25.6087,25.6329,0.006843730224,3,90.473308531479802
,mustu17,Bristol_Bay_4104574,0.202699999999993,59.70334422,-156.30100828,4199079,419.9079,420.1106,0.001185875251,6,97.484331041164197
,mutsk02,Bristol_Bay_4089074,3.22999999999993E-02,59.81695531,-155.76495523,202092,20.2092,20.2415,0.005060364135,3,104.114007615452010
,mutsk09,Bristol_Bay_4088904,9.14999999999999E-02,59.80875767,-155.60743423,134298,13.4298,13.5213,0.005102938722,2,95.918287269645816
,NCLO,Bristol_Bay_5030704,0.306400000000004,59.27344708,-160.00323282,441502,44.1502,44.4566,0.001957822073,4,28.929649575621703
,Newhalen River,Bristol_Bay_2088253,-1.85180687211869,59.9192556,-154.8876845,86675168,8667.5168,8665.66499312788,0.000878761923,8,71.062768358573095
,NPS_Chulitna_SiteB,Bristol_Bay_2085642,-0.37082853974016,60.18548837,-154.82920974,26653044,2665.3044,2664.93357146026,0.002743044426,7,87.227423428347208
,NPS_Hardenburg_Bay,Bristol_Bay_2068072,0.1542,60.20467942,-154.30944219,49951,4.9951,5.1493,0,3,65.488901782294306
,NPS_Little_Kijik_River_Dan,Bristol_Bay_2078232,5.06111139999916E-02,60.30744989,-154.29404971,1100643,110.0643,110.114911114,0,4,66.531159488358895
,NPS_Newhalen_River,Bristol_Bay_2088253,-1.85180687211869,59.91943443,-154.88768929,86675168,8667.5168,8665.66499312788,0.000878761923,8,71.074654819071299
,NPS_Six_Mile_Outlet,Bristol_Bay_2088163,-2.78860687212,59.94632886,-154.86398379,86049144,8604.9144,8602.12579312788,0,8,71.826931194210502
,OSLR,Bristol_Bay_5021476,0.763599999999997,58.878523,-161.19313892,3932748,393.2748,394.0384,0.000879424885,5,8.817895609577659
,OSLR2,Bristol_Bay_5021476,0.763599999999997,58.87845326,-161.19312417,3932748,393.2748,394.0384,0.000879424885,5,8.810887237588430
,PULO,Bristol_Bay_5032474,2.96999999999912E-02,59.29261187,-159.92389684,748041,74.8041,74.8338,0.002883700126,4,33.492311954257104
,PULR,Bristol_Bay_5033094,1.00000000000477E-03,59.25953886,-160.19104662,2479367,247.9367,247.9377,0.004062804433,5,22.130895103760999
,SLLR,Bristol_Bay_5008707,0.256200000000007,58.64795793,-161.73338219,1620888,162.0888,162.345,0.000751776316,4,1.119504862000350
,TOLO,Bristol_Bay_5034893,5.53999999999633E-02,59.52934733,-159.71216515,13319819,1331.9819,1332.0373,0,6,61.712307472056303
,TOLR,Bristol_Bay_4071036,0.105599999999995,59.26639502,-159.1503911,1055815,105.5815,105.6871,0,5,43.836401999601705
,UW_Agulowak River,Bristol_Bay_4088675,0.841899999999896,59.40897041,-158.90908604,22153476,2215.3476,2216.1895,0.000753366096,6,46.735862648293306
,UW_Agulukpak River,Bristol_Bay_4087015,0.043999999999869,59.57604762,-158.53123765,11747651,1174.7651,1174.8091,0.00077316741,6,55.385638590571205
,UW_Aleknagik Bear Creek,Bristol_Bay_4063606,2.17999999999989E-02,59.29564616,-158.77759203,174750,17.475,17.4968,0,4,32.084646272361702
,UW_Aleknagik Big Whitefish Creek,Bristol_Bay_4059016,0.1999,59.26560187,-158.68123927,68867,6.8867,7.0866,0.004656475731,2,26.843800447453102
,UW_Aleknagik Eagle Creek,Bristol_Bay_4052076,0.9567,59.31687903,-158.69402736,44198,4.4198,5.3765,0.00289625294,3,32.452190860281902
,UW_Aleknagik Hansen Creek,Bristol_Bay_4048046,0.0105,59.32137361,-158.70119275,22151,2.2151,2.2256,0.008195867039,2,33.085393516857899
,UW_Aleknagik Happy Creek,Bristol_Bay_4069586,7.56000000000014E-02,59.32326956,-158.71824628,166606,16.6606,16.7362,0.008362881336,3,33.604045649041701
,UW_Aleknagik Ice Creek,Bristol_Bay_4074726,0.313800000000001,59.33152488,-158.81397959,945528,94.5528,94.8666,0.0003775754,5,36.586589217486399
,UW_Aleknagik Mission Creek,Bristol_Bay_4051616,4.49999999999973E-03,59.27557935,-158.59986636,32949,3.2949,3.2994,0.029432662805,2,25.723317133931200
,UW_Aleknagik Pfifer Creek,Bristol_Bay_4060036,0.883900000000001,59.20634989,-158.66826801,83056,8.3056,9.1895,0.011896080487,2,20.425475678357099
,UW_Aleknagik Silver Salmon Creek,Bristol_Bay_4059736,1.1018,59.22551524,-158.67391523,108644,10.8644,11.9662,0.008961813817,3,22.518504947553502
,UW_Aleknagik Squaw Creek,Bristol_Bay_4046617,0.7256,59.04930716,-158.5684793,52522,5.2522,5.9778,0.005460887051,2,2.719558235008060
,UW_Aleknagik Sunshine Creek,Bristol_Bay_4084145,8.42000000000098E-02,59.45923918,-159.04726399,1645622,164.5622,164.6464,0.001507798999,5,55.534698446376801
,UW_Aleknagik Yako Creek,Bristol_Bay_4061136,0.189900000000002,59.27462712,-158.70702189,89454,8.9454,9.1353,0.015126943845,3,28.299750800200503
,UW_Aleknagik Youth Creek,Bristol_Bay_4080045,7.27000000000118E-02,59.43356046,-159.01289059,803196,80.3196,80.3923,0.000383556443,4,52.074274478125197
,UW_Beverley Hope Creek,Bristol_Bay_4095374,1.4284,59.64609598,-158.59999506,341127,34.1127,35.5411,0.001365801706,3,63.856125398723300
,UW_Beverley Moose Creek,Bristol_Bay_4098114,1.04729999999999,59.63896107,-158.58349185,959779,95.9779,97.0252,0.000887879153,4,62.866288820872803
,UW_Beverley Silverhorn Creek,Bristol_Bay_4091164,3.89999999999446E-03,59.66781314,-158.94654566,359941,35.9941,35.998,0,4,73.256944902688005
,UW_Beverley Uno Creek,Bristol_Bay_4089574,5.54000000000006E-02,59.69077059,-158.75357047,153482,15.3482,15.4036,0.009025427658,3,71.129011139896107
,UW_Kulik Grant River,Bristol_Bay_4102124,0.67349999999999,59.78607754,-158.71329286,1246166,124.6166,125.2901,0,5,80.561548190778609
,UW_Kulik K-3 Creek,Bristol_Bay_4101274,1.0464,59.79741267,-158.94598019,185338,18.5338,19.5802,0.008388824593,3,86.195473537494507
,UW_Kulik Kulik Creek,Bristol_Bay_4105594,0.151800000000009,59.77912477,-159.00077579,1092953,109.2953,109.4471,0,5,85.665091370107689
,UW_Little Togiak C Creek,Bristol_Bay_4068584,4.27999999999999E-02,59.58278469,-159.15272145,18239,1.8239,1.8667,0.022311355572,2,70.385454895417908
,UW_Little Togiak Creek,Bristol_Bay_4093084,0.055499999999995,59.61868914,-159.2182083,412518,41.2518,41.3073,0.005607741333,4,75.722378718798993
,UW_Nerka Allah Creek,Bristol_Bay_4069455,0.107699999999999,59.42975284,-158.65912678,92362,9.2362,9.3439,0.003968040009,3,42.224847506780705
,UW_Nerka Bear Creek,Bristol_Bay_4069495,0.036999999999999,59.46984914,-158.66612452,108747,10.8747,10.9117,0.001183630797,2,46.436776372204399
,UW_Nerka Beaver Creek,Bristol_Bay_4075715,0.141999999999999,59.55443518,-158.58328174,231996,23.1996,23.3416,0.002143478515,3,53.735563948641101
,UW_Nerka Berm Creek,Bristol_Bay_4074184,3.00000000000189E-04,59.59897332,-158.81497406,31409,3.1409,3.1412,0.027190138381,2,63.036511359968301
,UW_Nerka Bug Creek,Bristol_Bay_4063775,0.6493,59.46343421,-158.88671692,61297,6.1297,6.779,0.003757553745,3,51.647228853123003
,UW_Nerka Cabin Creek,Bristol_Bay_4087224,9.10000000000011E-03,59.59536914,-158.84723971,102978,10.2978,10.3069,0.021349193085,3,63.498346893169405
,UW_Nerka Chamee Creek,Bristol_Bay_4051055,0.8336,59.5430978,-158.75124098,22547,2.2547,3.0883,0.002591218463,2,55.865937074913305
,UW_Nerka Cottonwood Creek,Bristol_Bay_4075474,0.153500000000001,59.62535365,-159.07741751,93911,9.3911,9.5446,0.031782663479,3,72.547988006195794
,UW_Nerka Elva Creek,Bristol_Bay_4096064,0.101799999999997,59.58119732,-159.05484286,301213,30.1213,30.2231,0.011421487458,3,67.572535667750103
,UW_Nerka Fenno Creek,Bristol_Bay_4076505,9.50000000000273E-03,59.42200107,-158.80675892,380317,38.0317,38.0412,0,4,45.660076167088896
,UW_Nerka Hidden Lake Creek,Bristol_Bay_4064845,0.1951,59.53983263,-158.76714121,84691,8.4691,8.6642,0.008627484035,3,55.930551718402505
,UW_Nerka Joe Creek,Bristol_Bay_4089394,0.221500000000001,59.59372318,-158.86998586,107556,10.7556,10.9771,0,3,63.942429278788303
,UW_Nerka Kema Creek,Bristol_Bay_4076675,0.3537,59.54472589,-158.68333968,220027,22.0027,22.3564,0.001085136218,3,54.503901769389799
,UW_Nerka Little Togiak River,Bristol_Bay_4084915,0.157200000000003,59.55988544,-159.07956917,807003,80.7003,80.8575,0,4,66.119698743002104
,UW_Nerka Lynx Creek Cold Tributary,Bristol_Bay_4073375,8.49999999999973E-03,59.49352223,-158.89750642,158653,15.8653,15.8738,0.001248241565,4,54.968773059865107
,UW_Nerka Lynx Creek,Bristol_Bay_4075225,0.028100000000002,59.48524116,-158.91991735,259457,25.9457,25.9738,0.003747722319,4,54.632451770131404
,UW_Nerka Lynx Lake Tributary,Bristol_Bay_4073375,8.49999999999973E-03,59.49402089,-158.89615814,158653,15.8653,15.8738,0.001248241565,4,54.990430337666702
,UW_Nerka N4 Creek,Bristol_Bay_4064055,8.14999999999997E-02,59.47530705,-158.94562512,24123,2.4123,2.4938,0.009036346134,2,54.257325852723099
,UW_Nerka Pick Creek,Bristol_Bay_4074505,0.358899999999998,59.54946333,-159.06374518,220255,22.0255,22.3844,0.002136612695,4,64.671950386429899
,UW_Nerka Rainbow Creek,Bristol_Bay_4096454,0.112099999999998,59.66436937,-159.15606375,632263,63.2263,63.3384,0.002751442326,4,78.423087539548305
,UW_Nerka Sam Creek,Bristol_Bay_4089384,1.62999999999993E-02,59.58910738,-158.89532362,108712,10.8712,10.8875,0.005488304691,3,64.196315728061407
,UW_Nerka Seventh Creek,Bristol_Bay_4079234,0.1194,59.57987589,-158.90964371,31917,3.1917,3.3111,0.010042777822,2,63.723046636639403
,UW_Nerka Sixth Creek,Bristol_Bay_4082225,1.31999999999999E-02,59.57763586,-158.92160353,22633,2.2633,2.2765,0.016018862051,2,63.863154364226801
,UW_Nerka Stovall Creek,Bristol_Bay_4078235,1.5041,59.45887509,-158.63425651,291513,29.1513,30.6554,0.001232871778,3,44.596307298502900
,UW_Nerka Teal Creek,Bristol_Bay_4071625,0.225899999999999,59.48213321,-158.72873856,100617,10.0617,10.2876,0.002510385227,3,49.213163276462005
,WELR,Bristol_Bay_4071256,8.02000000000191E-02,59.22388453,-159.12503713,1380811,138.0811,138.1613,0.000962355647,5,40.039670040392998
,WELR2,Bristol_Bay_4071256,8.02000000000191E-02,59.22378845,-159.12519882,1380811,138.0811,138.1613,0.000962355647,5,40.042107889031499
,kdk_busrv01,Kodiak_76954,0.233999999999998,57.77665991,-152.53733109,306426,30.6426,30.8766,0.003194240229,4,3.818133737508870
,kdk_doscr01,Kodiak_49617,0.04849999999999,57.12982039,-154.03583228,2940844,294.0844,294.1329,0.009112915341,5,0.163582159926998
,kdk_karrv01,Kodiak_130735,0,57.56409449,-154.38072596,6053360,605.336,605.336,0,6,3.479065630350430
,kdk_doscr02,Kodiak_106676,7.5999999999965E-03,57.20273266,-154.05912378,1851115,185.1115,185.1191,0.020080728596,5,7.693222961962190
,kdk_olgcr01a,Kodiak_48267,4.6999999999997E-03,57.05943365,-154.35391561,805534,80.5534,80.5581,0.003419999928,5,0.057854189111379
,kdk_olgcr01b,Kodiak_48267,4.6999999999997E-03,57.05943365,-154.35391561,805534,80.5534,80.5581,0.003419999928,5,0.057854189111379
,kdk_ayarv01,Kodiak_108356,3.57999999999947E-02,57.19245604,-154.53396419,5197998,519.7998,519.8356,0.005004208862,5,0.080870296554935
,kdk_akacr01,Kodiak_50197,1.08999999999995E-02,57.16571595,-154.22855051,490613,49.0613,49.0722,0.005507561972,4,0.283140020273188
,kdk_ayarv03,Kodiak_107796,7.29000000000042E-02,57.23862277,-154.40466008,4314219,431.4219,431.4948,0,5,9.235547367211701
,kdk_cancr01,Kodiak_101556,0.131799999999998,57.27879749,-153.99044258,252131,25.2131,25.3449,0,3,13.496564574291702
,kdk_concr01,Kodiak_97276,3.25000000000024E-02,57.2654949,-154.31558003,251286,25.1286,25.1611,0.01342564557,3,12.552527579947801
,kdk_pincr01,Kodiak_103296,2.45999999999995E-02,57.31552726,-154.20738063,638432,63.8432,63.8678,0.006809539256,5,17.006489079072502
,kdk_relrv01,Kodiak_103196,0.745400000000004,57.26772116,-154.41113657,688819,68.8819,69.6273,0.043314566029,4,10.242645479857199
,kdk_cascr01,Kodiak_94216,9.02000000000012E-02,57.27696736,-154.00848608,94316,9.4316,9.5218,0.039084388536,3,14.543059679051101
,kdk_eftrv01,Kodiak_103096,2.57000000000005E-02,57.35027228,-153.97310405,528247,52.8247,52.8504,0,5,8.358037418086569
,kdk_falcr01,Kodiak_99516,0,57.27512427,-153.98384055,151699,15.1699,15.1699,0.002203382018,3,13.331816141694400
,kdk_meacr01,Kodiak_93176,0,57.29885469,-154.04298589,105872,10.5872,10.5872,0,3,15.297298606414701
,kdk_omarv01,Kodiak_100826,7.68000000000022E-02,57.27664792,-153.99343457,268463,26.8463,26.9231,0,4,13.773896518461800
,kdk_soucr01,Kodiak_90346,0.5662,57.23050274,-154.26365286,69624,6.9624,7.5286,0.007637980583,3,7.795007524619000
,kdk_akacr02,Kodiak_50197,1.08999999999995E-02,57.16464125,-154.228378,490613,49.0613,49.0722,0.005507561972,4,0.163464941765113
,kdk_cancr02,Kodiak_101556,0.131799999999998,57.27879744,-153.98977778,252131,25.2131,25.3449,0,3,13.462005933575799
,kdk_falcr02,Kodiak_99516,0,57.27422732,-153.97631859,151699,15.1699,15.1699,0.002203382018,3,12.953442980560601
,kdk_pincr02,Kodiak_103456,0.569999999999993,57.31203597,-154.20619589,642908,64.2908,64.8608,0.001840596509,5,16.624159393783803
,fws_kdk_aforv01,Kodiak_64593,0,58.08157067,-152.82932869,655676,65.5676,65.5676,0.036446564296,5,0.020230423842370
,fws_kdk_busrv01,Kodiak_77794,0.387,57.75575808,-152.5040787,544115,54.4115,54.7985,0.013259673391,4,0.914802165397770
,571005154134600,Kodiak_50197,1.08999999999995E-02,57.16652158,-154.228887,490613,49.0613,49.0722,0.005507561972,4,0.375076289590193
,571221154040300,Kodiak_106626,0.295900000000017,57.20550548,-154.06725552,1846255,184.6255,184.9214,0.003137741418,5,7.698461716201870
,571343154244900,Kodiak_107816,3.04999999999609E-02,57.23331954,-154.41223585,4675896,467.5896,467.6201,0,5,8.555586226098979
,572656154082400,Kodiak_129955,1.35000000000218E-02,57.44943206,-154.14002555,2774475,277.4475,277.461,0.003094661821,6,8.668975885418709
,kdk_bigcr01,Kodiak_103496,6.9999999999979E-03,57.24788626,-153.30196702,584210,58.421,58.428,0,4,3.029152260986620
,kdk_karrv02,Kodiak_130295,0.059599999999989,57.53780576,-154.15477131,4307547,430.7547,430.8143,0,6,3.243923937288090
,15295700,Kodiak_128685,3.15000000000083E-02,57.6937577,-153.16398889,1033578,103.3578,103.3893,0.029059852974,5,1.427065809410740
,15297475,Kodiak_72144,2.2000000000002E-03,57.81615377,-152.62429708,42066,4.2066,4.2088,0.453371284648,3,2.353294721483110
,nv_Eyak_Hartney Creek,Prince_William_Sound_29854,0.1538,60.50207129,-145.84755616,180881,18.0881,18.2419,0.003040920791,4,0.168416003298841
,nv_Eyak_Heney Creek,Prince_William_Sound_26464,0.196,60.52264573,-145.77974427,43137,4.3137,4.5097,0.042029061444,2,0.562740325655465
,PWSCC_Erb,Prince_William_Sound_36645,0,60.37677045,-148.15154531,35947,3.5947,3.5947,0.01277395809,3,0.012817826763160
,PWSCC_Gilmour,Prince_William_Sound_31865,3.66000000000001E-02,60.27199519,-147.18673157,8531,0.8531,0.8897,0.033946415878,2,0.023532305578993
,PWSCC_Hogan,Prince_William_Sound_28086,0.2647,60.20877452,-147.76183672,39638,3.9638,4.2285,0.015533008589,2,0.032510333086275
,PWSCC_Stockdale,Prince_William_Sound_41515,1.35000000000005E-02,60.3042588,-147.18308933,52992,5.2992,5.3127,0.013587329482,2,0.040150222419409
,USFS_Eagle Creek,Prince_William_Sound_30884,0.154199999999999,60.45764268,-146.56554972,82681,8.2681,8.4223,0.00367468682,4,0.431216167862059
,USFS_Hell's Hole Trib,Prince_William_Sound_38993,0.1172,60.71825376,-146.38757365,30514,3.0514,3.1686,0.015076576048,2,0.158959992553968
,USFS_Jackpot River,Prince_William_Sound_43055,3.79999999999985E-02,60.41602262,-148.24616761,152405,15.2405,15.2785,0,3,2.378689075640550
,USFS_Koppen Creek,Prince_William_Sound_43973,0.144099999999998,60.70639635,-145.89740847,165548,16.5548,16.6989,0.013652347802,3,0.111255589071661
,USFS_Olsen Creek,Prince_William_Sound_43383,0,60.76019318,-146.1742631,255571,25.5571,25.5571,0.015590375816,4,0.243477871669603
,USFS_Pigot Bay Spawn Channel,Prince_William_Sound_44553,3.36999999999961E-02,60.85628446,-148.401295,502586,50.2586,50.2923,0.000976591401,5,0.358533035940990
,USFS_Rude River SC,Prince_William_Sound_46513,0.195500000000038,60.66549046,-145.63592706,4723531,472.3531,472.5486,0,6,0.530167877262602
,USFS_Sheep River,Prince_William_Sound_43933,7.29000000000042E-02,60.71576537,-145.89893619,322846,32.2846,32.3575,0.013668350211,4,0.014494330169004
,USFS_Shelter Bay Trib,Prince_William_Sound_46055,0.1393,60.42745538,-146.63518539,26241,2.6241,2.7634,0.004566315355,3,0.298348672118411
,USFS_Solf Lake Fish Pass,Prince_William_Sound_37815,0.0103,60.4306938,-147.73093314,52568,5.2568,5.2671,0.009342145587,3,0.051590064616913
,USFS_Stump Lake Outlet,Prince_William_Sound_18457,0.190299999999999,59.87278095,-147.45225806,124631,12.4631,12.6534,0.007760792884,3,0.364260442912867
,USFS_ERB Creek,Prince_William_Sound_36645,0,60.37660805,-148.15193985,35947,3.5947,3.5947,0.01277395809,3,0.036246042230364
,USFS_Solf Lake Outlet Creek,Prince_William_Sound_37815,0.0103,60.4306938,-147.73093314,52568,5.2568,5.2671,0.009342145587,3,0.051590064616913
,15219000,Prince_William_Sound_42563,1.9000000000009E-03,60.76107087,-146.17441995,122609,12.2609,12.2628,0.021710079985,3,0.321695358993528
,15236900,Prince_William_Sound_43185,0.188399999999998,60.36980601,-148.89924269,237645,23.7645,23.9529,0.058701747171,4,11.921011251223799
,15237030,Prince_William_Sound_40285,6.06999999999989E-02,60.44798764,-148.11729942,123168,12.3168,12.3775,0,3,1.095895434497680
