OID_,cat_ID_txt,FType,wtd_lake_area_sqm,wtd_lake_per,region,cat_ID,cat_ID_con
1,75000100000004,390,922040.706384516321123,0.537535823018054,Cook_Inlet,75000100000004,Cook_Inlet_75000100000004
2,75000100000059,390,314031.758290840312839,0.874087140278555,Cook_Inlet,75000100000059,Cook_Inlet_75000100000059
3,75000100000652,390,32219941.313265927135944,9.973663941015300,Cook_Inlet,75000100000652,Cook_Inlet_75000100000652
4,75000100000981,390,753288.154335216269828,0.684911083925776,Cook_Inlet,75000100000981,Cook_Inlet_75000100000981
5,75000100001919,390,391083.093495951441582,0.536138427865008,Cook_Inlet,75000100001919,Cook_Inlet_75000100001919
6,75000100002463,390,878144.647070194245316,0.274858773733403,Cook_Inlet,75000100002463,Cook_Inlet_75000100002463
7,75000100002523,390,13459793.530741535127163,7.385538728513544,Cook_Inlet,75000100002523,Cook_Inlet_75000100002523
8,75000100003094,390,757551.239139234065078,0.322952407853531,Cook_Inlet,75000100003094,Cook_Inlet_75000100003094
9,75000100003947,390,6397860.429444885812700,8.092905285095929,Cook_Inlet,75000100003947,Cook_Inlet_75000100003947
10,75000100004200,390,32813.165671308037417,0.057146603939470,Cook_Inlet,75000100004200,Cook_Inlet_75000100004200
11,75000100004336,390,320876.546103481668979,0.396777871431623,Cook_Inlet,75000100004336,Cook_Inlet_75000100004336
12,75000200000010,390,72100.477398992778035,0.845701319856971,Cook_Inlet,75000200000010,Cook_Inlet_75000200000010
13,75000200000021,390,26301741.472812186926603,3.362764177662575,Cook_Inlet,75000200000021,Cook_Inlet_75000200000021
14,75000200000213,390,751650.416384545736946,1.075174439153421,Cook_Inlet,75000200000213,Cook_Inlet_75000200000213
15,75000200000278,390,3185454.181606691796333,1.371184473262152,Cook_Inlet,75000200000278,Cook_Inlet_75000200000278
16,75000200000411,390,4441205.822127384133637,1.440532210868639,Cook_Inlet,75000200000411,Cook_Inlet_75000200000411
17,75000200000416,390,3560954.263777777552605,1.424931586912583,Cook_Inlet,75000200000416,Cook_Inlet_75000200000416
18,75000200000418,390,4027731.837244656868279,1.316671976923371,Cook_Inlet,75000200000418,Cook_Inlet_75000200000418
19,75000200000465,390,2090982.557102767750621,0.895888820227173,Cook_Inlet,75000200000465,Cook_Inlet_75000200000465
20,75000200000949,390,3326346.966837291140109,0.856582791230743,Cook_Inlet,75000200000949,Cook_Inlet_75000200000949
21,75000200002162,390,329818.095247259945609,0.305515413564105,Cook_Inlet,75000200002162,Cook_Inlet_75000200002162
22,75000200002552,390,22379.084504160884535,0.625594653837398,Cook_Inlet,75000200002552,Cook_Inlet_75000200002552
23,75000200002753,390,892763.356259564636275,1.118402450660068,Cook_Inlet,75000200002753,Cook_Inlet_75000200002753
24,75000200002806,390,21807.891282240027067,1.359742569497483,Cook_Inlet,75000200002806,Cook_Inlet_75000200002806
25,75000200002920,390,5415039.445236720144749,1.442231478165551,Cook_Inlet,75000200002920,Cook_Inlet_75000200002920
26,75000200002930,390,2811190.785943755414337,1.197372469717954,Cook_Inlet,75000200002930,Cook_Inlet_75000200002930
27,75000200002934,390,2738027.998437902424484,1.185496733433554,Cook_Inlet,75000200002934,Cook_Inlet_75000200002934
28,75000200002984,390,15335898.213457766920328,1.627743252225917,Cook_Inlet,75000200002984,Cook_Inlet_75000200002984
29,75000200003013,390,14618984.467448640614748,1.606796061847474,Cook_Inlet,75000200003013,Cook_Inlet_75000200003013
30,75000200003070,390,250914.781783190148417,1.394602461844417,Cook_Inlet,75000200003070,Cook_Inlet_75000200003070
31,75000200003094,390,12942680.965914139524102,1.497104583407411,Cook_Inlet,75000200003094,Cook_Inlet_75000200003094
32,75000200003107,390,6827759.498415654525161,1.651007955115571,Cook_Inlet,75000200003107,Cook_Inlet_75000200003107
33,75000200003312,390,7876049.549711858853698,1.195623803030123,Cook_Inlet,75000200003312,Cook_Inlet_75000200003312
34,75000200003732,390,1572213.169583887560293,0.363818708280790,Cook_Inlet,75000200003732,Cook_Inlet_75000200003732
35,75000200003896,390,449655.039073682040907,0.147229893674099,Cook_Inlet,75000200003896,Cook_Inlet_75000200003896
36,75000200004615,390,370845.092188525944948,0.230821643360179,Cook_Inlet,75000200004615,Cook_Inlet_75000200004615
37,75000200005075,390,196268.838431139185559,2.636870165088941,Cook_Inlet,75000200005075,Cook_Inlet_75000200005075
38,75000200005077,390,190154.698301029711729,0.845661001166302,Cook_Inlet,75000200005077,Cook_Inlet_75000200005077
39,75000200005404,390,538509.966768356505781,1.272802398506859,Cook_Inlet,75000200005404,Cook_Inlet_75000200005404
40,75000200005413,390,1100474.050714490469545,1.810859902566230,Cook_Inlet,75000200005413,Cook_Inlet_75000200005413
41,75000200005444,390,4433407.223287708126009,1.457462666241084,Cook_Inlet,75000200005444,Cook_Inlet_75000200005444
42,75000200005448,390,2857610.657064405269921,1.207510086719613,Cook_Inlet,75000200005448,Cook_Inlet_75000200005448
43,75000200005503,390,1462986.693035997450352,2.010336483186671,Cook_Inlet,75000200005503,Cook_Inlet_75000200005503
44,75000200005504,390,17589221.213890664279461,1.478809780632482,Cook_Inlet,75000200005504,Cook_Inlet_75000200005504
45,75000200005532,390,17602108.720312297344208,1.462588545985752,Cook_Inlet,75000200005532,Cook_Inlet_75000200005532
46,75000200005573,390,5213826.178199226967990,1.384197842220685,Cook_Inlet,75000200005573,Cook_Inlet_75000200005573
47,75000200005575,390,5464740.959982415661216,1.384616475352869,Cook_Inlet,75000200005575,Cook_Inlet_75000200005575
48,75000200005606,390,33799.949447120277910,0.405509776142869,Cook_Inlet,75000200005606,Cook_Inlet_75000200005606
49,75000200005619,390,692890.008357990067452,0.994659508491601,Cook_Inlet,75000200005619,Cook_Inlet_75000200005619
50,75000200006065,390,3297807.889802157413214,0.864429344415374,Cook_Inlet,75000200006065,Cook_Inlet_75000200006065
51,75000200007305,390,115536.604315156349912,0.184708804966764,Cook_Inlet,75000200007305,Cook_Inlet_75000200007305
52,75000200007639,390,1251901.113836022093892,1.094638745475908,Cook_Inlet,75000200007639,Cook_Inlet_75000200007639
53,75000200007646,390,883179.131258508423343,8.771966464019695,Cook_Inlet,75000200007646,Cook_Inlet_75000200007646
54,75000200007660,390,1622261.681561939883977,0.357346708283965,Cook_Inlet,75000200007660,Cook_Inlet_75000200007660
55,75000200007839,390,1620030.351071548881009,1.017687391172619,Cook_Inlet,75000200007839,Cook_Inlet_75000200007839
56,75000200007852,390,751650.416384545620531,1.031818565490748,Cook_Inlet,75000200007852,Cook_Inlet_75000200007852
57,75000200007853,390,751650.416384545504116,1.186380611527435,Cook_Inlet,75000200007853,Cook_Inlet_75000200007853
58,75000200007870,390,86104.673774999959278,2.176971731815914,Cook_Inlet,75000200007870,Cook_Inlet_75000200007870
59,75000200007927,390,624433236.401895880699158,1.245414513178947,Cook_Inlet,75000200007927,Cook_Inlet_75000200007927
60,75000200008009,390,876824.862030746764503,2.717667555186047,Cook_Inlet,75000200008009,Cook_Inlet_75000200008009
61,75000200008033,390,5028699.723620211705565,1.400146907097890,Cook_Inlet,75000200008033,Cook_Inlet_75000200008033
62,75000200008051,390,73162.787505853135372,2.288947938654546,Cook_Inlet,75000200008051,Cook_Inlet_75000200008051
63,75000200008110,390,4036357.532868555746973,1.295271532438046,Cook_Inlet,75000200008110,Cook_Inlet_75000200008110
64,75000200008452,390,5579015.960321231745183,7.993449318080578,Cook_Inlet,75000200008452,Cook_Inlet_75000200008452
65,75000200008508,390,9826944.713081002235413,1.671602824385362,Cook_Inlet,75000200008508,Cook_Inlet_75000200008508
66,75000200008551,390,1013841.171975738252513,0.253664794419704,Cook_Inlet,75000200008551,Cook_Inlet_75000200008551
67,75000200008676,390,280593.237095852557104,1.894524164013188,Cook_Inlet,75000200008676,Cook_Inlet_75000200008676
68,75000200008734,390,264363.931195078650489,1.313477438713852,Cook_Inlet,75000200008734,Cook_Inlet_75000200008734
69,75000200008950,390,1044551.643808251363225,0.302580378797148,Cook_Inlet,75000200008950,Cook_Inlet_75000200008950
70,75000200010144,390,314179.889431677991524,0.634720310757889,Cook_Inlet,75000200010144,Cook_Inlet_75000200010144
71,75000200010148,390,386339.721616510418244,2.537385118766095,Cook_Inlet,75000200010148,Cook_Inlet_75000200010148
72,75000200010344,390,359137.757576457748655,1.842847251158706,Cook_Inlet,75000200010344,Cook_Inlet_75000200010344
73,75000200010359,390,44466.559207202408288,1.278380824487115,Cook_Inlet,75000200010359,Cook_Inlet_75000200010359
74,75000200010391,390,322946.157107856124640,2.430158228139633,Cook_Inlet,75000200010391,Cook_Inlet_75000200010391
75,75000200010532,390,4433407.223287708126009,1.455882041187526,Cook_Inlet,75000200010532,Cook_Inlet_75000200010532
76,75000200010538,390,2263496.085237032733858,1.259579980119222,Cook_Inlet,75000200010538,Cook_Inlet_75000200010538
77,75000200010540,390,2213219.331247244030237,1.270349269922327,Cook_Inlet,75000200010540,Cook_Inlet_75000200010540
78,75000200010547,390,2071685.533798930933699,1.476225585324548,Cook_Inlet,75000200010547,Cook_Inlet_75000200010547
79,75000200010712,390,1363018.538433234440163,7.611237628365466,Cook_Inlet,75000200010712,Cook_Inlet_75000200010712
80,75000200011034,390,6429038.952515050768852,11.468906580448964,Cook_Inlet,75000200011034,Cook_Inlet_75000200011034
81,75000200011141,390,1742394.018402922898531,1.053026521162686,Cook_Inlet,75000200011141,Cook_Inlet_75000200011141
82,75000200011336,390,1386588.456599004799500,0.322247443978404,Cook_Inlet,75000200011336,Cook_Inlet_75000200011336
83,75000200011392,390,24171.906710303654108,0.136366250767956,Cook_Inlet,75000200011392,Cook_Inlet_75000200011392
84,75000200012999,390,8175550.248374540358782,0.950376012556600,Cook_Inlet,75000200012999,Cook_Inlet_75000200012999
85,75000200013010,390,358646.448638880508952,0.673045221528823,Cook_Inlet,75000200013010,Cook_Inlet_75000200013010
86,75000200013033,390,26920.286523851875245,1.400821446735295,Cook_Inlet,75000200013033,Cook_Inlet_75000200013033
87,75000200013179,390,108042.652094441466033,0.677752019663746,Cook_Inlet,75000200013179,Cook_Inlet_75000200013179
88,75000200013185,390,2071685.533798930933699,1.479224633474362,Cook_Inlet,75000200013185,Cook_Inlet_75000200013185
89,75000200013187,390,2071685.533798932330683,1.477567472716997,Cook_Inlet,75000200013187,Cook_Inlet_75000200013187
90,75000200013189,390,1786770.097919337917119,1.876499125552386,Cook_Inlet,75000200013189,Cook_Inlet_75000200013189
91,75000200013237,390,15463559.177166981622577,1.619948051762009,Cook_Inlet,75000200013237,Cook_Inlet_75000200013237
92,75000200013249,390,5200649.766615496948361,1.390777134610278,Cook_Inlet,75000200013249,Cook_Inlet_75000200013249
93,75000200013258,390,13792.920343370240516,0.754608367557374,Cook_Inlet,75000200013258,Cook_Inlet_75000200013258
94,75000200013266,390,14618984.467448640614748,1.606842157198751,Cook_Inlet,75000200013266,Cook_Inlet_75000200013266
95,75000200013319,390,14456677.180302971974015,3.976385450606676,Cook_Inlet,75000200013319,Cook_Inlet_75000200013319
96,75000200013536,390,455772925.344861149787903,1.589789166634292,Cook_Inlet,75000200013536,Cook_Inlet_75000200013536
97,75000200013892,390,4992262.696697941049933,5.826513034724242,Cook_Inlet,75000200013892,Cook_Inlet_75000200013892
98,75000200013953,390,1548041.262873584171757,0.375085321862307,Cook_Inlet,75000200013953,Cook_Inlet_75000200013953
99,75000200014207,390,447623.584793096582871,0.171547589250965,Cook_Inlet,75000200014207,Cook_Inlet_75000200014207
100,75000200014508,390,370845.092188526003156,0.176730245686866,Cook_Inlet,75000200014508,Cook_Inlet_75000200014508
101,75000200014914,390,329818.095247259887401,0.284063980890972,Cook_Inlet,75000200014914,Cook_Inlet_75000200014914
102,75000200015319,390,4457815.814991716295481,7.747454898662627,Cook_Inlet,75000200015319,Cook_Inlet_75000200015319
103,75000200015320,390,6635235.879704578779638,1.213802498180268,Cook_Inlet,75000200015320,Cook_Inlet_75000200015320
104,75000200015469,390,368129.237235527078155,0.844796200848095,Cook_Inlet,75000200015469,Cook_Inlet_75000200015469
105,75000200015505,390,740261.914417045423761,1.244431004832309,Cook_Inlet,75000200015505,Cook_Inlet_75000200015505
106,75000200015584,390,308599.203415975556709,1.022448376649318,Cook_Inlet,75000200015584,Cook_Inlet_75000200015584
107,75000200015587,390,308599.203415975440294,1.245185097472921,Cook_Inlet,75000200015587,Cook_Inlet_75000200015587
108,75000200015657,390,474531.913200869632419,0.925943029456222,Cook_Inlet,75000200015657,Cook_Inlet_75000200015657
109,75000200015680,390,4979715.788895742036402,1.419625587793802,Cook_Inlet,75000200015680,Cook_Inlet_75000200015680
110,75000200015695,390,284915.435879592550918,0.651421773861231,Cook_Inlet,75000200015695,Cook_Inlet_75000200015695
111,75000200015782,390,701896.996561431908049,2.289988711898014,Cook_Inlet,75000200015782,Cook_Inlet_75000200015782
112,75000200015860,390,1676303.501534492708743,3.930468407193889,Cook_Inlet,75000200015860,Cook_Inlet_75000200015860
113,75000200015867,390,5464740.959982415661216,1.381325342458695,Cook_Inlet,75000200015867,Cook_Inlet_75000200015867
114,75000200015882,390,33848264.797672107815742,2.019708489941177,Cook_Inlet,75000200015882,Cook_Inlet_75000200015882
115,75000200015883,390,34541154.806030094623566,1.978482590508789,Cook_Inlet,75000200015883,Cook_Inlet_75000200015883
116,75000200015900,390,34614877.199324697256088,1.951675832856227,Cook_Inlet,75000200015900,Cook_Inlet_75000200015900
117,75000200016094,390,20703511.343696281313896,2.926190956213285,Cook_Inlet,75000200016094,Cook_Inlet_75000200016094
118,75000200016095,390,1836771.185613936511800,8.701962997931254,Cook_Inlet,75000200016095,Cook_Inlet_75000200016095
119,75000200017518,390,214281.490932103537489,0.478812164295143,Cook_Inlet,75000200017518,Cook_Inlet_75000200017518
120,75000200018069,390,141112.939875018928433,2.458745580294001,Cook_Inlet,75000200018069,Cook_Inlet_75000200018069
121,75000200018203,390,223649.188683743239380,0.789539796940367,Cook_Inlet,75000200018203,Cook_Inlet_75000200018203
122,75000200018259,390,1170121.180180251365528,1.696061925806724,Cook_Inlet,75000200018259,Cook_Inlet_75000200018259
123,75000200018266,390,2105176.679152802098542,1.330358978967757,Cook_Inlet,75000200018266,Cook_Inlet_75000200018266
124,75000200018317,390,1164292.233746943762526,1.941584050723909,Cook_Inlet,75000200018317,Cook_Inlet_75000200018317
125,75000200018331,390,33521772.593651261180639,2.039337456558071,Cook_Inlet,75000200018331,Cook_Inlet_75000200018331
126,75000200018332,390,32058785.900615260004997,2.044907962141456,Cook_Inlet,75000200018332,Cook_Inlet_75000200018332
127,75000200018577,390,2272208.319715618621558,2.645176178819259,Cook_Inlet,75000200018577,Cook_Inlet_75000200018577
128,75000200018581,390,27262364.300491124391556,3.393361873489964,Cook_Inlet,75000200018581,Cook_Inlet_75000200018581
129,75000200018667,390,16255983.665596045553684,2.516420163847055,Cook_Inlet,75000200018667,Cook_Inlet_75000200018667
130,75000200018806,390,3008505.323413982521743,0.329759003820518,Cook_Inlet,75000200018806,Cook_Inlet_75000200018806
131,75000200018882,390,7045292.881705604493618,1.280895502935795,Cook_Inlet,75000200018882,Cook_Inlet_75000200018882
132,75000200019765,390,370845.092188525944948,0.223543503610213,Cook_Inlet,75000200019765,Cook_Inlet_75000200019765
133,75000300025361,390,25725531.753800053149462,0.493561041793391,Cook_Inlet,75000300025361,Cook_Inlet_75000300025361
134,75000400000173,390,1597760.173767681466416,2.053838671262941,Cook_Inlet,75000400000173,Cook_Inlet_75000400000173
135,75000400009620,390,10809738.975599352270365,0.202930772682646,Cook_Inlet,75000400009620,Cook_Inlet_75000400009620
136,75000400014403,390,269351.855480394675396,0.206459414559609,Cook_Inlet,75000400014403,Cook_Inlet_75000400014403
137,75000400014405,390,104680.902489777465235,0.648948460162265,Cook_Inlet,75000400014405,Cook_Inlet_75000400014405
138,75000500009621,390,818188.473001348786056,0.200951591867478,Cook_Inlet,75000500009621,Cook_Inlet_75000500009621
139,75000500009975,390,2318538.233485534321517,1.838559336728242,Cook_Inlet,75000500009975,Cook_Inlet_75000500009975
140,75000500010609,390,27972746.447452537715435,0.428445573973732,Cook_Inlet,75000500010609,Cook_Inlet_75000500010609
141,75000500011984,390,1895574.759019148536026,1.899284063082981,Cook_Inlet,75000500011984,Cook_Inlet_75000500011984
142,75000600010189,390,99182489.694888234138489,0.627961220250094,Cook_Inlet,75000600010189,Cook_Inlet_75000600010189
143,75000600030148,390,60400.071347968754708,0.035555006280158,Cook_Inlet,75000600030148,Cook_Inlet_75000600030148
144,75000700030756,390,360577188.214061319828033,2.698379043060897,Cook_Inlet,75000700030756,Cook_Inlet_75000700030756
145,75000700032122,390,18376801.208315461874008,0.771559028421206,Cook_Inlet,75000700032122,Cook_Inlet_75000700032122
146,75000700036166,390,387374293.279529750347137,2.378427282129277,Cook_Inlet,75000700036166,Cook_Inlet_75000700036166
147,75004300000100,390,35873.496885318105342,0.123866905333184,Cook_Inlet,75004300000100,Cook_Inlet_75004300000100
148,75004300000101,390,3275.936743717093123,0.031960904136479,Cook_Inlet,75004300000101,Cook_Inlet_75004300000101
149,75004300000105,390,49578.709755581046920,0.042187178582581,Cook_Inlet,75004300000105,Cook_Inlet_75004300000105
150,75004300000856,390,3686987.411179455462843,2.349610403509759,Cook_Inlet,75004300000856,Cook_Inlet_75004300000856
151,75004300001162,390,243656.039159681618912,0.133111553218076,Cook_Inlet,75004300001162,Cook_Inlet_75004300001162
152,75004300001288,390,814.245202272648726,0.001951018081121,Cook_Inlet,75004300001288,Cook_Inlet_75004300001288
153,75004300001906,390,3155003.180688920430839,3.434197416671526,Cook_Inlet,75004300001906,Cook_Inlet_75004300001906
154,75004300002142,390,814.245202272648726,0.001471291714437,Cook_Inlet,75004300002142,Cook_Inlet_75004300002142
155,75004300002207,390,339945.924486318253912,0.085350474263869,Cook_Inlet,75004300002207,Cook_Inlet_75004300002207
156,75004300002289,390,10091.867409149797822,0.123535565647369,Cook_Inlet,75004300002289,Cook_Inlet_75004300002289
157,75004300002332,390,158588.595747429528274,0.051037816745638,Cook_Inlet,75004300002332,Cook_Inlet_75004300002332
158,75004300003464,390,1109.641008999108180,0.002840888252432,Cook_Inlet,75004300003464,Cook_Inlet_75004300003464
159,75004300004192,390,583601.963645999785513,0.100313403371950,Cook_Inlet,75004300004192,Cook_Inlet_75004300004192
160,75004300004217,390,76774.541670564300148,0.058184990120182,Cook_Inlet,75004300004217,Cook_Inlet_75004300004217
161,75004300004254,390,175414.628385408810573,0.050512640669180,Cook_Inlet,75004300004254,Cook_Inlet_75004300004254
162,75004300004304,390,158588.595747429528274,0.049282783196889,Cook_Inlet,75004300004304,Cook_Inlet_75004300004304
163,75004300004324,390,575377.443703976459801,0.100781149107462,Cook_Inlet,75004300004324,Cook_Inlet_75004300004324
164,75004300004332,390,462571.329750153294299,0.140120447163025,Cook_Inlet,75004300004332,Cook_Inlet_75004300004332
165,75004300004341,390,18367.261903742532013,0.006841800622814,Cook_Inlet,75004300004341,Cook_Inlet_75004300004341
166,75004300004452,390,18367.261903742532013,0.011405001654432,Cook_Inlet,75004300004452,Cook_Inlet_75004300004452
167,75004300004701,390,2067938.578596205916256,1.337073053988711,Cook_Inlet,75004300004701,Cook_Inlet_75004300004701
168,75004300004983,390,145404.677237260504626,0.952762618915962,Cook_Inlet,75004300004983,Cook_Inlet_75004300004983
169,75004300005245,390,219982.750600249244599,0.124240432943077,Cook_Inlet,75004300005245,Cook_Inlet_75004300005245
170,75004300005303,390,7471.533230706494578,0.007763164250643,Cook_Inlet,75004300005303,Cook_Inlet_75004300005303
171,75004300005352,390,3669.361046678422554,0.006219693496040,Cook_Inlet,75004300005352,Cook_Inlet_75004300005352
172,75004300006013,390,1154927.205253591062501,2.577463409536374,Cook_Inlet,75004300006013,Cook_Inlet_75004300006013
173,75004300006071,390,10366763.918398149311543,4.860718934586840,Cook_Inlet,75004300006071,Cook_Inlet_75004300006071
174,75004300006239,390,1696133.146996639436111,3.027141554860553,Cook_Inlet,75004300006239,Cook_Inlet_75004300006239
175,75004300006312,390,35351.211545780090091,0.022909732139650,Cook_Inlet,75004300006312,Cook_Inlet_75004300006312
176,75004300006376,390,140221.333843686996261,0.336826801409485,Cook_Inlet,75004300006376,Cook_Inlet_75004300006376
177,75004300007324,390,7471.533230706494578,0.008390830522576,Cook_Inlet,75004300007324,Cook_Inlet_75004300007324
178,75004300007331,390,763637.396221510367468,1.098221191795590,Cook_Inlet,75004300007331,Cook_Inlet_75004300007331
179,75004300008012,390,443036.114218112314120,0.745664373221275,Cook_Inlet,75004300008012,Cook_Inlet_75004300008012
180,75004400000576,390,6675778.548236705362797,2.399047083155341,Cook_Inlet,75004400000576,Cook_Inlet_75004400000576
181,75004400000627,390,275905.773125282838009,0.067197519162316,Cook_Inlet,75004400000627,Cook_Inlet_75004400000627
182,75004400001498,390,281250010.664331555366516,5.451813728081397,Cook_Inlet,75004400001498,Cook_Inlet_75004400001498
183,75004400001510,390,7240125.739714737050235,7.326377343842169,Cook_Inlet,75004400001510,Cook_Inlet_75004400001510
184,75004400001568,390,2496440.834563054144382,0.708317871705056,Cook_Inlet,75004400001568,Cook_Inlet_75004400001568
185,75004400001872,390,5388196.005468183197081,5.330639751473330,Cook_Inlet,75004400001872,Cook_Inlet_75004400001872
186,75004400001952,390,86822162.909733921289444,5.187461561560475,Cook_Inlet,75004400001952,Cook_Inlet_75004400001952
187,75004400002041,390,5778834.889617667533457,6.880519583308867,Cook_Inlet,75004400002041,Cook_Inlet_75004400002041
188,75004400002950,390,1721071.712733580498025,1.215178372814033,Cook_Inlet,75004400002950,Cook_Inlet_75004400002950
189,75004400002951,390,436950.035872915294021,1.170341797210800,Cook_Inlet,75004400002951,Cook_Inlet_75004400002951
190,75004400003042,390,69876908.068247914314270,10.243800268320687,Cook_Inlet,75004400003042,Cook_Inlet_75004400003042
191,75004400003154,390,225874824.961724221706390,7.045516753353325,Cook_Inlet,75004400003154,Cook_Inlet_75004400003154
192,75004400003452,390,396475.457217774004675,2.583970977016597,Cook_Inlet,75004400003452,Cook_Inlet_75004400003452
193,75004400004829,390,5397633.440297041088343,4.299107279196219,Cook_Inlet,75004400004829,Cook_Inlet_75004400004829
194,75004400006041,390,33079719.611820399761200,5.122816956320499,Cook_Inlet,75004400006041,Cook_Inlet_75004400006041
195,75004400006357,390,8973302.255075117573142,10.791623333780459,Cook_Inlet,75004400006357,Cook_Inlet_75004400006357
196,75004400006846,390,2802380.146752533502877,3.550273696272219,Cook_Inlet,75004400006846,Cook_Inlet_75004400006846
197,75004400007385,390,10248304.435061236843467,8.612483736355411,Cook_Inlet,75004400007385,Cook_Inlet_75004400007385
198,75004400007387,390,11985123.342191141098738,12.480297887627389,Cook_Inlet,75004400007387,Cook_Inlet_75004400007387
199,75004400007388,390,3344463.100417243316770,7.678430137294473,Cook_Inlet,75004400007388,Cook_Inlet_75004400007388
200,75004400007948,390,314096.894083655322902,0.238567995923181,Cook_Inlet,75004400007948,Cook_Inlet_75004400007948
201,75004400008856,390,2914110.773422902915627,3.321867593661600,Cook_Inlet,75004400008856,Cook_Inlet_75004400008856
202,75004400008917,390,7253177.826084878295660,5.730890085749227,Cook_Inlet,75004400008917,Cook_Inlet_75004400008917
203,75004400009144,390,8707364.832892088219523,13.056183831471524,Cook_Inlet,75004400009144,Cook_Inlet_75004400009144
204,75004400009260,390,6314874.994513526558876,4.391067978717325,Cook_Inlet,75004400009260,Cook_Inlet_75004400009260
205,75004400009261,390,6318518.234752148389816,4.373190717240491,Cook_Inlet,75004400009261,Cook_Inlet_75004400009261
206,75004400009308,390,5294473.524663409218192,7.832038252718941,Cook_Inlet,75004400009308,Cook_Inlet_75004400009308
207,75004400009331,390,8973302.255075119435787,7.228464717617316,Cook_Inlet,75004400009331,Cook_Inlet_75004400009331
208,75004400009919,390,520533.524645226076245,0.695610054725504,Cook_Inlet,75004400009919,Cook_Inlet_75004400009919
209,75004400010320,390,1887650.609166174428537,2.842114303382677,Cook_Inlet,75004400010320,Cook_Inlet_75004400010320
210,75004400010402,390,3887580.706883316859603,8.213234812688041,Cook_Inlet,75004400010402,Cook_Inlet_75004400010402
211,75004400010754,390,6337764.041448657400906,3.866636963924402,Cook_Inlet,75004400010754,Cook_Inlet_75004400010754
212,75004400010810,390,492846.014645294984803,1.451286512961906,Cook_Inlet,75004400010810,Cook_Inlet_75004400010810
213,75004400011322,390,17707.117585825555580,0.031892907316087,Cook_Inlet,75004400011322,Cook_Inlet_75004400011322
214,75004400011711,390,5965727.837117422372103,1.654543470566448,Cook_Inlet,75004400011711,Cook_Inlet_75004400011711
215,75005300011378,390,1213504.706690463703126,0.401554559596738,Cook_Inlet,75005300011378,Cook_Inlet_75005300011378
216,75005300022831,390,2509919.260933219455183,0.716059560559474,Cook_Inlet,75005300022831,Cook_Inlet_75005300022831
217,75005400001203,390,5116356.178836069069803,1.811444346195890,Cook_Inlet,75005400001203,Cook_Inlet_75005400001203
218,75005400013272,390,1190670.289930436061695,10.982472928508356,Cook_Inlet,75005400013272,Cook_Inlet_75005400013272
219,75005400029139,390,137200.022518817277160,0.465501406587672,Cook_Inlet,75005400029139,Cook_Inlet_75005400029139
220,75003900023674,390,9667.914935239459737,0.248650771431894,Copper_River,75003900023674,Copper_River_75003900023674
221,75003900023942,390,38038.370413483949960,0.474351564307382,Copper_River,75003900023942,Copper_River_75003900023942
222,75003900027489,390,32201.665958892932395,0.154013978012590,Copper_River,75003900027489,Copper_River_75003900027489
223,75003900028507,390,228208.765112634748220,10.740246898818940,Copper_River,75003900028507,Copper_River_75003900028507
224,75003900033524,390,212347.892328195914160,0.392857439390344,Copper_River,75003900033524,Copper_River_75003900033524
225,75003900039073,390,18415.669448946533521,0.319695670884207,Copper_River,75003900039073,Copper_River_75003900039073
226,75003900044738,390,63680.083146118093282,1.053887259541662,Copper_River,75003900044738,Copper_River_75003900044738
227,75003900044936,390,125422.937462330388371,2.418269387133249,Copper_River,75003900044936,Copper_River_75003900044936
228,75003900054316,390,274120.209063003771007,0.525492882750862,Copper_River,75003900054316,Copper_River_75003900054316
229,75003900055039,390,223567.101995950011769,6.498476861365098,Copper_River,75003900055039,Copper_River_75003900055039
230,75003900055316,390,14316.252450233838317,0.195211865837692,Copper_River,75003900055316,Copper_River_75003900055316
231,75003900062264,390,3284507.053848896175623,14.827051719502002,Copper_River,75003900062264,Copper_River_75003900062264
232,75003900062338,390,1059274361.715078353881836,2.072912059511484,Copper_River,75003900062338,Copper_River_75003900062338
233,75019600118138,390,333656068.735821187496185,7.331077477355574,Copper_River,75019600118138,Copper_River_75019600118138
234,75019700001794,390,248033.972701864142437,0.174961607488469,Copper_River,75019700001794,Copper_River_75019700001794
235,75019700003889,390,821616.287412187433802,2.910276938461069,Copper_River,75019700003889,Copper_River_75019700003889
236,75019700004084,390,293685.875151045096572,0.875455803216668,Copper_River,75019700004084,Copper_River_75019700004084
237,75019700004190,390,284653.645154745376203,0.076835504237796,Copper_River,75019700004190,Copper_River_75019700004190
238,75019700017692,390,2196422.554798114113510,0.313584450454419,Copper_River,75019700017692,Copper_River_75019700017692
239,75019800001957,390,6051.472868818024835,0.047460298736251,Copper_River,75019800001957,Copper_River_75019800001957
240,75019800010313,390,20596534.725496780127287,3.664727219125327,Copper_River,75019800010313,Copper_River_75019800010313
241,75019800014348,390,111418.217691595011274,0.316691196790668,Copper_River,75019800014348,Copper_River_75019800014348
242,75019800019692,390,41098192.373368017375469,2.531878459742291,Copper_River,75019800019692,Copper_River_75019800019692
243,1023044,390,1219325461.612268447875977,37.342263365911919,Bristol_Bay,1023044,Bristol_Bay_1023044
244,2041471,390,786404.778681025840342,0.066149253577305,Bristol_Bay,2041471,Bristol_Bay_2041471
245,2065755,390,16708795.835369821637869,5.461686607793164,Bristol_Bay,2065755,Bristol_Bay_2065755
246,2065914,390,817016.062172218458727,6.299372867524699,Bristol_Bay,2065914,Bristol_Bay_2065914
247,2066924,390,998848.469383528688923,3.362843091940169,Bristol_Bay,2066924,Bristol_Bay_2066924
248,2066955,390,20948651.861035399138927,6.643785159155185,Bristol_Bay,2066955,Bristol_Bay_2066955
249,2067494,390,2913301.041605158708990,4.644176236653412,Bristol_Bay,2067494,Bristol_Bay_2067494
250,2068072,390,321507.461769458139315,6.242984558330416,Bristol_Bay,2068072,Bristol_Bay_2068072
251,2068584,390,4176601.858090572990477,4.465190597608531,Bristol_Bay,2068584,Bristol_Bay_2068584
252,2070402,390,141279.659535445767688,0.791868639255244,Bristol_Bay,2070402,Bristol_Bay_2070402
253,2071934,390,2165569.722150932997465,1.396456041226732,Bristol_Bay,2071934,Bristol_Bay_2071934
254,2072993,390,59116.869609893270535,0.359633227744650,Bristol_Bay,2072993,Bristol_Bay_2072993
255,2073464,390,1357732.333351592300460,0.409310586699183,Bristol_Bay,2073464,Bristol_Bay_2073464
256,2074424,390,4310025.755349208600819,1.948670144720315,Bristol_Bay,2074424,Bristol_Bay_2074424
257,2078232,390,4559586.212445904500782,4.139361874281993,Bristol_Bay,2078232,Bristol_Bay_2078232
258,2078282,390,4560183.280392359942198,4.067763754735362,Bristol_Bay,2078282,Bristol_Bay_2078282
259,2082373,390,30797881.711848758161068,3.649732700690599,Bristol_Bay,2082373,Bristol_Bay_2082373
260,2082393,390,30797881.711848761886358,3.646463222935534,Bristol_Bay,2082393,Bristol_Bay_2082393
261,2084713,390,1390579.168291398324072,2.601747062637444,Bristol_Bay,2084713,Bristol_Bay_2084713
262,2085642,390,88567201.503414213657379,3.322733956001255,Bristol_Bay,2085642,Bristol_Bay_2085642
263,2085962,390,89880254.228744506835938,3.138169310701828,Bristol_Bay,2085962,Bristol_Bay_2085962
264,2087913,390,457746175.898127079010010,6.028950182685533,Bristol_Bay,2087913,Bristol_Bay_2087913
265,2088163,390,511035146.563850760459900,5.938381967322150,Bristol_Bay,2088163,Bristol_Bay_2088163
266,2088253,390,511183879.454652786254883,5.896569381120406,Bristol_Bay,2088253,Bristol_Bay_2088253
267,2088326,390,32078170.375076416879892,6.519429918751730,Bristol_Bay,2088326,Bristol_Bay_2088326
268,2088586,390,32184850.767561260610819,11.934875647386574,Bristol_Bay,2088586,Bristol_Bay_2088586
269,3023044,390,12781065.933050321415067,8.594676407193857,Bristol_Bay,3023044,Bristol_Bay_3023044
270,3024343,390,867335496.290288925170898,12.841359707835547,Bristol_Bay,3024343,Bristol_Bay_3024343
271,3030955,390,87294431.995893895626068,11.170473058874565,Bristol_Bay,3030955,Bristol_Bay_3030955
272,3033666,390,550568.631249542231672,0.661800800852892,Bristol_Bay,3033666,Bristol_Bay_3033666
273,3033956,390,2334262.704585341271013,0.854704411223028,Bristol_Bay,3033956,Bristol_Bay_3033956
274,3034126,390,3998236.565651114098728,5.045074360161557,Bristol_Bay,3034126,Bristol_Bay_3034126
275,4046617,390,66293.322680596058490,1.108991981675467,Bristol_Bay,4046617,Bristol_Bay_4046617
276,4048046,390,27388.550335570129391,1.230614231468823,Bristol_Bay,4048046,Bristol_Bay_4048046
277,4051055,390,247495.335119091003435,8.013966749314866,Bristol_Bay,4051055,Bristol_Bay_4051055
278,4051056,390,19345.884818112881476,0.583762366267739,Bristol_Bay,4051056,Bristol_Bay_4051056
279,4051616,390,6449.359708918150318,0.195470682818638,Bristol_Bay,4051616,Bristol_Bay_4051616
280,4052076,390,866281.354571241885424,16.112365936412942,Bristol_Bay,4052076,Bristol_Bay_4052076
281,4054120,390,233999.114216547517572,0.904278001679288,Bristol_Bay,4054120,Bristol_Bay_4054120
282,4054200,390,546815.668915057787672,0.309869215429468,Bristol_Bay,4054200,Bristol_Bay_4054200
283,4055337,390,154723.836664171132725,1.710449453494120,Bristol_Bay,4055337,Bristol_Bay_4055337
284,4059016,390,619556.241930954274721,8.742644454759043,Bristol_Bay,4059016,Bristol_Bay_4059016
285,4059736,390,236517.053190172970062,1.976542705204434,Bristol_Bay,4059736,Bristol_Bay_4059736
286,4060036,390,2982.097098973320499,0.032451135523949,Bristol_Bay,4060036,Bristol_Bay_4060036
287,4061136,390,111203.074686337407911,1.217289795478391,Bristol_Bay,4061136,Bristol_Bay_4061136
288,4063606,390,52684.057423432488577,0.301106816237441,Bristol_Bay,4063606,Bristol_Bay_4063606
289,4063775,390,913895.528213910060003,13.481273465318042,Bristol_Bay,4063775,Bristol_Bay_4063775
290,4064055,390,69506.569660893059336,2.787174980387082,Bristol_Bay,4064055,Bristol_Bay_4064055
291,4064845,390,376633.212291348900180,4.347005058647641,Bristol_Bay,4064845,Bristol_Bay_4064845
292,4068584,390,8647.912526194644670,0.463272755461223,Bristol_Bay,4068584,Bristol_Bay_4068584
293,4069455,390,78447.302911236838554,0.839556319216139,Bristol_Bay,4069455,Bristol_Bay_4069455
294,4069495,390,1513129.017695080256090,13.867032796860986,Bristol_Bay,4069495,Bristol_Bay_4069495
295,4069586,390,12203.798679079553040,0.072918575776338,Bristol_Bay,4069586,Bristol_Bay_4069586
296,4071036,390,277528.506775735120755,0.262594495237106,Bristol_Bay,4071036,Bristol_Bay_4071036
297,4071256,390,592631.043067849590443,0.428941420692951,Bristol_Bay,4071256,Bristol_Bay_4071256
298,4071625,390,180092.333082274853950,1.750576743674665,Bristol_Bay,4071625,Bristol_Bay_4071625
299,4073375,390,1727031.259377432987094,10.879759473959814,Bristol_Bay,4073375,Bristol_Bay_4073375
300,4074184,390,0.029339490031959,0.000000934021712,Bristol_Bay,4074184,Bristol_Bay_4074184
301,4074505,390,153824.144328764494276,0.687193511234451,Bristol_Bay,4074505,Bristol_Bay_4074505
302,4074726,390,586241.955029183649458,0.617964547089475,Bristol_Bay,4074726,Bristol_Bay_4074726
303,4075225,390,1741606.199342172825709,6.705242203074532,Bristol_Bay,4075225,Bristol_Bay_4075225
304,4075474,390,6456.057853427142618,0.067640947273088,Bristol_Bay,4075474,Bristol_Bay_4075474
305,4075715,390,338147.373581381805707,1.448689779541170,Bristol_Bay,4075715,Bristol_Bay_4075715
306,4076505,390,9575.143905999195340,0.025170457046568,Bristol_Bay,4076505,Bristol_Bay_4076505
307,4076575,390,389155.338238630327396,0.741527925272065,Bristol_Bay,4076575,Bristol_Bay_4076575
308,4076675,390,932886.599604654358700,4.172794365840002,Bristol_Bay,4076675,Bristol_Bay_4076675
309,4078235,390,1889009.334011071827263,6.162076939172452,Bristol_Bay,4078235,Bristol_Bay_4078235
310,4079234,390,102496.780673187022330,3.095550743655795,Bristol_Bay,4079234,Bristol_Bay_4079234
311,4080045,390,82084.543564120220253,0.102104982148937,Bristol_Bay,4080045,Bristol_Bay_4080045
312,4080875,390,2704708.427579995710403,1.646359435405228,Bristol_Bay,4080875,Bristol_Bay_4080875
313,4082225,390,1244.825255817251218,0.054681539899726,Bristol_Bay,4082225,Bristol_Bay_4082225
314,4084145,390,540209.747863402939402,0.328102981822501,Bristol_Bay,4084145,Bristol_Bay_4084145
315,4084351,390,2828045.752996150404215,3.859317006097500,Bristol_Bay,4084351,Bristol_Bay_4084351
316,4084915,390,8289419.748565644025803,10.251887269042010,Bristol_Bay,4084915,Bristol_Bay_4084915
317,4086815,390,39271943.532061278820038,2.569518560176480,Bristol_Bay,4086815,Bristol_Bay_4086815
318,4087015,390,159089426.804992258548737,13.541725783788383,Bristol_Bay,4087015,Bristol_Bay_4087015
319,4087224,390,13681.033788832624850,0.132736650096854,Bristol_Bay,4087224,Bristol_Bay_4087224
320,4088675,390,381296368.547250270843506,17.205043546467948,Bristol_Bay,4088675,Bristol_Bay_4088675
321,4088904,390,4265.030316884222884,0.031543049239971,Bristol_Bay,4088904,Bristol_Bay_4088904
322,4089074,390,419483.986691373342182,2.072395754718639,Bristol_Bay,4089074,Bristol_Bay_4089074
323,4089384,390,153697.646779231843539,1.411689063414299,Bristol_Bay,4089384,Bristol_Bay_4089384
324,4089394,390,253607.683980615343899,2.310334095349549,Bristol_Bay,4089394,Bristol_Bay_4089394
325,4089574,390,76260.691594190910109,0.495083562246429,Bristol_Bay,4089574,Bristol_Bay_4089574
326,4091164,390,13329.596551419577736,0.037028714238068,Bristol_Bay,4091164,Bristol_Bay_4091164
327,4091424,390,871378.327375312685035,3.399452763344423,Bristol_Bay,4091424,Bristol_Bay_4091424
328,4092244,390,13852.514069880831812,0.062509088434898,Bristol_Bay,4092244,Bristol_Bay_4092244
329,4093084,390,671.286456720461501,0.001625103690438,Bristol_Bay,4093084,Bristol_Bay_4093084
330,4095301,390,347997.690238852228504,0.186546023964275,Bristol_Bay,4095301,Bristol_Bay_4095301
331,4095374,390,1655652.951330256881192,4.658417863629029,Bristol_Bay,4095374,Bristol_Bay_4095374
332,4096064,390,1241493.938341264380142,4.107765048394322,Bristol_Bay,4096064,Bristol_Bay_4096064
333,4096454,390,56154.904287201490661,0.088658545664560,Bristol_Bay,4096454,Bristol_Bay_4096454
334,4098114,390,4398638.229665430262685,4.533500811815312,Bristol_Bay,4098114,Bristol_Bay_4098114
335,4098704,390,3333048.814551794901490,1.875044338018229,Bristol_Bay,4098704,Bristol_Bay_4098704
336,4099594,390,1624157.249744337983429,0.547948714315710,Bristol_Bay,4099594,Bristol_Bay_4099594
337,4099694,390,5001951.371203732676804,1.830351404248027,Bristol_Bay,4099694,Bristol_Bay_4099694
338,4101123,390,540193056.159217119216919,13.747318797071676,Bristol_Bay,4101123,Bristol_Bay_4101123
339,4101274,390,884134.012582852388732,4.515449344658647,Bristol_Bay,4101274,Bristol_Bay_4101274
340,4102124,390,8811509.058018583804369,7.032885326149938,Bristol_Bay,4102124,Bristol_Bay_4102124
341,4104574,390,11076023.337220722809434,2.636454147365176,Bristol_Bay,4104574,Bristol_Bay_4104574
342,4105204,390,12083713.545254454016685,1.744207135606580,Bristol_Bay,4105204,Bristol_Bay_4105204
343,4105594,390,190292.687343690166017,0.173867272265496,Bristol_Bay,4105594,Bristol_Bay_4105594
344,4105844,390,4368098.294726936146617,1.626476071912953,Bristol_Bay,4105844,Bristol_Bay_4105844
345,4106904,390,5463136.222064452245831,3.113937885849322,Bristol_Bay,4106904,Bristol_Bay_4106904
346,4107464,390,198165320.525410592556000,2.108072971082492,Bristol_Bay,4107464,Bristol_Bay_4107464
347,4115672,390,114476606.634401187300682,12.628859347249231,Bristol_Bay,4115672,Bristol_Bay_4115672
348,5008707,390,1654935.067593609215692,1.019393925032252,Bristol_Bay,5008707,Bristol_Bay_5008707
349,5020796,390,2308834.230072111357003,0.668697200935523,Bristol_Bay,5020796,Bristol_Bay_5020796
350,5021476,390,4966706.706223845481873,1.260462611315000,Bristol_Bay,5021476,Bristol_Bay_5021476
351,5030363,390,4540748.848522488959134,6.167643748986363,Bristol_Bay,5030363,Bristol_Bay_5030363
352,5030704,390,1015804.098514871788211,2.284934292129564,Bristol_Bay,5030704,Bristol_Bay_5030704
353,5032474,390,7106548.379319027066231,9.496441954463126,Bristol_Bay,5032474,Bristol_Bay_5032474
354,5033094,390,9847561.832156820222735,3.971788813140083,Bristol_Bay,5033094,Bristol_Bay_5033094
355,5034893,390,59204359.055461138486862,4.444647237390511,Bristol_Bay,5034893,Bristol_Bay_5034893
356,5038375,390,6116623.547711986117065,1.350776406954771,Bristol_Bay,5038375,Bristol_Bay_5038375
357,100826,390,1275654.105309224687517,4.738139758457327,Kodiak,100826,Kodiak_100826
358,101556,390,27388.943750016525883,0.108064911481271,Kodiak,101556,Kodiak_101556
359,103096,390,122483.211715176934376,0.231754559502250,Kodiak,103096,Kodiak_103096
360,103196,390,8017228.191135265864432,11.514489562478031,Kodiak,103196,Kodiak_103196
361,103296,390,391364.462915153999347,0.612772731979423,Kodiak,103296,Kodiak_103296
362,103456,390,716346.701648860122077,1.104437043096693,Kodiak,103456,Kodiak_103456
363,103496,390,310370.938722694234457,0.531202400771367,Kodiak,103496,Kodiak_103496
364,106626,390,17966881.319409772753716,9.715955708430595,Kodiak,106626,Kodiak_106626
365,106676,390,17966881.319409765303135,9.705579445562217,Kodiak,106676,Kodiak_106676
366,107796,390,14604484.554808385670185,3.384625852920681,Kodiak,107796,Kodiak_107796
367,107816,390,15104965.051437042653561,3.230178739416258,Kodiak,107816,Kodiak_107816
368,108356,390,15381770.188044212758541,2.958968217652699,Kodiak,108356,Kodiak_108356
369,128685,390,4272621.653249725699425,4.132556902164659,Kodiak,128685,Kodiak_128685
370,129955,390,40824789.158838085830212,14.713703604772594,Kodiak,129955,Kodiak_129955
371,130295,390,41829497.850110195577145,9.709403297455586,Kodiak,130295,Kodiak_130295
372,130735,390,44505436.691873252391815,7.352187329330033,Kodiak,130735,Kodiak_130735
373,48267,390,13903654.692085502669215,17.259164121404925,Kodiak,48267,Kodiak_48267
374,49617,390,18815463.737936437129974,6.396925926319849,Kodiak,49617,Kodiak_49617
375,50197,390,5285341.131053566001356,10.770540409954243,Kodiak,50197,Kodiak_50197
376,64593,390,6437073.985652931034565,9.817461651262104,Kodiak,64593,Kodiak_64593
377,72144,390,5613.240058109558049,0.133369132724519,Kodiak,72144,Kodiak_72144
378,76954,390,1072121.699708493659273,3.472279006459564,Kodiak,76954,Kodiak_76954
379,77794,390,1542672.373350005364046,2.815172629451546,Kodiak,77794,Kodiak_77794
380,90346,390,247704.213664601789787,3.290176309866400,Kodiak,90346,Kodiak_90346
381,93176,390,2.742384254898824,0.000025902828462,Kodiak,93176,Kodiak_93176
382,94216,390,25974.922099396415433,0.272794241628646,Kodiak,94216,Kodiak_94216
383,97276,390,48634.754560109722661,0.193293435343088,Kodiak,97276,Kodiak_97276
384,99516,390,21524.723973992338870,0.141891007679631,Kodiak,99516,Kodiak_99516
385,18457,390,787431.476937461178750,6.223082151338464,Prince_William_Sound,18457,Prince_William_Sound_18457
386,26464,390,780.677929541680442,0.017311083432195,Prince_William_Sound,26464,Prince_William_Sound_26464
387,29854,390,40876.518145486974390,0.224080376197035,Prince_William_Sound,29854,Prince_William_Sound_29854
388,30884,390,110508.294932369171875,1.312091648746413,Prince_William_Sound,30884,Prince_William_Sound_30884
389,37815,390,575759.864560484304093,10.931249920458779,Prince_William_Sound,37815,Prince_William_Sound_37815
390,38993,390,83031.968442302473704,2.620462300142097,Prince_William_Sound,38993,Prince_William_Sound_38993
391,40285,390,2107853.412629343569279,17.029718542753734,Prince_William_Sound,40285,Prince_William_Sound_40285
392,41515,390,133229.893934738764074,2.507762417127614,Prince_William_Sound,41515,Prince_William_Sound_41515
393,42563,390,9986.085291411509388,0.081433973410734,Prince_William_Sound,42563,Prince_William_Sound_42563
394,43055,390,992843.764916236861609,6.498306541324324,Prince_William_Sound,43055,Prince_William_Sound_43055
395,43185,390,51132.562748283002293,0.213471282175782,Prince_William_Sound,43185,Prince_William_Sound_43185
396,43383,390,9986.085291411509388,0.039073624516911,Prince_William_Sound,43383,Prince_William_Sound_43383
397,43933,390,484188.750159400340635,1.496372557086921,Prince_William_Sound,43933,Prince_William_Sound_43933
398,43973,390,12804.673964606519803,0.076679745160499,Prince_William_Sound,43973,Prince_William_Sound_43973
399,44553,390,1216.190881050732969,0.002418244703564,Prince_William_Sound,44553,Prince_William_Sound_44553
400,46055,390,15697.812627939088998,0.568061541142762,Prince_William_Sound,46055,Prince_William_Sound_46055
401,46513,390,142905.316966351150768,0.030241400983169,Prince_William_Sound,46513,Prince_William_Sound_46513
