OID_,cat_ID_txt,wtd_elev_ZONE_CODE,wtd_elev_COUNT,wtd_elev_AREA,wtd_elev_MIN,wtd_elev_MAX,wtd_elev_RANGE,wtd_elev_MEAN,wtd_elev_STD,wtd_elev_SUM,wtd_elev_VARIETY,wtd_elev_MAJORITY,wtd_elev_MINORITY,wtd_elev_MEDIAN,wtd_elev_PCT90,region,cat_ID_con
1,75004200007057,1,64686.000000000000000,6468600.000000000000000,0,1445,1445,434.362164919764837,375.068177676556218,28097151.000000000000000,1446,5,1428,347,962,Cook_Inlet,Cook_Inlet_75004200007057
2,75004300006312,2,1543049.000000000000000,154304900.000000000000000,59,569,510,250.905217527115980,117.732818764791290,387159045.000000000000000,511,126,569,227,431,Cook_Inlet,Cook_Inlet_75004300006312
3,75004300001906,3,918706.000000000000000,91870600.000000000000000,3,771,768,401.245283039403716,119.883452318931120,368626449.000000000000000,769,377,771,402,546,Cook_Inlet,Cook_Inlet_75004300001906
4,75004300000100,4,289619.000000000000000,28961900.000000000000000,33,417,384,156.209375075529039,85.736552920376553,45241203.000000000000000,385,91,417,128,294,Cook_Inlet,Cook_Inlet_75004300000100
5,75004300004983,5,152611.000000000000000,15261100.000000000000000,21,1472,1451,671.928235841452988,334.256586995125929,102543640.000000000000000,1449,336,29,648,1169,Cook_Inlet,Cook_Inlet_75004300004983
6,75004300004332,6,3301259.000000000000000,330125900.000000000000000,3,629,626,202.572861747592697,144.506284759413631,668745483.000000000000000,627,110,629,143,454,Cook_Inlet,Cook_Inlet_75004300004332
7,75004300006239,7,560344.000000000000000,56034400.000000000000000,2,978,976,238.693366931740115,195.194007580102465,133750396.000000000000000,977,10,952,185,528,Cook_Inlet,Cook_Inlet_75004300006239
8,75004300004304,8,3217937.000000000000000,321793700.000000000000000,81,621,540,367.005907822310064,108.725897203819628,1181001890.000000000000000,541,396,621,369,515,Cook_Inlet,Cook_Inlet_75004300004304
9,75004300002332,9,3107277.000000000000000,310727700.000000000000000,105,621,516,372.873894731625455,105.179257215533184,1158622477.000000000000000,517,396,105,374,517,Cook_Inlet,Cook_Inlet_75004300002332
10,75004300005437,10,93489.000000000000000,9348900.000000000000000,196,462,266,327.900394698842092,76.588916761421473,30655080.000000000000000,267,442,196,314,441,Cook_Inlet,Cook_Inlet_75004300005437
11,75004300003464,11,390603.000000000000000,39060300.000000000000000,237,594,357,408.843180927946833,68.332820163701442,159695373.000000000000000,358,381,594,406,506,Cook_Inlet,Cook_Inlet_75004300003464
12,75004300005171,12,80496.000000000000000,8049600.000000000000000,60,161,101,113.649560226595199,26.800147963844026,9148335.000000000000000,102,75,60,120,146,Cook_Inlet,Cook_Inlet_75004300005171
13,75004300004701,13,1546624.000000000000000,154662400.000000000000000,5,697,692,202.012970831953623,160.792371957768609,312438109.000000000000000,693,92,697,130,460,Cook_Inlet,Cook_Inlet_75004300004701
14,75004300005303,14,962391.000000000000000,96239100.000000000000000,69,526,457,214.348130853259903,90.042243730671188,206286712.000000000000000,458,126,526,199,350,Cook_Inlet,Cook_Inlet_75004300005303
15,75004300006440,15,35525.000000000000000,3552500.000000000000000,251,462,211,402.845939479241167,50.984661028082108,14311102.000000000000000,212,442,251,423,451,Cook_Inlet,Cook_Inlet_75004300006440
16,75004300004254,16,3472709.000000000000000,347270900.000000000000000,44,621,577,351.950762358723580,119.162270050323201,1222222580.000000000000000,578,396,621,358,510,Cook_Inlet,Cook_Inlet_75004300004254
17,75004300001207,17,149355.000000000000000,14935500.000000000000000,44,376,332,158.021137558166799,75.360769887488630,23601247.000000000000000,333,105,44,129,282,Cook_Inlet,Cook_Inlet_75004300001207
18,75004300005245,18,1770612.000000000000000,177061200.000000000000000,16,569,553,226.847688821717611,126.632003045312203,401659240.000000000000000,554,61,569,204,422,Cook_Inlet,Cook_Inlet_75004300005245
19,75004300000311,19,518111.000000000000000,51811100.000000000000000,176,600,424,374.325129171160768,97.373943925316638,193941967.000000000000000,425,224,600,374,509,Cook_Inlet,Cook_Inlet_75004300000311
20,75004300008012,20,594140.000000000000000,59414000.000000000000000,1,1575,1574,680.684227623119227,371.375269201665674,404421727.000000000000000,1572,4,1554,672,1180,Cook_Inlet,Cook_Inlet_75004300008012
21,75004300004192,21,5817770.000000000000000,581777000.000000000000000,6,621,615,291.000303724622768,142.549759403004657,1692972837.000000000000000,616,224,6,295,482,Cook_Inlet,Cook_Inlet_75004300004192
22,75004300007324,22,890415.000000000000000,89041500.000000000000000,74,526,452,221.788501990644505,88.829642756681309,197483809.000000000000000,453,126,74,208,356,Cook_Inlet,Cook_Inlet_75004300007324
23,75004300001162,23,1830453.000000000000000,183045300.000000000000000,7,569,562,221.033518478758538,128.515313223712610,404591467.000000000000000,563,61,7,197,420,Cook_Inlet,Cook_Inlet_75004300001162
24,75004300004217,24,1319525.000000000000000,131952500.000000000000000,3,594,591,202.596610901648660,148.394949909206645,267331293.000000000000000,592,61,594,140,437,Cook_Inlet,Cook_Inlet_75004300004217
25,75004300002207,25,3982948.000000000000000,398294800.000000000000000,7,621,614,323.437423235251970,136.806912503942925,1288234438.000000000000000,615,396,7,336,502,Cook_Inlet,Cook_Inlet_75004300002207
26,75004300003409,26,59851.000000000000000,5985100.000000000000000,256,526,270,386.521996290787627,55.416299612574903,23133728.000000000000000,271,376,256,387,461,Cook_Inlet,Cook_Inlet_75004300003409
27,75004300002142,27,553443.000000000000000,55344300.000000000000000,68,569,501,323.012783610957626,124.652798837465696,178769164.000000000000000,502,443,68,345,472,Cook_Inlet,Cook_Inlet_75004300002142
28,75004300002314,28,10614.000000000000000,1061400.000000000000000,107,161,54,144.152345958169462,11.270015616075824,1530033.000000000000000,55,145,161,147,155,Cook_Inlet,Cook_Inlet_75004300002314
29,75004300003171,29,89147.000000000000000,8914700.000000000000000,103,191,88,138.690814048706045,19.664255632895902,12363870.000000000000000,89,124,103,136,169,Cook_Inlet,Cook_Inlet_75004300003171
30,75004300000101,30,102487.000000000000000,10248700.000000000000000,30,125,95,78.758945036930726,17.748311021040973,8071768.000000000000000,96,60,30,77,108,Cook_Inlet,Cook_Inlet_75004300000101
31,75004300005352,31,589978.000000000000000,58997800.000000000000000,91,526,435,235.574873978350780,86.694643356535124,138983993.000000000000000,436,177,526,220,364,Cook_Inlet,Cook_Inlet_75004300005352
32,75004300000856,32,1569151.000000000000000,156915100.000000000000000,34,815,781,343.386483518793000,182.855095049995242,538825244.000000000000000,782,34,812,297,611,Cook_Inlet,Cook_Inlet_75004300000856
33,75004300004341,33,2684580.000000000000000,268458000.000000000000000,110,621,511,381.996963025873640,106.983298982506142,1025501407.000000000000000,512,408,621,387,524,Cook_Inlet,Cook_Inlet_75004300004341
34,75004300002289,34,81684.000000000000000,8168400.000000000000000,79,346,267,188.321066549139374,54.853116823093707,15382818.000000000000000,267,128,79,184,260,Cook_Inlet,Cook_Inlet_75004300002289
35,75004300007331,35,695310.000000000000000,69531000.000000000000000,2,926,924,336.864299377253246,194.534155486847936,234225116.000000000000000,922,130,920,303,621,Cook_Inlet,Cook_Inlet_75004300007331
36,75004300006376,36,416291.000000000000000,41629100.000000000000000,109,495,386,317.601439858178878,65.835097231442845,132214621.000000000000000,387,277,495,322,399,Cook_Inlet,Cook_Inlet_75004300006376
37,75004300002278,37,43442.000000000000000,4344200.000000000000000,99,376,277,230.952695548085558,76.136407748269818,10033047.000000000000000,278,108,99,233,325,Cook_Inlet,Cook_Inlet_75004300002278
38,75004300002352,38,5719.000000000000000,571900.000000000000000,111,146,35,129.508305647840871,7.404357297634687,740658.000000000000000,36,123,111,129,140,Cook_Inlet,Cook_Inlet_75004300002352
39,75004300001210,39,36489.000000000000000,3648900.000000000000000,55,114,59,81.612540765709937,13.922065037533137,2977960.000000000000000,60,90,55,82,103,Cook_Inlet,Cook_Inlet_75004300001210
40,75004300004452,40,1610459.000000000000000,161045900.000000000000000,176,621,445,421.668654091783708,90.685015448044766,679080079.000000000000000,446,396,621,423,543,Cook_Inlet,Cook_Inlet_75004300004452
41,75004300000105,41,1175244.000000000000000,117524400.000000000000000,29,594,565,218.752536494547542,149.271301898554782,257087606.000000000000000,566,61,594,156,444,Cook_Inlet,Cook_Inlet_75004300000105
42,75004300006071,42,2132734.000000000000000,213273400.000000000000000,0,1747,1747,817.047298913039185,346.686507188642565,1742544554.000000000000000,1747,349,1697,840,1271,Cook_Inlet,Cook_Inlet_75004300006071
43,75004300004324,43,5709193.000000000000000,570919300.000000000000000,10,889,879,408.973434073780084,180.005660797997052,2334908267.000000000000000,880,433,10,426,624,Cook_Inlet,Cook_Inlet_75004300004324
44,75004300001288,44,417341.000000000000000,41734100.000000000000000,154,569,415,378.595292578488852,86.791747502147189,158003338.000000000000000,416,443,154,389,487,Cook_Inlet,Cook_Inlet_75004300001288
45,75004300006013,45,448071.000000000000000,44807100.000000000000000,32,403,371,149.948572882423122,99.477785568110235,67187607.000000000000000,372,42,32,114,305,Cook_Inlet,Cook_Inlet_75004300006013
46,75004400004829,46,1255548.000000000000000,125554800.000000000000000,153,1614,1461,550.174277685917673,332.110515069272708,690770214.000000000000000,1455,205,1586,416,1068,Cook_Inlet,Cook_Inlet_75004400004829
47,75004400000576,47,2782677.000000000000000,278267700.000000000000000,133,1614,1481,775.304160705679806,368.194917071763030,2157421056.000000000000000,1482,441,133,784,1269,Cook_Inlet,Cook_Inlet_75004400000576
48,75004400006041,48,6457287.000000000000000,645728700.000000000000000,43,990,947,111.632922928778541,82.046649294757927,720845822.000000000000000,947,66,967,90,159,Cook_Inlet,Cook_Inlet_75004400006041
49,75004400010402,49,473323.000000000000000,47332300.000000000000000,23,71,48,36.383843590951784,6.576538879672559,17221310.000000000000000,49,32,69,36,45,Cook_Inlet,Cook_Inlet_75004400010402
50,75004400008856,50,877237.000000000000000,87723700.000000000000000,126,1888,1762,796.991225860284544,401.416094094845846,699150192.000000000000000,1757,228,1871,791,1339,Cook_Inlet,Cook_Inlet_75004400008856
51,75004400010754,51,1639147.000000000000000,163914700.000000000000000,98,1614,1516,586.458071789777705,345.847386707081853,961290989.000000000000000,1510,205,98,494,1098,Cook_Inlet,Cook_Inlet_75004400010754
52,75004400010810,52,339578.000000000000000,33957800.000000000000000,205,1614,1409,700.123715317241249,294.357144128065045,237746611.000000000000000,1394,516,1553,680,1109,Cook_Inlet,Cook_Inlet_75004400010810
53,75004400002950,53,1416301.000000000000000,141630100.000000000000000,125,1478,1353,777.376844328996981,266.456958048474462,1100999602.000000000000000,1354,386,1475,776,1139,Cook_Inlet,Cook_Inlet_75004400002950
54,75004400009144,54,666880.000000000000000,66688000.000000000000000,56,871,815,172.953364923224598,114.997934188036695,115339140.000000000000000,814,80,842,129,326,Cook_Inlet,Cook_Inlet_75004400009144
55,75004400006357,55,831509.000000000000000,83150900.000000000000000,280,1597,1317,717.402094264763718,308.224003888434595,596526298.000000000000000,1312,355,1556,681,1154,Cook_Inlet,Cook_Inlet_75004400006357
56,75004400007385,56,1189986.000000000000000,118998600.000000000000000,18,150,132,75.889223906835340,15.889836508841993,90307114.000000000000000,133,62,150,75,96,Cook_Inlet,Cook_Inlet_75004400007385
57,75004400007948,57,1316578.000000000000000,131657800.000000000000000,147,1579,1432,831.503239458651592,345.455097787379827,1094738872.000000000000000,1433,292,1563,876,1263,Cook_Inlet,Cook_Inlet_75004400007948
58,75004400009261,58,1444874.000000000000000,144487400.000000000000000,135,1614,1479,560.345124211521920,335.246302990648871,809628101.000000000000000,1473,205,135,443,1071,Cook_Inlet,Cook_Inlet_75004400009261
59,75004400001510,59,988257.000000000000000,98825700.000000000000000,19,119,100,47.544198523258700,19.216120300377465,46985887.000000000000000,101,41,119,41,81,Cook_Inlet,Cook_Inlet_75004400001510
60,75004400007387,60,960300.000000000000000,96030000.000000000000000,5,105,100,36.564585025512649,13.243590571038654,35112971.000000000000000,101,27,105,35,52,Cook_Inlet,Cook_Inlet_75004400007387
61,75004400010320,61,664204.000000000000000,66420400.000000000000000,10,137,127,67.739686903420903,20.676219438223814,44992971.000000000000000,128,60,137,65,96,Cook_Inlet,Cook_Inlet_75004400010320
62,75004400001568,62,3524468.000000000000000,352446800.000000000000000,35,1536,1501,305.400460154552604,232.059760712071125,1076374149.000000000000000,1501,84,1492,223,614,Cook_Inlet,Cook_Inlet_75004400001568
63,75004400008917,63,1265659.000000000000000,126565900.000000000000000,6,119,113,45.079589368068454,19.924068577412637,57055388.000000000000000,114,41,6,40,80,Cook_Inlet,Cook_Inlet_75004400008917
64,75004400001952,64,16736970.000000000000000,1673697000.000000000000000,126,1979,1853,745.956390911849667,406.803215411427914,12485049736.000000000000000,1848,126,1890,738,1305,Cook_Inlet,Cook_Inlet_75004400001952
65,75004400009919,65,748305.000000000000000,74830500.000000000000000,237,1678,1441,894.948259065482148,290.695772479678169,669694257.000000000000000,1438,439,1646,922,1256,Cook_Inlet,Cook_Inlet_75004400009919
66,75004400001498,66,51588387.000000000000000,5158838700.000000000000000,12,1979,1967,543.478877193812878,445.873863141839649,28037198643.000000000000000,1962,58,1890,410,1218,Cook_Inlet,Cook_Inlet_75004400001498
67,75004400011711,67,3605700.000000000000000,360570000.000000000000000,3,2000,1997,702.670707768260627,453.282963387014831,2533619771.000000000000000,1998,49,1982,719,1290,Cook_Inlet,Cook_Inlet_75004400011711
68,75004400003452,68,153438.000000000000000,15343800.000000000000000,420,1337,917,832.263220323521978,231.728097483218164,127700804.000000000000000,918,420,1331,849,1127,Cook_Inlet,Cook_Inlet_75004400003452
69,75004400007388,69,435612.000000000000000,43561200.000000000000000,23,119,96,60.219647300808894,20.227190855333877,26232401.000000000000000,97,41,119,54,89,Cook_Inlet,Cook_Inlet_75004400007388
70,75004400000627,70,4105885.000000000000000,410588500.000000000000000,2,1530,1528,791.782289080190367,283.327610890966923,3250967024.000000000000000,1528,918,2,822,1140,Cook_Inlet,Cook_Inlet_75004400000627
71,75004400003042,71,6821343.000000000000000,682134300.000000000000000,4,160,156,64.920477536460069,19.888689781618456,442844845.000000000000000,157,57,160,63,91,Cook_Inlet,Cook_Inlet_75004400003042
72,75004400002041,72,839867.000000000000000,83986700.000000000000000,146,1614,1468,815.701652761693595,340.020757293340239,685080900.000000000000000,1469,441,148,783,1302,Cook_Inlet,Cook_Inlet_75004400002041
73,75004400011322,73,555235.000000000000000,55523500.000000000000000,191,1677,1486,718.363442506323395,312.370576895567012,398860526.000000000000000,1485,370,1668,701,1147,Cook_Inlet,Cook_Inlet_75004400011322
74,75004400001872,74,1010798.000000000000000,101079800.000000000000000,168,1614,1446,528.341352080236220,311.848017146670770,534046382.000000000000000,1440,205,1586,397,1021,Cook_Inlet,Cook_Inlet_75004400001872
75,75004400009331,75,1241381.000000000000000,124138100.000000000000000,125,1597,1472,744.315974708811495,315.133868656159507,923979709.000000000000000,1471,355,127,733,1181,Cook_Inlet,Cook_Inlet_75004400009331
76,75004400009308,76,676006.000000000000000,67600600.000000000000000,200,1614,1414,578.040249642752428,329.861646870846585,390758677.000000000000000,1408,205,1586,501,1075,Cook_Inlet,Cook_Inlet_75004400009308
77,75004400006846,77,789352.000000000000000,78935200.000000000000000,222,1888,1666,845.170737516340409,389.213029443993207,667137212.000000000000000,1661,228,1871,858,1356,Cook_Inlet,Cook_Inlet_75004400006846
78,75004400003154,78,32059391.000000000000000,3205939100.000000000000000,52,1979,1927,688.566245254000478,426.733557348230875,22075014486.000000000000000,1922,58,1890,682,1269,Cook_Inlet,Cook_Inlet_75004400003154
79,75004400002951,79,373401.000000000000000,37340100.000000000000000,147,1611,1464,564.994351916576989,388.502926964109861,210969456.000000000000000,1456,189,1548,397,1193,Cook_Inlet,Cook_Inlet_75004400002951
80,75004400009260,80,1438151.000000000000000,143815100.000000000000000,151,1614,1463,562.022509458324294,335.110961265935487,808273234.000000000000000,1457,205,1586,447,1072,Cook_Inlet,Cook_Inlet_75004400009260
81,75000100000981,81,1099690.000000000000000,109969000.000000000000000,8,1593,1585,290.635903754694084,294.897500747067909,319609397.000000000000000,1586,245,1578,188,709,Cook_Inlet,Cook_Inlet_75000100000981
82,75000100003094,82,2345716.000000000000000,234571600.000000000000000,108,2120,2012,897.102937439997504,308.539611391344351,2104348714.000000000000000,2003,831,2062,896,1295,Cook_Inlet,Cook_Inlet_75000100003094
83,75000100003947,83,790889.000000000000000,79088900.000000000000000,32,227,195,134.841026996201776,35.867189752073180,106644285.000000000000000,196,103,32,133,182,Cook_Inlet,Cook_Inlet_75000100003947
84,75000100002463,84,3194916.000000000000000,319491600.000000000000000,2,2120,2118,711.084991905890547,424.984488848732610,2271856818.000000000000000,2109,93,2062,757,1236,Cook_Inlet,Cook_Inlet_75000100002463
85,75000100001919,85,729483.000000000000000,72948300.000000000000000,70,1658,1588,838.724007276386033,319.365728791067966,611834905.000000000000000,1584,992,1604,867,1219,Cook_Inlet,Cook_Inlet_75000100001919
86,75000100004336,86,808713.000000000000000,80871300.000000000000000,3,1390,1387,200.122050715149214,257.593633785397458,161841304.000000000000000,1382,71,3,87,652,Cook_Inlet,Cook_Inlet_75000100004336
87,75000100000004,87,1715291.000000000000000,171529100.000000000000000,5,1658,1653,551.913027002413287,444.193248574106690,946691448.000000000000000,1652,34,1646,527,1165,Cook_Inlet,Cook_Inlet_75000100000004
88,75000100000652,88,3231618.000000000000000,323161800.000000000000000,-2,176,178,79.704764300731426,30.785523390474427,257575351.000000000000000,179,45,176,76,123,Cook_Inlet,Cook_Inlet_75000100000652
89,75000100004200,89,574356.000000000000000,57435600.000000000000000,139,1593,1454,447.352810800270277,336.791433269505376,256939771.000000000000000,1455,245,1578,274,1051,Cook_Inlet,Cook_Inlet_75000100004200
90,75000100002523,90,1823147.000000000000000,182314700.000000000000000,46,176,130,97.015390421068673,25.843329087694652,176873318.000000000000000,131,97,176,96,133,Cook_Inlet,Cook_Inlet_75000100002523
91,75000100000059,91,359312.000000000000000,35931200.000000000000000,3,1538,1535,647.231687224472580,365.979901127957419,232558112.000000000000000,1536,961,1533,661,1125,Cook_Inlet,Cook_Inlet_75000100000059
92,75000400000173,92,777930.000000000000000,77793000.000000000000000,14,1914,1900,612.523062486341360,537.376332933554750,476500066.000000000000000,1895,16,1872,581,1397,Cook_Inlet,Cook_Inlet_75000400000173
93,75000400009620,93,53268591.000000000000000,5326859100.000000000000000,53,3896,3843,1298.586107787230731,558.680152700007170,69173852254.000000000000000,3843,1481,3877,1315,1959,Cook_Inlet,Cook_Inlet_75000400009620
94,75000400014405,94,161305.000000000000000,16130500.000000000000000,13,606,593,56.771848361798931,54.928004286507502,9157583.000000000000000,572,42,13,42,103,Cook_Inlet,Cook_Inlet_75000400014405
95,75000400014403,95,1304478.000000000000000,130447800.000000000000000,117,2109,1992,941.865852087964640,462.496711411448644,1228643283.000000000000000,1963,235,2063,1008,1517,Cook_Inlet,Cook_Inlet_75000400014403
96,75000700036166,96,162868962.000000000000000,16286896200.000000000000000,116,4003,3887,1070.564358075730524,358.084856860490561,174361705754.000000000000000,3888,720,4003,1006,1544,Cook_Inlet,Cook_Inlet_75000700036166
97,75000700030756,97,133627206.000000000000000,13362720600.000000000000000,437,4003,3566,1112.418183135483105,347.201372409322005,148649333716.000000000000000,3567,720,4003,1031,1588,Cook_Inlet,Cook_Inlet_75000700030756
98,75000700032122,98,23817778.000000000000000,2381777800.000000000000000,742,4003,3261,1338.732402283707643,463.065067306053436,31885631159.000000000000000,3262,787,4003,1275,1976,Cook_Inlet,Cook_Inlet_75000700032122
99,75000500009621,99,4070930.000000000000000,407093000.000000000000000,521,1943,1422,1144.788370961918872,271.148755017656811,4660353323.000000000000000,1422,1184,1918,1152,1495,Cook_Inlet,Cook_Inlet_75000500009621
100,75000500011984,100,997549.000000000000000,99754900.000000000000000,162,875,713,588.609584090607655,157.166868791794769,587166902.000000000000000,714,714,162,627,770,Cook_Inlet,Cook_Inlet_75000500011984
101,75000500009975,101,1260419.000000000000000,126041900.000000000000000,180,1356,1176,534.809398303262014,235.141756729132766,674083927.000000000000000,1168,230,1333,505,856,Cook_Inlet,Cook_Inlet_75000500009975
102,75000500010609,102,65286252.000000000000000,6528625200.000000000000000,149,5738,5589,1094.556223781982453,633.876547694900410,71459473454.000000000000000,5542,198,5424,1020,1892,Cook_Inlet,Cook_Inlet_75000500010609
103,75000300025361,103,52122623.000000000000000,5212262300.000000000000000,116,2663,2547,1098.806367476970308,497.120094524242234,57272670042.000000000000000,2548,554,2663,1060,1780,Cook_Inlet,Cook_Inlet_75000300025361
104,75000600010189,104,157947878.000000000000000,15794787800.000000000000000,15,6167,6152,822.266223766516759,659.770752236356657,129875205195.000000000000000,6152,46,6154,688,1663,Cook_Inlet,Cook_Inlet_75000600010189
105,75000600030148,105,1698813.000000000000000,169881300.000000000000000,231,1378,1147,715.405029864969038,213.298927440583640,1215339365.000000000000000,1147,610,1376,658,1039,Cook_Inlet,Cook_Inlet_75000600030148
106,75000200008033,106,3592113.000000000000000,359211300.000000000000000,65,453,388,211.614572258723712,100.752587651021500,760143456.000000000000000,389,76,453,217,340,Cook_Inlet,Cook_Inlet_75000200008033
107,75000200002920,107,3755166.000000000000000,375516600.000000000000000,64,453,389,206.313797579121882,101.699614512769898,774742558.000000000000000,390,75,453,203,338,Cook_Inlet,Cook_Inlet_75000200002920
108,75000200000411,108,3083566.000000000000000,308356600.000000000000000,70,453,383,229.302939194426415,97.268900925786212,707070747.000000000000000,384,303,453,254,345,Cook_Inlet,Cook_Inlet_75000200000411
109,75000200008551,109,3996720.000000000000000,399672000.000000000000000,42,1831,1789,541.815302548084674,412.168281928967929,2165484056.000000000000000,1789,62,1720,526,1150,Cook_Inlet,Cook_Inlet_75000200008551
110,75000200007305,110,625169.000000000000000,62516900.000000000000000,557,2118,1561,1214.442056467917837,303.561030420478573,759231526.000000000000000,1510,1479,2031,1224,1616,Cook_Inlet,Cook_Inlet_75000200007305
111,75000200015657,111,512507.000000000000000,51250700.000000000000000,109,339,230,242.140768809010581,54.848038105887312,124098839.000000000000000,231,302,109,250,307,Cook_Inlet,Cook_Inlet_75000200015657
112,75000200003107,112,4135336.000000000000000,413533600.000000000000000,91,451,360,193.437438699056088,68.339486495347089,799928804.000000000000000,361,118,451,185,293,Cook_Inlet,Cook_Inlet_75000200003107
113,75000200008009,113,322650.000000000000000,32265000.000000000000000,107,264,157,188.227822718115874,47.607993084499419,60731707.000000000000000,158,242,264,191,248,Cook_Inlet,Cook_Inlet_75000200008009
114,75000200013536,114,286681345.000000000000000,28668134500.000000000000000,80,5738,5658,1061.338123608953538,476.710971292471186,304265840776.000000000000000,5611,720,5424,1004,1655,Cook_Inlet,Cook_Inlet_75000200013536
115,75000200015867,115,3956006.000000000000000,395600600.000000000000000,92,451,359,197.040316167366797,67.680906217384376,779492673.000000000000000,360,118,451,190,295,Cook_Inlet,Cook_Inlet_75000200015867
116,75000200010712,116,179061.000000000000000,17906100.000000000000000,92,132,40,113.990143023885139,6.519738263001077,20411189.000000000000000,41,115,132,115,122,Cook_Inlet,Cook_Inlet_75000200010712
117,75000200003070,117,179917.000000000000000,17991700.000000000000000,93,151,58,120.645836691363229,12.090634102227677,21706237.000000000000000,59,128,151,123,134,Cook_Inlet,Cook_Inlet_75000200003070
118,75000200006065,118,3814212.000000000000000,381421200.000000000000000,97,1597,1500,625.815427406745926,315.113063138835685,2386992713.000000000000000,1499,174,1591,643,1070,Cook_Inlet,Cook_Inlet_75000200006065
119,75000200010532,119,3045703.000000000000000,304570300.000000000000000,74,453,379,231.222334548050384,96.326418947540191,704234558.000000000000000,380,303,453,256,345,Cook_Inlet,Cook_Inlet_75000200010532
120,75000200005573,120,3766529.000000000000000,376652900.000000000000000,93,451,358,200.940768277637034,66.972093431055399,756849231.000000000000000,359,146,451,195,297,Cook_Inlet,Cook_Inlet_75000200005573
121,75000200005575,121,3946604.000000000000000,394660400.000000000000000,93,451,358,197.276034028243032,67.588564494660233,778570385.000000000000000,359,118,451,190,295,Cook_Inlet,Cook_Inlet_75000200005575
122,75000200018331,122,16438607.000000000000000,1643860700.000000000000000,29,453,424,148.457448614715020,85.751762229534037,2440433654.000000000000000,425,106,453,116,289,Cook_Inlet,Cook_Inlet_75000200018331
123,75000200005504,123,11895267.000000000000000,1189526700.000000000000000,29,453,424,171.210550633289756,89.439488449044660,2036595213.000000000000000,425,67,29,154,305,Cook_Inlet,Cook_Inlet_75000200005504
124,75000200003013,124,9098580.000000000000000,909858000.000000000000000,36,453,417,182.149542565982983,91.484092560243610,1657302185.000000000000000,418,76,453,164,314,Cook_Inlet,Cook_Inlet_75000200003013
125,75000200015680,125,3508325.000000000000000,350832500.000000000000000,70,453,383,214.919241518388645,99.624847181423632,754006548.000000000000000,384,92,453,223,341,Cook_Inlet,Cook_Inlet_75000200015680
126,75000200000416,126,2499552.000000000000000,249955200.000000000000000,75,453,378,259.826559319430373,81.919799681654538,649449996.000000000000000,379,303,453,282,350,Cook_Inlet,Cook_Inlet_75000200000416
127,75000200005413,127,607715.000000000000000,60771500.000000000000000,105,275,170,194.595315238228551,44.171406618844138,118258492.000000000000000,171,242,275,197,250,Cook_Inlet,Cook_Inlet_75000200005413
128,75000200002930,128,2347633.000000000000000,234763300.000000000000000,107,451,344,226.056850027240017,65.423428122240281,530698521.000000000000000,345,214,451,217,312,Cook_Inlet,Cook_Inlet_75000200002930
129,75000200010359,129,34781.000000000000000,3478100.000000000000000,117,189,72,151.009229176849232,17.564878105322549,5252252.000000000000000,73,170,189,154,171,Cook_Inlet,Cook_Inlet_75000200010359
130,75000200010144,130,495207.000000000000000,49520700.000000000000000,118,344,226,227.832777000323318,46.870995446216710,112824386.000000000000000,227,221,344,226,288,Cook_Inlet,Cook_Inlet_75000200010144
131,75000200018266,131,1582224.000000000000000,158222400.000000000000000,115,451,336,230.919287028891034,66.461549893054325,365366038.000000000000000,337,212,451,219,329,Cook_Inlet,Cook_Inlet_75000200018266
132,75000200002753,132,798285.000000000000000,79828500.000000000000000,217,453,236,322.750652962287347,38.012540336204303,257647005.000000000000000,237,313,453,316,377,Cook_Inlet,Cook_Inlet_75000200002753
133,75000200015505,133,594887.000000000000000,59488700.000000000000000,258,453,195,335.063884401575024,33.903419154411012,199325149.000000000000000,196,313,258,323,387,Cook_Inlet,Cook_Inlet_75000200015505
134,75000200015584,134,301833.000000000000000,30183300.000000000000000,208,339,131,280.917126357951588,27.779725985414981,84790059.000000000000000,132,302,208,287,312,Cook_Inlet,Cook_Inlet_75000200015584
135,75000200002806,135,16048.000000000000000,1604800.000000000000000,208,267,59,248.049476570289215,7.688389670018330,3980698.000000000000000,60,246,267,249,256,Cook_Inlet,Cook_Inlet_75000200002806
136,75000200007853,136,633574.000000000000000,63357400.000000000000000,238,453,215,332.013704792178544,35.379427933943511,210355251.000000000000000,216,313,238,321,385,Cook_Inlet,Cook_Inlet_75000200007853
137,75000200018577,137,858470.000000000000000,85847000.000000000000000,91,325,234,173.969267417616493,47.500774525638334,149347397.000000000000000,235,224,318,170,245,Cook_Inlet,Cook_Inlet_75000200018577
138,75000200015695,138,437328.000000000000000,43732800.000000000000000,143,382,239,250.419920517323305,46.562965551489910,109515643.000000000000000,240,205,143,252,313,Cook_Inlet,Cook_Inlet_75000200015695
139,75000200013033,139,19222.000000000000000,1922200.000000000000000,258,305,47,286.449953178649650,8.601101607264630,5506141.000000000000000,48,281,305,287,297,Cook_Inlet,Cook_Inlet_75000200013033
140,75000200005075,140,74426.000000000000000,7442600.000000000000000,258,314,56,299.508706634780651,8.358352049872719,22291235.000000000000000,57,303,314,302,308,Cook_Inlet,Cook_Inlet_75000200005075
141,75000200007839,141,1592250.000000000000000,159225000.000000000000000,188,453,265,307.863393311351956,43.714288926021219,490195488.000000000000000,266,303,453,308,362,Cook_Inlet,Cook_Inlet_75000200007839
142,75000200007958,142,34524.000000000000000,3452400.000000000000000,221,270,49,248.726567025835948,9.801016443240574,8587036.000000000000000,50,253,221,250,262,Cook_Inlet,Cook_Inlet_75000200007958
143,75000200013189,143,952030.000000000000000,95203000.000000000000000,143,451,308,239.802242576389546,66.605594970384672,228298929.000000000000000,309,212,451,219,362,Cook_Inlet,Cook_Inlet_75000200013189
144,75000200002934,144,2309447.000000000000000,230944700.000000000000000,109,451,342,227.834197104328268,64.470338559527860,526171003.000000000000000,343,214,451,218,313,Cook_Inlet,Cook_Inlet_75000200002934
145,75000200018235,145,28636.000000000000000,2863600.000000000000000,130,218,88,175.708653443218225,24.216522171248318,5031593.000000000000000,89,208,147,174,208,Cook_Inlet,Cook_Inlet_75000200018235
146,75000200013258,146,18276.000000000000000,1827600.000000000000000,138,163,25,153.397898883781295,5.077137953030888,2803500.000000000000000,26,158,138,154,159,Cook_Inlet,Cook_Inlet_75000200013258
147,75000200018069,147,57409.000000000000000,5740900.000000000000000,229,314,85,288.498754550680076,10.286957480585007,16562425.000000000000000,86,297,229,289,301,Cook_Inlet,Cook_Inlet_75000200018069
148,75000200013187,148,1401892.000000000000000,140189200.000000000000000,133,451,318,242.305728258667671,61.578440582838240,339686462.000000000000000,319,212,451,226,335,Cook_Inlet,Cook_Inlet_75000200013187
149,75000200007646,149,100664.000000000000000,10066400.000000000000000,132,191,59,154.267672653580064,11.396672099672074,15529201.000000000000000,60,146,132,152,171,Cook_Inlet,Cook_Inlet_75000200007646
150,75000200000010,150,85316.000000000000000,8531600.000000000000000,278,402,124,348.302909184676878,21.488761655027570,29715811.000000000000000,125,345,278,349,376,Cook_Inlet,Cook_Inlet_75000200000010
151,75000200013185,151,1400323.000000000000000,140032300.000000000000000,137,451,314,242.423630119622487,61.512037408096532,339471385.000000000000000,315,212,451,226,335,Cook_Inlet,Cook_Inlet_75000200013185
152,75000200010344,152,194869.000000000000000,19486900.000000000000000,217,314,97,281.410475755508457,20.418431212553688,54838178.000000000000000,98,303,217,285,305,Cook_Inlet,Cook_Inlet_75000200010344
153,75000200010538,153,1796844.000000000000000,179684400.000000000000000,109,451,342,223.759889561920801,66.395760115313024,402061615.000000000000000,343,212,451,214,321,Cook_Inlet,Cook_Inlet_75000200010538
154,75000200010547,154,1403169.000000000000000,140316900.000000000000000,131,451,320,242.207465387277040,61.636475149780303,339858007.000000000000000,321,212,451,226,335,Cook_Inlet,Cook_Inlet_75000200010547
155,75000200005606,155,83377.000000000000000,8337700.000000000000000,141,202,61,168.933578804707963,11.551027943860596,14085175.000000000000000,62,167,202,167,188,Cook_Inlet,Cook_Inlet_75000200005606
156,75000200002554,156,23533.000000000000000,2353300.000000000000000,141,171,30,157.971359367696635,5.767447174741587,3717540.000000000000000,31,161,171,159,165,Cook_Inlet,Cook_Inlet_75000200002554
157,75000200017518,157,447546.000000000000000,44754600.000000000000000,557,1970,1413,1197.939963713211228,260.409597101950851,536133239.000000000000000,1372,1289,1845,1214,1529,Cook_Inlet,Cook_Inlet_75000200017518
158,75000200018332,158,15678419.000000000000000,1567841900.000000000000000,29,453,424,151.144648130656265,86.664945562924387,2369709123.000000000000000,425,106,453,118,293,Cook_Inlet,Cook_Inlet_75000200018332
159,75000200015469,159,436110.000000000000000,43611000.000000000000000,190,402,212,318.937850542294882,34.403377805699897,139091986.000000000000000,213,345,402,320,358,Cook_Inlet,Cook_Inlet_75000200015469
160,75000200010540,160,1742040.000000000000000,174204000.000000000000000,115,451,336,226.580884480264558,65.394036161360788,394712964.000000000000000,337,212,451,215,323,Cook_Inlet,Cook_Inlet_75000200010540
161,75000200018806,161,9122745.000000000000000,912274500.000000000000000,51,2402,2351,995.528140817280246,518.938440256892136,9081949369.000000000000000,2329,171,2349,1072,1643,Cook_Inlet,Cook_Inlet_75000200018806
162,75000200003094,162,8645520.000000000000000,864552000.000000000000000,38,453,415,188.361828206978998,89.605496905389700,1628485953.000000000000000,416,118,453,172,316,Cook_Inlet,Cook_Inlet_75000200003094
163,75000200014914,163,1160753.000000000000000,116075300.000000000000000,526,2118,1592,1190.173122102621846,291.177186125290632,1381497022.000000000000000,1541,1289,2031,1201,1567,Cook_Inlet,Cook_Inlet_75000200014914
164,75000200007639,164,1143712.000000000000000,114371200.000000000000000,191,453,262,304.578634306538618,45.436087481345972,348350239.000000000000000,263,303,453,305,366,Cook_Inlet,Cook_Inlet_75000200007639
165,75000200013266,165,9098317.000000000000000,909831700.000000000000000,36,453,417,182.153724694358459,91.482107674608997,1657292330.000000000000000,418,76,453,164,314,Cook_Inlet,Cook_Inlet_75000200013266
166,75000200010391,166,132877.000000000000000,13287700.000000000000000,246,314,68,288.471338154835962,16.674039294956753,38331206.000000000000000,69,303,314,293,306,Cook_Inlet,Cook_Inlet_75000200010391
167,75000200015860,167,426460.000000000000000,42646000.000000000000000,38,84,46,64.720299676405730,7.247365214375082,27600619.000000000000000,47,65,38,65,74,Cook_Inlet,Cook_Inlet_75000200015860
168,75000200005503,168,727692.000000000000000,72769200.000000000000000,31,173,142,95.191203146385746,28.530621308668699,69269877.000000000000000,143,58,173,93,136,Cook_Inlet,Cook_Inlet_75000200005503
169,75000200000213,169,699122.000000000000000,69912200.000000000000000,236,453,217,329.016952692090399,35.747986307756463,230022990.000000000000000,218,313,453,320,381,Cook_Inlet,Cook_Inlet_75000200000213
170,75000200015782,170,306506.000000000000000,30650600.000000000000000,37,97,60,61.231372305925660,7.850309374736958,18767783.000000000000000,61,67,95,63,69,Cook_Inlet,Cook_Inlet_75000200015782
171,75000200011141,171,1654637.000000000000000,165463700.000000000000000,51,1043,992,330.266870618752989,200.731950558369107,546471784.000000000000000,993,84,1043,336,588,Cook_Inlet,Cook_Inlet_75000200011141
172,75000200008051,172,31954.000000000000000,3195400.000000000000000,111,129,18,120.064686737184701,3.405403537412346,3836547.000000000000000,19,119,129,120,125,Cook_Inlet,Cook_Inlet_75000200008051
173,75000200013319,173,3635571.000000000000000,363557100.000000000000000,31,167,136,89.712497156566599,26.162256598502893,326156153.000000000000000,137,53,167,96,118,Cook_Inlet,Cook_Inlet_75000200013319
174,75000200007852,174,728503.000000000000000,72850300.000000000000000,228,453,225,326.686120716043206,37.020039320675437,237991819.000000000000000,226,313,453,319,380,Cook_Inlet,Cook_Inlet_75000200007852
175,75000200000465,175,2334684.000000000000000,233468400.000000000000000,32,344,312,151.284450914984546,68.202291567959662,353201387.000000000000000,313,61,344,148,248,Cook_Inlet,Cook_Inlet_75000200000465
176,75000200013237,176,9546101.000000000000000,954610100.000000000000000,31,453,422,176.274697596432446,93.184543935351485,1682736067.000000000000000,423,67,453,156,312,Cook_Inlet,Cook_Inlet_75000200013237
177,75000200007870,177,39568.000000000000000,3956800.000000000000000,277,314,37,293.150828952688869,7.199123699893309,11599392.000000000000000,38,297,314,294,302,Cook_Inlet,Cook_Inlet_75000200007870
178,75000200000011,178,62934.000000000000000,6293400.000000000000000,239,350,111,301.566259891312995,23.634795115617329,18978771.000000000000000,112,327,350,307,327,Cook_Inlet,Cook_Inlet_75000200000011
179,75000200013953,179,4126813.000000000000000,412681300.000000000000000,75,2118,2043,657.164918788417594,483.367249780551049,2711996730.000000000000000,1992,124,2031,571,1344,Cook_Inlet,Cook_Inlet_75000200013953
180,75000200004615,180,1606304.000000000000000,160630400.000000000000000,281,2118,1837,1111.380505807109103,322.337989278041618,1785214952.000000000000000,1786,1289,2031,1132,1517,Cook_Inlet,Cook_Inlet_75000200004615
181,75000200010148,181,152250.000000000000000,15225000.000000000000000,65,131,66,90.862627257800000,17.474277008583908,13833835.000000000000000,67,70,131,88,115,Cook_Inlet,Cook_Inlet_75000200010148
182,75000200013892,182,856770.000000000000000,85677000.000000000000000,62,296,234,118.077317132952288,48.030487846138527,101165103.000000000000000,235,67,296,106,190,Cook_Inlet,Cook_Inlet_75000200013892
183,75000200013179,183,159430.000000000000000,15943000.000000000000000,115,237,122,183.793495577996453,29.027487557511794,29302197.000000000000000,123,206,115,188,220,Cook_Inlet,Cook_Inlet_75000200013179
184,75000200002984,184,9421934.000000000000000,942193400.000000000000000,33,453,420,177.971398122721013,92.606011633517866,1676834767.000000000000000,421,67,453,158,313,Cook_Inlet,Cook_Inlet_75000200002984
185,75000200007660,185,4539406.000000000000000,453940600.000000000000000,62,2118,2056,608.280801276639636,486.472196116157249,2761233519.000000000000000,2005,73,2031,407,1322,Cook_Inlet,Cook_Inlet_75000200007660
186,75000200005448,186,2366348.000000000000000,236634800.000000000000000,104,451,347,225.160623036002960,65.934220271153777,532808390.000000000000000,348,214,451,216,312,Cook_Inlet,Cook_Inlet_75000200005448
187,75000200018581,187,8033580.000000000000000,803358000.000000000000000,9,2118,2109,371.991304623839540,454.932761429167897,2988421905.000000000000000,2058,41,2031,137,1169,Cook_Inlet,Cook_Inlet_75000200018581
188,75000200011336,188,4302942.000000000000000,430294200.000000000000000,110,1831,1721,867.475246703308585,307.190132341305628,3732695673.000000000000000,1713,458,1805,893,1257,Cook_Inlet,Cook_Inlet_75000200011336
189,75000200012999,189,8602012.000000000000000,860201200.000000000000000,7,1336,1329,207.128361713512504,235.014330687216670,1781720653.000000000000000,1329,60,1332,80,555,Cook_Inlet,Cook_Inlet_75000200012999
190,75000200003732,190,4321086.000000000000000,432108600.000000000000000,73,2118,2045,635.088713115172027,483.383875164360518,2744272947.000000000000000,1994,124,2031,493,1333,Cook_Inlet,Cook_Inlet_75000200003732
191,75000200008734,191,201274.000000000000000,20127400.000000000000000,67,296,229,165.149209535257114,47.573474173241678,33240242.000000000000000,230,121,296,155,236,Cook_Inlet,Cook_Inlet_75000200008734
192,75000200000021,192,7821049.000000000000000,782104900.000000000000000,11,2118,2107,381.148832081218927,457.617441713392623,2980983692.000000000000000,2056,41,2031,143,1177,Cook_Inlet,Cook_Inlet_75000200000021
193,75000200005532,193,12036015.000000000000000,1203601500.000000000000000,29,453,424,169.766545654853445,89.903643639994485,2043312690.000000000000000,425,67,453,152,305,Cook_Inlet,Cook_Inlet_75000200005532
194,75000200018882,194,5499904.000000000000000,549990400.000000000000000,55,2118,2063,521.658884409615894,480.828229504519982,2869073785.000000000000000,2012,67,2031,247,1277,Cook_Inlet,Cook_Inlet_75000200018882
195,75000200005404,195,423109.000000000000000,42310900.000000000000000,70,220,150,110.651167902361223,29.745933668631309,46817505.000000000000000,151,76,220,105,148,Cook_Inlet,Cook_Inlet_75000200005404
196,75000200015587,196,247861.000000000000000,24786100.000000000000000,221,339,118,289.481423055662844,22.137365731920926,71751155.000000000000000,119,302,221,296,313,Cook_Inlet,Cook_Inlet_75000200015587
197,75000200015319,197,575368.000000000000000,57536800.000000000000000,67,296,229,126.921983843382648,53.426820484237481,73026848.000000000000000,230,67,296,113,208,Cook_Inlet,Cook_Inlet_75000200015319
198,75000200015900,198,17737018.000000000000000,1773701800.000000000000000,21,453,432,142.239929677017557,85.765544004135350,2522912193.000000000000000,433,53,453,112,283,Cook_Inlet,Cook_Inlet_75000200015900
199,75000200005077,199,224841.000000000000000,22484100.000000000000000,109,264,155,212.421826979955028,34.509023683262313,47761136.000000000000000,156,242,109,221,251,Cook_Inlet,Cook_Inlet_75000200005077
200,75000200008950,200,3451755.000000000000000,345175500.000000000000000,98,2118,2020,741.208593889190979,479.695700270443979,2558470470.000000000000000,1969,143,2031,761,1379,Cook_Inlet,Cook_Inlet_75000200008950
201,75000200015320,201,5466115.000000000000000,546611500.000000000000000,58,2118,2060,524.493058964179227,480.954648129658722,2866939377.000000000000000,2009,67,2031,249,1279,Cook_Inlet,Cook_Inlet_75000200015320
202,75000200012046,202,168853.000000000000000,16885300.000000000000000,172,1490,1318,749.502650234237308,387.821195610092047,126555771.000000000000000,1318,213,1482,789,1271,Cook_Inlet,Cook_Inlet_75000200012046
203,75000200002162,203,1079234.000000000000000,107923400.000000000000000,536,2118,1582,1204.175544877185530,288.993726256176728,1299587190.000000000000000,1531,1289,2031,1217,1578,Cook_Inlet,Cook_Inlet_75000200002162
204,75000200011392,204,177280.000000000000000,17728000.000000000000000,75,319,244,174.108342734658493,57.973781014281379,30865927.000000000000000,244,111,75,164,276,Cook_Inlet,Cook_Inlet_75000200011392
205,75000200000278,205,2323653.000000000000000,232365300.000000000000000,100,453,353,272.470116665440514,70.278235472488703,633126004.000000000000000,354,303,453,289,352,Cook_Inlet,Cook_Inlet_75000200000278
206,75000200018259,206,689926.000000000000000,68992600.000000000000000,104,275,171,187.122479802181800,46.641556117672046,129100664.000000000000000,172,109,275,185,249,Cook_Inlet,Cook_Inlet_75000200018259
207,75000200005444,207,3042410.000000000000000,304241000.000000000000000,75,453,378,231.390080232447531,96.243417942873236,703983494.000000000000000,379,303,453,256,345,Cook_Inlet,Cook_Inlet_75000200005444
208,75000200018203,208,283261.000000000000000,28326100.000000000000000,107,275,168,202.382565902118472,38.111319997651336,57327088.000000000000000,169,241,107,204,252,Cook_Inlet,Cook_Inlet_75000200018203
209,75000200008110,209,3116082.000000000000000,311608200.000000000000000,98,451,353,214.490176766850027,65.217889917903548,668368979.000000000000000,354,214,451,211,303,Cook_Inlet,Cook_Inlet_75000200008110
210,75000200018317,210,599669.000000000000000,59966900.000000000000000,98,202,104,138.942963534884143,20.866381475421942,83319788.000000000000000,105,146,202,137,166,Cook_Inlet,Cook_Inlet_75000200018317
211,75000200000949,211,3882490.000000000000000,388249000.000000000000000,74,1597,1523,616.565369646783211,319.893922739744482,2393808882.000000000000000,1522,174,1591,636,1066,Cook_Inlet,Cook_Inlet_75000200000949
212,75000200013249,212,3739246.000000000000000,373924600.000000000000000,98,451,353,201.684509925263001,66.644871852212944,754147997.000000000000000,354,146,451,195,297,Cook_Inlet,Cook_Inlet_75000200013249
213,75000200013010,213,533084.000000000000000,53308400.000000000000000,113,344,231,222.236026592430278,49.739182892801090,118470470.000000000000000,232,221,344,222,287,Cook_Inlet,Cook_Inlet_75000200013010
214,75000200000418,214,3058860.000000000000000,305886000.000000000000000,103,451,348,216.484525280659966,64.155314395533011,662195855.000000000000000,349,214,451,212,304,Cook_Inlet,Cook_Inlet_75000200000418
215,75000200002552,215,35763.000000000000000,3576300.000000000000000,106,172,66,146.043732349075498,14.937079305797615,5222962.000000000000000,67,157,172,147,164,Cook_Inlet,Cook_Inlet_75000200002552
216,75000200008508,216,5878356.000000000000000,587835600.000000000000000,35,2118,2083,491.829236949919903,478.797627160610034,2891147346.000000000000000,2032,67,2031,224,1261,Cook_Inlet,Cook_Inlet_75000200008508
217,75000200007670,217,39638.000000000000000,3963800.000000000000000,163,1202,1039,436.086331298248695,241.129251593249336,17285590.000000000000000,1040,203,1133,343,834,Cook_Inlet,Cook_Inlet_75000200007670
218,75000200008676,218,148103.000000000000000,14810300.000000000000000,67,295,228,143.229401160003306,48.595298424264328,21212704.000000000000000,229,98,67,134,212,Cook_Inlet,Cook_Inlet_75000200008676
219,75000200018667,219,6459563.000000000000000,645956300.000000000000000,34,2118,2084,452.338096245827217,473.708109132372897,2921906430.000000000000000,2033,62,2031,196,1236,Cook_Inlet,Cook_Inlet_75000200018667
220,75000200011572,220,121432.000000000000000,12143200.000000000000000,119,1186,1067,731.768882996242837,324.171692635128636,88860159.000000000000000,1068,1038,119,829,1078,Cook_Inlet,Cook_Inlet_75000200011572
221,75000200011623,221,127495.000000000000000,12749500.000000000000000,118,1181,1063,568.219804698219946,328.888481062130438,72445184.000000000000000,1064,137,118,472,1064,Cook_Inlet,Cook_Inlet_75000200011623
222,75000200019765,222,1658625.000000000000000,165862500.000000000000000,200,2118,1918,1090.421335142049884,342.332825560334584,1808600087.000000000000000,1867,1289,2031,1120,1512,Cook_Inlet,Cook_Inlet_75000200019765
223,75000200016095,223,211055.000000000000000,21105500.000000000000000,18,83,65,41.238373883584906,9.475934291424652,8703565.000000000000000,66,41,83,41,53,Cook_Inlet,Cook_Inlet_75000200016095
224,75000200014508,224,2098047.000000000000000,209804700.000000000000000,165,2118,1953,968.339807449492241,420.231360340260210,2031622428.000000000000000,1902,230,2031,1033,1473,Cook_Inlet,Cook_Inlet_75000200014508
225,75000200015883,225,17459446.000000000000000,1745944600.000000000000000,23,453,430,143.938813178837080,85.363315610101822,2513091936.000000000000000,431,53,453,113,285,Cook_Inlet,Cook_Inlet_75000200015883
226,75000200014057,226,96890.000000000000000,9689000.000000000000000,103,1018,915,362.826659097944116,219.759870726454778,35154275.000000000000000,916,223,103,254,724,Cook_Inlet,Cook_Inlet_75000200014057
227,75000200019263,227,49205.000000000000000,4920500.000000000000000,131,1241,1110,483.685682349354295,326.169245710159828,23799754.000000000000000,1111,251,131,298,1072,Cook_Inlet,Cook_Inlet_75000200019263
228,75000200003896,228,3053755.000000000000000,305375500.000000000000000,105,2118,2013,800.649886123800002,470.573693678954498,2444988593.000000000000000,1962,183,2031,852,1403,Cook_Inlet,Cook_Inlet_75000200003896
229,75000200005619,229,696619.000000000000000,69661900.000000000000000,24,150,126,80.658711576916360,23.025380464049977,56188391.000000000000000,127,68,24,77,118,Cook_Inlet,Cook_Inlet_75000200005619
230,75000200003312,230,6587481.000000000000000,658748100.000000000000000,32,1831,1799,656.045717930727960,400.975525836562042,4321688702.000000000000000,1791,59,1805,651,1194,Cook_Inlet,Cook_Inlet_75000200003312
231,75000200014207,231,2608980.000000000000000,260898000.000000000000000,124,2118,1994,857.603924522221291,464.063193289556295,2237471487.000000000000000,1943,211,2031,928,1433,Cook_Inlet,Cook_Inlet_75000200014207
232,75000200007927,232,501367394.000000000000000,50136739400.000000000000000,11,6167,6156,914.675934929238338,577.517428681532920,458588689850.000000000000000,6156,720,6154,891,1622,Cook_Inlet,Cook_Inlet_75000200007927
233,75000200011034,233,560548.000000000000000,56054800.000000000000000,35,80,45,53.216796777439569,7.809403216744066,29830569.000000000000000,46,49,35,52,64,Cook_Inlet,Cook_Inlet_75000200011034
234,75000200015882,234,16760010.000000000000000,1676001000.000000000000000,24,453,429,146.587972799538591,85.984596859658012,2456815890.000000000000000,430,106,453,115,288,Cook_Inlet,Cook_Inlet_75000200015882
235,75000200016094,235,7074838.000000000000000,707483800.000000000000000,15,2118,2103,416.723241436762919,467.142046089493704,2948249424.000000000000000,2052,62,2031,170,1209,Cook_Inlet,Cook_Inlet_75000200016094
236,75000200008452,236,697938.000000000000000,69793800.000000000000000,15,111,96,45.044495356321043,11.543432419242396,31438265.000000000000000,97,41,110,42,61,Cook_Inlet,Cook_Inlet_75000200008452
237,75005300022831,237,3505207.000000000000000,350520700.000000000000000,14,851,837,330.938311774451051,163.774355157995615,1160007287.000000000000000,838,423,851,330,531,Cook_Inlet,Cook_Inlet_75005300022831
238,75005300011378,238,3021969.000000000000000,302196900.000000000000000,3,948,945,340.980426337927042,179.328179710489593,1030432278.000000000000000,946,246,3,293,598,Cook_Inlet,Cook_Inlet_75005300011378
239,75005400001203,239,2824510.000000000000000,282451000.000000000000000,7,1490,1483,434.347950617977972,275.741011842289993,1226820130.000000000000000,1451,282,1408,396,836,Cook_Inlet,Cook_Inlet_75005400001203
240,75005400029139,240,294759.000000000000000,29475900.000000000000000,4,1055,1051,332.660271611723033,275.898808267481854,98054609.000000000000000,1051,14,1031,317,726,Cook_Inlet,Cook_Inlet_75005400029139
241,75005400013272,241,108411.000000000000000,10841100.000000000000000,39,919,880,245.866056027524621,202.282903441872890,26654585.000000000000000,881,42,892,178,558,Cook_Inlet,Cook_Inlet_75005400013272
242,75019800000406,1,73105.000000000000000,7310500.000000000000000,660,724,64,690.122905410020621,14.776181066563064,50451435.000000000000000,65,700,724,690,710,Copper_River,Copper_River_75019800000406
243,75019800010313,2,5616838.000000000000000,561683800.000000000000000,724,2808,2084,1223.549720857178954,374.150903347746805,6872480567.000000000000000,2079,887,2798,1073,1778,Copper_River,Copper_River_75019800010313
244,75019800014348,3,351135.000000000000000,35113500.000000000000000,875,2146,1271,1254.639415039797314,296.415677456915432,440547811.000000000000000,1270,924,875,1193,1682,Copper_River,Copper_River_75019800014348
245,75019800001957,4,127147.000000000000000,12714700.000000000000000,947,2103,1156,1299.661305418130041,238.660282810145247,165248036.000000000000000,1156,1082,2099,1240,1628,Copper_River,Copper_River_75019800001957
246,75019800019692,5,16224980.000000000000000,1622498000.000000000000000,430,3007,2577,943.805418496698394,333.437434965221257,15313224039.000000000000000,2572,680,2987,853,1340,Copper_River,Copper_River_75019800019692
247,75019600118138,6,45502122.000000000000000,4550212200.000000000000000,565,1902,1337,838.987770108888071,180.794004469601504,38175723872.000000000000000,1337,643,1899,801,1088,Copper_River,Copper_River_75019600118138
248,75019700004190,7,3702105.000000000000000,370210500.000000000000000,410,3117,2707,1239.911083559190956,475.077423779062599,4590281022.000000000000000,2699,706,3078,1159,1888,Copper_River,Copper_River_75019700004190
249,75019700004084,8,334962.000000000000000,33496200.000000000000000,386,1961,1575,835.346116872954894,413.211064159439388,279809206.000000000000000,1576,428,1961,683,1466,Copper_River,Copper_River_75019700004084
250,75019700017692,9,7001656.000000000000000,700165600.000000000000000,398,4958,4560,1723.952523945825760,823.776439468481271,12070522533.000000000000000,4561,408,4881,1564,2983,Copper_River,Copper_River_75019700017692
251,75019700001794,10,1416276.000000000000000,141627600.000000000000000,377,2053,1676,1103.958551864185210,324.283753170926275,1563510002.000000000000000,1677,843,2051,1024,1580,Copper_River,Copper_River_75019700001794
252,75019700003889,11,281469.000000000000000,28146900.000000000000000,411,1956,1545,606.115533149305179,238.759041105432232,170602733.000000000000000,1502,429,1683,506,911,Copper_River,Copper_River_75019700003889
253,75003900062338,12,510801290.000000000000000,51080129000.000000000000000,129,4991,4862,1182.663026634270182,620.344648798500316,604105799640.000000000000000,4863,541,4990,1024,2022,Copper_River,Copper_River_75003900062338
254,75003900033524,13,539663.000000000000000,53966300.000000000000000,16,1461,1445,622.689849035413886,312.779938003581663,336042672.000000000000000,1436,132,1411,646,1032,Copper_River,Copper_River_75003900033524
255,75003900054316,14,520607.000000000000000,52060700.000000000000000,18,1467,1449,519.964230215881912,358.057067088573092,270697018.000000000000000,1442,106,1438,522,1004,Copper_River,Copper_River_75003900054316
256,75003900055039,15,34209.000000000000000,3420900.000000000000000,1,691,690,231.956824227541517,145.423722364205560,7935011.000000000000000,688,1,666,212,429,Copper_River,Copper_River_75003900055039
257,75003900023942,16,79929.000000000000000,7992900.000000000000000,1,960,959,427.494213614585419,229.658069159721123,34169185.000000000000000,958,1,944,416,751,Copper_River,Copper_River_75003900023942
258,75003900058380,17,52102.000000000000000,5210200.000000000000000,62,1117,1055,473.772081685917726,219.843938791412540,24684473.000000000000000,1041,543,1042,495,752,Copper_River,Copper_River_75003900058380
259,75003900028507,18,21108.000000000000000,2110800.000000000000000,18,214,196,77.276056471480032,39.640527784132622,1631143.000000000000000,197,54,18,63,142,Copper_River,Copper_River_75003900028507
260,75003900027489,19,208606.000000000000000,20860600.000000000000000,6,1254,1248,382.891436487919577,275.026910071439659,79873451.000000000000000,1245,64,1237,333,789,Copper_River,Copper_River_75003900027489
261,75003900044936,20,51603.000000000000000,5160300.000000000000000,10,833,823,118.946204678022141,141.543058843643792,6137981.000000000000000,799,20,648,60,323,Copper_River,Copper_River_75003900044936
262,75003900023855,21,7531.000000000000000,753100.000000000000000,9,40,31,18.781967866153249,4.352298605541952,141447.000000000000000,32,16,9,19,24,Copper_River,Copper_River_75003900023855
263,75003900044738,22,60047.000000000000000,6004700.000000000000000,7,905,898,243.047096441120686,215.924413289129461,14594249.000000000000000,890,9,849,218,559,Copper_River,Copper_River_75003900044738
264,75003900055694,23,2069.000000000000000,206900.000000000000000,10,28,18,18.811503141614327,3.515104893098864,38921.000000000000000,19,19,10,19,24,Copper_River,Copper_River_75003900055694
265,75003900023674,24,38551.000000000000000,3855100.000000000000000,13,673,660,169.030634743586063,163.185032395956455,6516300.000000000000000,647,46,583,70,438,Copper_River,Copper_River_75003900023674
266,75003900062264,25,220998.000000000000000,22099800.000000000000000,23,546,523,154.543475506567006,138.591999293604033,34153799.000000000000000,524,35,24,89,377,Copper_River,Copper_River_75003900062264
267,75003900055316,26,73001.000000000000000,7300100.000000000000000,29,574,545,209.177230448898399,144.549501045570452,15270147.000000000000000,546,30,573,194,423,Copper_River,Copper_River_75003900055316
268,75003900039073,27,57328.000000000000000,5732800.000000000000000,4,99,95,30.050865196762679,15.584194233674529,1722756.000000000000000,96,5,99,29,51,Copper_River,Copper_River_75003900039073
269,75003900027771,28,15988.000000000000000,1598800.000000000000000,5,108,103,41.713347510633305,14.791997223633448,666913.000000000000000,104,30,5,39,62,Copper_River,Copper_River_75003900027771
270,1023044,1,32652693.000000000000000,3265269300.000000000000000,3,1843,1840,131.829199080155803,204.262028814925515,4304578366.000000000000000,1841,4,1842,36,390,Bristol_Bay,Bristol_Bay_1023044
271,2041471,2,11882297.000000000000000,1188229700.000000000000000,92,3127,3035,1086.224397942630276,503.115105781718967,12906840905.000000000000000,3010,233,2769,1161,1701,Bristol_Bay,Bristol_Bay_2041471
272,2065755,3,3058486.000000000000000,305848600.000000000000000,17,1235,1218,313.115873670836436,199.046115164148233,957660516.000000000000000,1219,156,1235,287,583,Bristol_Bay,Bristol_Bay_2065755
273,2065914,4,129695.000000000000000,12969500.000000000000000,68,712,644,160.089109063573005,68.926879884051786,20762757.000000000000000,642,140,71,147,215,Bristol_Bay,Bristol_Bay_2065914
274,2066924,5,296129.000000000000000,29612900.000000000000000,135,1188,1053,533.782939192041340,273.719883309736929,158068608.000000000000000,1052,148,1175,528,901,Bristol_Bay,Bristol_Bay_2066924
275,2066955,6,3151961.000000000000000,315196100.000000000000000,16,1020,1004,282.215273602691127,211.171542758750832,889531536.000000000000000,1005,48,16,203,608,Bristol_Bay,Bristol_Bay_2066955
276,2067494,7,627233.000000000000000,62723300.000000000000000,22,626,604,86.397679969007726,44.222817749419143,54191476.000000000000000,592,58,529,81,136,Bristol_Bay,Bristol_Bay_2067494
277,2068072,8,51493.000000000000000,5149300.000000000000000,75,806,731,170.840968675354958,111.955122973397167,8797114.000000000000000,697,75,612,140,324,Bristol_Bay,Bristol_Bay_2068072
278,2068584,9,935263.000000000000000,93526300.000000000000000,92,325,233,169.311720874236187,47.289004474864143,158350988.000000000000000,234,110,325,166,229,Bristol_Bay,Bristol_Bay_2068584
279,2070402,10,178363.000000000000000,17836300.000000000000000,217,841,624,446.202917645478863,147.035442201490554,79586091.000000000000000,624,290,833,406,673,Bristol_Bay,Bristol_Bay_2070402
280,2071934,11,1549333.000000000000000,154933300.000000000000000,64,1346,1282,543.405659725824535,259.469043142025839,841916321.000000000000000,1283,290,64,483,933,Bristol_Bay,Bristol_Bay_2071934
281,2072993,12,164350.000000000000000,16435000.000000000000000,74,898,824,360.527617888647796,197.405169604463225,59252714.000000000000000,823,167,886,326,654,Bristol_Bay,Bristol_Bay_2072993
282,2073464,13,3315366.000000000000000,331536600.000000000000000,11,1444,1433,555.458258002264415,303.653680819623730,1841547423.000000000000000,1433,18,1444,576,946,Bristol_Bay,Bristol_Bay_2073464
283,2074424,14,2210874.000000000000000,221087400.000000000000000,124,924,800,322.818950785977393,117.101672744106210,713712025.000000000000000,799,234,899,285,491,Bristol_Bay,Bristol_Bay_2074424
284,2078232,15,1101149.000000000000000,110114900.000000000000000,94,1323,1229,615.122293168324177,286.521223684268136,677341298.000000000000000,1228,96,1295,647,976,Bristol_Bay,Bristol_Bay_2078232
285,2078282,16,1120684.000000000000000,112068400.000000000000000,94,1323,1229,606.693637992518006,291.183645739935173,679911853.000000000000000,1228,96,1295,640,974,Bristol_Bay,Bristol_Bay_2078282
286,2082373,17,8434428.000000000000000,843442800.000000000000000,83,1791,1708,645.604351356133407,336.297999509302599,5445303418.000000000000000,1709,215,1775,614,1120,Bristol_Bay,Bristol_Bay_2082373
287,2082393,18,8441994.000000000000000,844199400.000000000000000,76,1791,1715,645.105172782640011,336.560239776258015,5445973998.000000000000000,1716,215,1775,613,1120,Bristol_Bay,Bristol_Bay_2082393
288,2084713,19,534359.000000000000000,53435900.000000000000000,76,725,649,252.450257224073795,119.214666924111057,134899067.000000000000000,650,232,725,232,416,Bristol_Bay,Bristol_Bay_2084713
289,2085642,20,26649353.000000000000000,2664935300.000000000000000,81,1314,1233,328.174140100132604,217.733667906809643,8745628505.000000000000000,1228,100,1291,259,654,Bristol_Bay,Bristol_Bay_2085642
290,2085962,21,28635189.000000000000000,2863518900.000000000000000,75,1314,1239,331.487223045738688,221.634338054976240,9492199283.000000000000000,1234,100,1291,261,665,Bristol_Bay,Bristol_Bay_2085962
291,2087913,22,75895794.000000000000000,7589579400.000000000000000,73,3127,3054,600.806531650485340,468.463100057040037,45598688760.000000000000000,3029,75,2769,477,1316,Bristol_Bay,Bristol_Bay_2087913
292,2088163,23,86021375.000000000000000,8602137500.000000000000000,73,3127,3054,596.987642513267588,456.924340114209372,51353697867.000000000000000,3029,75,2769,481,1286,Bristol_Bay,Bristol_Bay_2088163
293,2088253,24,86656767.000000000000000,8665676700.000000000000000,70,3127,3057,595.002012964547021,456.066376989186267,51560950802.000000000000000,3032,75,2769,478,1284,Bristol_Bay,Bristol_Bay_2088253
294,2088326,25,4919224.000000000000000,491922400.000000000000000,5,167,162,74.544736934118134,32.728318589738890,366702259.000000000000000,163,89,167,77,115,Bristol_Bay,Bristol_Bay_2088326
295,2088586,26,2696566.000000000000000,269656600.000000000000000,5,138,133,39.804088607510408,19.164521832598670,107334352.000000000000000,134,30,138,34,69,Bristol_Bay,Bristol_Bay_2088586
296,3023044,27,1487091.000000000000000,148709100.000000000000000,13,819,806,272.786809953122997,142.844927311202639,405658810.000000000000000,806,226,16,242,481,Bristol_Bay,Bristol_Bay_3023044
297,3024343,28,67542341.000000000000000,6754234100.000000000000000,-13,2367,2380,393.915506008295097,374.928388582880871,26605975432.000000000000000,2374,13,-13,286,925,Bristol_Bay,Bristol_Bay_3024343
298,3030955,29,7814748.000000000000000,781474800.000000000000000,13,1271,1258,231.445896783877060,224.652503636023397,1808691359.000000000000000,1255,20,1232,135,593,Bristol_Bay,Bristol_Bay_3030955
299,3033666,30,831925.000000000000000,83192500.000000000000000,20,1068,1048,287.679774018088892,241.244162126578090,239327996.000000000000000,1049,87,1064,154,689,Bristol_Bay,Bristol_Bay_3033666
300,3033956,31,2731076.000000000000000,273107600.000000000000000,13,1455,1442,517.218296012269889,293.484831798678158,1412562475.000000000000000,1443,13,1455,477,937,Bristol_Bay,Bristol_Bay_3033956
301,3034126,32,792503.000000000000000,79250300.000000000000000,15,805,790,108.761110052580378,139.124461733746017,86193506.000000000000000,791,21,770,38,316,Bristol_Bay,Bristol_Bay_3034126
302,4046617,33,59778.000000000000000,5977800.000000000000000,8,54,46,34.302803707049577,8.372540459132791,2050553.000000000000000,47,39,8,35,44,Bristol_Bay,Bristol_Bay_4046617
303,4048046,34,22256.000000000000000,2225600.000000000000000,4,365,361,73.399173256650016,79.988212912428466,1633572.000000000000000,362,39,361,41,214,Bristol_Bay,Bristol_Bay_4048046
304,4051055,35,30883.000000000000000,3088300.000000000000000,16,79,63,46.917592202829773,15.982344296607625,1448956.000000000000000,64,16,79,48,67,Bristol_Bay,Bristol_Bay_4051055
305,4051056,36,33140.000000000000000,3314000.000000000000000,25,111,86,64.152836451418011,15.755357437120878,2126025.000000000000000,87,64,25,64,83,Bristol_Bay,Bristol_Bay_4051056
306,4051616,37,32994.000000000000000,3299400.000000000000000,3,493,490,138.878705219129529,95.405992188147096,4582164.000000000000000,489,74,476,105,295,Bristol_Bay,Bristol_Bay_4051616
307,4052076,38,53765.000000000000000,5376500.000000000000000,4,447,443,90.556068074025745,115.613639698060652,4868747.000000000000000,444,4,446,45,318,Bristol_Bay,Bristol_Bay_4052076
308,4054120,39,258769.000000000000000,25876900.000000000000000,401,682,281,553.868376814845760,59.256078040156645,143323966.000000000000000,282,606,401,560,622,Bristol_Bay,Bristol_Bay_4054120
309,4054200,40,1764666.000000000000000,176466600.000000000000000,392,1300,908,680.626045948635351,138.376312906810057,1201077642.000000000000000,900,620,1266,661,859,Bristol_Bay,Bristol_Bay_4054200
310,4055337,41,90458.000000000000000,9045800.000000000000000,6,54,48,31.305523005151667,8.554284664335961,2831835.000000000000000,49,27,6,30,42,Bristol_Bay,Bristol_Bay_4055337
311,4059016,42,70866.000000000000000,7086600.000000000000000,4,257,253,48.565518019924880,36.669459469042032,3441644.000000000000000,254,32,255,41,69,Bristol_Bay,Bristol_Bay_4059016
312,4059736,43,119662.000000000000000,11966200.000000000000000,36,463,427,122.966280022062350,64.052196690041129,14714391.000000000000000,428,75,463,101,211,Bristol_Bay,Bristol_Bay_4059736
313,4060036,44,91895.000000000000000,9189500.000000000000000,34,556,522,196.894792970238370,105.719601419812946,18093647.000000000000000,523,108,556,175,349,Bristol_Bay,Bristol_Bay_4060036
314,4061136,45,91353.000000000000000,9135300.000000000000000,4,738,734,202.694711722657871,173.168453817798508,18516770.000000000000000,735,62,734,128,485,Bristol_Bay,Bristol_Bay_4061136
315,4063606,46,174968.000000000000000,17496800.000000000000000,4,734,730,172.996793699416941,126.972652960019602,30268903.000000000000000,715,122,671,137,364,Bristol_Bay,Bristol_Bay_4063606
316,4063775,47,67790.000000000000000,6779000.000000000000000,16,444,428,72.556276736982767,59.880772626013652,4918590.000000000000000,425,16,404,57,117,Bristol_Bay,Bristol_Bay_4063775
317,4064055,48,24938.000000000000000,2493800.000000000000000,16,584,568,160.585652417996471,143.546584509104378,4004685.000000000000000,569,16,584,89,408,Bristol_Bay,Bristol_Bay_4064055
318,4064845,49,86642.000000000000000,8664200.000000000000000,16,670,654,167.747247293460816,156.128752239985772,14533957.000000000000000,645,30,637,86,436,Bristol_Bay,Bristol_Bay_4064845
319,4068584,50,18667.000000000000000,1866700.000000000000000,16,660,644,279.378314672952797,188.392664174619767,5215155.000000000000000,645,16,658,263,552,Bristol_Bay,Bristol_Bay_4068584
320,4069455,51,93439.000000000000000,9343900.000000000000000,16,743,727,278.355558171643565,158.212875834036851,26009265.000000000000000,727,16,717,258,508,Bristol_Bay,Bristol_Bay_4069455
321,4069495,52,109117.000000000000000,10911700.000000000000000,16,89,73,45.659942996966080,12.711517089761106,4982276.000000000000000,74,45,89,46,62,Bristol_Bay,Bristol_Bay_4069495
322,4069586,53,167362.000000000000000,16736200.000000000000000,4,740,736,255.007755643455795,152.647299789377712,42678608.000000000000000,730,196,710,203,486,Bristol_Bay,Bristol_Bay_4069586
323,4071036,54,1056871.000000000000000,105687100.000000000000000,28,766,738,248.185520276363746,159.026712906795012,262300079.000000000000000,737,48,28,215,484,Bristol_Bay,Bristol_Bay_4071036
324,4071256,55,1381613.000000000000000,138161300.000000000000000,18,803,785,225.450707976836441,156.977996374179128,311485629.000000000000000,768,48,755,191,458,Bristol_Bay,Bristol_Bay_4071256
325,4071625,56,102876.000000000000000,10287600.000000000000000,16,668,652,98.154798009253710,97.096016974552668,10097773.000000000000000,649,54,597,58,241,Bristol_Bay,Bristol_Bay_4071625
326,4073375,57,158738.000000000000000,15873800.000000000000000,38,721,683,181.312577958651730,165.398089180362945,28781196.000000000000000,681,38,706,99,469,Bristol_Bay,Bristol_Bay_4073375
327,4074184,58,31412.000000000000000,3141200.000000000000000,16,734,718,217.624220043294315,191.008214936161693,6836012.000000000000000,713,42,16,125,533,Bristol_Bay,Bristol_Bay_4074184
328,4074505,59,223844.000000000000000,22384400.000000000000000,16,678,662,125.985659655832919,134.083982081571094,28201134.000000000000000,656,31,675,56,335,Bristol_Bay,Bristol_Bay_4074505
329,4074726,60,948666.000000000000000,94866600.000000000000000,4,843,839,190.413953910013447,157.120757926047531,180639244.000000000000000,837,107,843,132,431,Bristol_Bay,Bristol_Bay_4074726
330,4075225,61,259738.000000000000000,25973800.000000000000000,16,721,705,203.287828504109740,168.319754512265092,52801574.000000000000000,703,38,706,127,480,Bristol_Bay,Bristol_Bay_4075225
331,4075474,62,95446.000000000000000,9544600.000000000000000,16,1105,1089,508.761917733588177,238.292442121966786,48559290.000000000000000,1086,677,1092,527,810,Bristol_Bay,Bristol_Bay_4075474
332,4075715,63,233416.000000000000000,23341600.000000000000000,16,122,106,55.595391918291902,20.465482741388609,12976854.000000000000000,107,64,122,55,85,Bristol_Bay,Bristol_Bay_4075715
333,4076505,64,380412.000000000000000,38041200.000000000000000,16,743,727,204.133039967193440,151.691311639168305,77654658.000000000000000,727,52,741,156,445,Bristol_Bay,Bristol_Bay_4076505
334,4076575,65,524802.000000000000000,52480200.000000000000000,30,140,110,100.444552421675837,17.193890484436956,52713502.000000000000000,111,107,140,103,120,Bristol_Bay,Bristol_Bay_4076575
335,4076675,66,223564.000000000000000,22356400.000000000000000,16,671,655,111.485028895529780,116.030317812998462,24924039.000000000000000,655,45,671,63,276,Bristol_Bay,Bristol_Bay_4076675
336,4078235,67,306554.000000000000000,30655400.000000000000000,16,130,114,56.441400210077461,23.575140174909595,17302337.000000000000000,115,16,130,54,95,Bristol_Bay,Bristol_Bay_4078235
337,4079234,68,33111.000000000000000,3311100.000000000000000,16,831,815,178.762948868955760,203.337890857274743,5919020.000000000000000,816,16,827,79,533,Bristol_Bay,Bristol_Bay_4079234
338,4080045,69,803923.000000000000000,80392300.000000000000000,4,845,841,233.921161603783503,158.136048143998352,188054602.000000000000000,842,91,841,196,468,Bristol_Bay,Bristol_Bay_4080045
339,4080875,70,1642842.000000000000000,164284200.000000000000000,31,132,101,88.463879667064731,16.574275890112535,145332177.000000000000000,102,96,31,93,105,Bristol_Bay,Bristol_Bay_4080875
340,4082225,71,22765.000000000000000,2276500.000000000000000,16,706,690,158.055567757522255,143.381632051314369,3598135.000000000000000,670,46,567,86,383,Bristol_Bay,Bristol_Bay_4082225
341,4084145,72,1646464.000000000000000,164646400.000000000000000,4,910,906,257.677592100405718,175.297017439014496,424256879.000000000000000,900,41,895,231,511,Bristol_Bay,Bristol_Bay_4084145
342,4084351,73,732784.000000000000000,73278400.000000000000000,492,1167,675,650.888145756459153,132.999723881393635,476960419.000000000000000,673,501,492,608,855,Bristol_Bay,Bristol_Bay_4084351
343,4084915,74,808575.000000000000000,80857500.000000000000000,16,1109,1093,310.542082057942991,246.654725443448029,251096564.000000000000000,1091,16,1109,276,672,Bristol_Bay,Bristol_Bay_4084915
344,4086815,75,15283775.000000000000000,1528377500.000000000000000,26,706,680,112.171386519365115,74.184755491713531,1714402233.000000000000000,681,48,702,93,194,Bristol_Bay,Bristol_Bay_4086815
345,4087015,76,11748091.000000000000000,1174809100.000000000000000,16,1529,1513,223.418888651783362,215.245244159656863,2624745435.000000000000000,1496,24,1413,143,544,Bristol_Bay,Bristol_Bay_4087015
346,4087224,77,103069.000000000000000,10306900.000000000000000,16,1030,1014,358.603003812974976,196.801845614171498,36960853.000000000000000,996,195,970,330,622,Bristol_Bay,Bristol_Bay_4087224
347,4088675,78,22161895.000000000000000,2216189500.000000000000000,4,1529,1525,196.377002372766185,215.476531840504521,4352086507.000000000000000,1519,16,1515,99,525,Bristol_Bay,Bristol_Bay_4088675
348,4088904,79,135213.000000000000000,13521300.000000000000000,213,765,552,458.724116763920051,152.189733591315473,62025464.000000000000000,553,230,765,442,695,Bristol_Bay,Bristol_Bay_4088904
349,4089074,80,202415.000000000000000,20241500.000000000000000,183,363,180,215.112689276980007,27.895920588559772,43542035.000000000000000,181,200,362,207,251,Bristol_Bay,Bristol_Bay_4089074
350,4089384,81,108875.000000000000000,10887500.000000000000000,16,1007,991,352.034149253729993,226.464153362189165,38327718.000000000000000,983,307,953,336,676,Bristol_Bay,Bristol_Bay_4089384
351,4089394,82,109771.000000000000000,10977100.000000000000000,16,1030,1014,398.177341920908475,246.261995386657503,43708325.000000000000000,1010,16,987,387,736,Bristol_Bay,Bristol_Bay_4089394
352,4089574,83,154036.000000000000000,15403600.000000000000000,24,879,855,323.320535459244184,190.950762554601511,49803002.000000000000000,855,58,852,325,580,Bristol_Bay,Bristol_Bay_4089574
353,4091164,84,359980.000000000000000,35998000.000000000000000,24,1031,1007,427.312886827042576,237.837151813740519,153824093.000000000000000,999,316,1005,422,765,Bristol_Bay,Bristol_Bay_4091164
354,4091424,85,256329.000000000000000,25632900.000000000000000,233,726,493,336.099703896159895,74.212341899188402,86152101.000000000000000,493,276,712,310,444,Bristol_Bay,Bristol_Bay_4091424
355,4092244,86,221608.000000000000000,22160800.000000000000000,266,817,551,445.269976715643281,103.404267255113680,98675389.000000000000000,551,297,812,440,579,Bristol_Bay,Bristol_Bay_4092244
356,4093084,87,413073.000000000000000,41307300.000000000000000,16,1109,1093,413.741309647451260,246.240727482004132,170905364.000000000000000,1091,34,1109,409,749,Bristol_Bay,Bristol_Bay_4093084
357,4095301,88,1865479.000000000000000,186547900.000000000000000,320,1154,834,579.746656488777603,154.530514210706144,1081505213.000000000000000,835,495,1132,545,809,Bristol_Bay,Bristol_Bay_4095301
358,4095374,89,355411.000000000000000,35541100.000000000000000,24,778,754,150.461136543325694,131.621867164215445,53475543.000000000000000,755,24,745,96,362,Bristol_Bay,Bristol_Bay_4095374
359,4096064,90,302231.000000000000000,30223100.000000000000000,16,1058,1042,368.112801135557106,227.414492977965153,111255100.000000000000000,1037,99,1015,334,699,Bristol_Bay,Bristol_Bay_4096064
360,4096454,91,633384.000000000000000,63338400.000000000000000,16,1527,1511,492.014233071876049,301.544202499790060,311633943.000000000000000,1500,26,1479,463,906,Bristol_Bay,Bristol_Bay_4096454
361,4098114,92,970252.000000000000000,97025200.000000000000000,24,559,535,115.228853947221197,66.053715491906303,111801026.000000000000000,536,110,556,105,168,Bristol_Bay,Bristol_Bay_4098114
362,4098704,93,1777584.000000000000000,177758400.000000000000000,228,831,603,381.079277266221425,109.547403763715522,677400426.000000000000000,604,276,831,348,549,Bristol_Bay,Bristol_Bay_4098704
363,4099594,94,2964068.000000000000000,296406800.000000000000000,54,706,652,152.598807112386055,72.763518639631585,452313241.000000000000000,653,60,706,145,228,Bristol_Bay,Bristol_Bay_4099594
364,4099694,95,2732782.000000000000000,273278200.000000000000000,177,831,654,339.082964173503797,122.160864264866788,926639821.000000000000000,655,216,831,304,526,Bristol_Bay,Bristol_Bay_4099694
365,4101123,96,39294430.000000000000000,3929443000.000000000000000,85,1581,1496,364.317597634038179,255.154706326841904,14315652338.000000000000000,1496,93,85,279,755,Bristol_Bay,Bristol_Bay_4101123
366,4101274,97,195802.000000000000000,19580200.000000000000000,38,1011,973,370.282744813640875,229.209950461574294,72502102.000000000000000,964,38,971,337,696,Bristol_Bay,Bristol_Bay_4101274
367,4102124,98,1252901.000000000000000,125290100.000000000000000,37,805,768,237.832665948868112,118.978024811370602,297980785.000000000000000,769,148,793,209,413,Bristol_Bay,Bristol_Bay_4102124
368,4104574,99,4201106.000000000000000,420110600.000000000000000,136,746,610,225.367388968524097,75.057594429663695,946792290.000000000000000,611,163,136,201,323,Bristol_Bay,Bristol_Bay_4104574
369,4105204,100,6927912.000000000000000,692791200.000000000000000,75,746,671,220.002009696428217,89.000817207483010,1524154563.000000000000000,672,172,727,197,338,Bristol_Bay,Bristol_Bay_4105204
370,4105594,101,1094471.000000000000000,109447100.000000000000000,38,1529,1491,466.613007562561393,301.240685013024915,510694405.000000000000000,1474,48,1413,437,904,Bristol_Bay,Bristol_Bay_4105594
371,4105844,102,2685621.000000000000000,268562100.000000000000000,189,931,742,389.835196031009957,109.661001712225513,1046949589.000000000000000,743,333,919,371,539,Bristol_Bay,Bristol_Bay_4105844
372,4106904,103,1754414.000000000000000,175441400.000000000000000,51,183,132,98.548813449962083,22.790750064001699,172895418.000000000000000,133,88,51,96,130,Bristol_Bay,Bristol_Bay_4106904
373,4107464,104,94003065.000000000000000,9400306500.000000000000000,68,2492,2424,430.302375055532536,312.733868869028527,40449742132.000000000000000,2425,267,2487,345,815,Bristol_Bay,Bristol_Bay_4107464
374,4115672,105,9064683.000000000000000,906468300.000000000000000,162,1581,1419,521.428319556248539,278.666166361912872,4726582424.000000000000000,1420,186,1580,473,926,Bristol_Bay,Bristol_Bay_4115672
375,5008707,106,1623450.000000000000000,162345000.000000000000000,2,509,507,74.016925682958842,50.727877045790798,120162778.000000000000000,508,68,482,66,114,Bristol_Bay,Bristol_Bay_5008707
376,5020796,107,3452735.000000000000000,345273500.000000000000000,12,754,742,148.158226449466270,104.763802622928836,511551094.000000000000000,739,31,691,121,300,Bristol_Bay,Bristol_Bay_5020796
377,5021476,108,3940384.000000000000000,394038400.000000000000000,9,646,637,122.169152549599659,93.605045009866913,481393374.000000000000000,638,30,646,93,252,Bristol_Bay,Bristol_Bay_5021476
378,5030363,109,736221.000000000000000,73622100.000000000000000,95,848,753,245.014463048459902,132.114881777115187,180384793.000000000000000,749,95,830,210,439,Bristol_Bay,Bristol_Bay_5030363
379,5030704,110,444566.000000000000000,44456600.000000000000000,56,733,677,183.753699113292726,116.744228479445823,81690647.000000000000000,677,58,718,161,346,Bristol_Bay,Bristol_Bay_5030704
380,5032474,111,748338.000000000000000,74833800.000000000000000,66,752,686,202.508156742007969,147.855437585388955,151544549.000000000000000,677,68,737,139,433,Bristol_Bay,Bristol_Bay_5032474
381,5033094,112,2479377.000000000000000,247937700.000000000000000,18,758,740,176.099718598664992,137.848110674336510,436617592.000000000000000,741,68,756,110,392,Bristol_Bay,Bristol_Bay_5033094
382,5034893,113,13320373.000000000000000,1332037300.000000000000000,69,1517,1448,491.449808725286459,275.843093095663903,6546294763.000000000000000,1447,70,1489,470,873,Bristol_Bay,Bristol_Bay_5034893
383,5038375,114,4528228.000000000000000,452822800.000000000000000,18,813,795,208.487985145619945,147.077827005922899,944081132.000000000000000,796,63,813,164,430,Bristol_Bay,Bristol_Bay_5038375
384,48267,1,805581.000000000000000,80558100.000000000000000,-15,709,724,168.210986852965732,144.225334711121263,135507575.000000000000000,708,19,-15,123,390,Kodiak,Kodiak_48267
385,49617,2,2941329.000000000000000,294132900.000000000000000,12,1108,1096,368.181341495624224,202.809026001442930,1082942457.000000000000000,1096,126,1090,336,660,Kodiak,Kodiak_49617
386,50197,3,490722.000000000000000,49072200.000000000000000,13,800,787,216.720723749898639,169.793572017235448,106349627.000000000000000,787,33,797,167,470,Kodiak,Kodiak_50197
387,64593,4,636960.000000000000000,63696000.000000000000000,-18,695,713,158.103705099220775,126.894080764507919,100705736.000000000000000,694,26,-18,111,358,Kodiak,Kodiak_64593
388,72144,5,42088.000000000000000,4208800.000000000000000,38,533,495,252.943760691884421,94.831733287537972,10645897.000000000000000,461,164,38,243,382,Kodiak,Kodiak_72144
389,76954,6,308766.000000000000000,30876600.000000000000000,18,819,801,271.822266700352657,177.372177892328210,83929474.000000000000000,794,33,25,242,530,Kodiak,Kodiak_76954
390,77794,7,547985.000000000000000,54798500.000000000000000,15,819,804,241.565551976790090,176.221577623333843,132374299.000000000000000,802,33,814,210,505,Kodiak,Kodiak_77794
391,90346,8,75286.000000000000000,7528600.000000000000000,81,761,680,318.808211354039599,160.585986357698630,24001795.000000000000000,681,81,761,293,560,Kodiak,Kodiak_90346
392,93176,9,105872.000000000000000,10587200.000000000000000,123,897,774,489.404242859299586,168.025951989327979,51814206.000000000000000,765,296,870,491,718,Kodiak,Kodiak_93176
393,94216,10,95218.000000000000000,9521800.000000000000000,120,872,752,488.689995589070804,178.538856640693695,46532084.000000000000000,752,349,868,481,739,Kodiak,Kodiak_94216
394,97276,11,251611.000000000000000,25161100.000000000000000,81,771,690,316.859910735228652,144.836395157556836,79725439.000000000000000,691,190,767,290,529,Kodiak,Kodiak_97276
395,99516,12,151699.000000000000000,15169900.000000000000000,126,1018,892,497.507135841368608,200.621350496963316,75471335.000000000000000,884,247,973,512,770,Kodiak,Kodiak_99516
396,100826,13,269231.000000000000000,26923100.000000000000000,117,1018,901,420.452199040972175,220.273871497503251,113198766.000000000000000,893,125,117,396,734,Kodiak,Kodiak_100826
397,101556,14,253449.000000000000000,25344900.000000000000000,121,1018,897,531.528141756339323,209.326947689493181,134715276.000000000000000,896,204,1011,557,797,Kodiak,Kodiak_101556
398,103096,15,528504.000000000000000,52850400.000000000000000,124,1117,993,522.918047923955896,203.189293565744720,276364280.000000000000000,993,463,1106,529,787,Kodiak,Kodiak_103096
399,103196,16,696273.000000000000000,69627300.000000000000000,48,771,723,251.575594630269819,157.862961269114010,175165294.000000000000000,724,81,767,216,491,Kodiak,Kodiak_103196
400,103296,17,638678.000000000000000,63867800.000000000000000,131,951,820,366.522349290255534,193.562511874808081,234089761.000000000000000,821,165,949,314,656,Kodiak,Kodiak_103296
401,103456,18,648608.000000000000000,64860800.000000000000000,125,951,826,363.641257893830812,193.816799130888086,235860629.000000000000000,827,165,949,309,654,Kodiak,Kodiak_103456
402,103496,19,584280.000000000000000,58428000.000000000000000,16,1343,1327,483.597141781361586,299.070153280455656,282556138.000000000000000,1328,21,1331,478,877,Kodiak,Kodiak_103496
403,106626,20,1849214.000000000000000,184921400.000000000000000,118,951,833,348.580853811400573,190.472084688016452,644600595.000000000000000,834,126,949,302,632,Kodiak,Kodiak_106626
404,106676,21,1851191.000000000000000,185119100.000000000000000,114,951,837,348.362763755871356,190.487748205572245,644886013.000000000000000,838,126,949,302,631,Kodiak,Kodiak_106676
405,107796,22,4314948.000000000000000,431494800.000000000000000,17,906,889,200.485427866105482,148.457905666029461,865084196.000000000000000,888,81,17,163,414,Kodiak,Kodiak_107796
406,107816,23,4676201.000000000000000,467620100.000000000000000,17,906,889,201.248957647456990,146.303145588415305,941080577.000000000000000,888,81,17,165,411,Kodiak,Kodiak_107816
407,108356,24,5198356.000000000000000,519835600.000000000000000,8,906,898,191.144328322261117,143.670996496799461,993636266.000000000000000,899,81,9,150,397,Kodiak,Kodiak_108356
408,128685,25,1033893.000000000000000,103389300.000000000000000,18,1339,1321,601.508761544952677,275.115611516773299,621895698.000000000000000,1322,442,1337,607,965,Kodiak,Kodiak_128685
409,129955,26,2774610.000000000000000,277461000.000000000000000,57,1117,1060,418.481176814036530,234.992273224807207,1161122058.000000000000000,1060,122,1106,411,740,Kodiak,Kodiak_129955
410,130295,27,4308143.000000000000000,430814300.000000000000000,57,1117,1060,379.487887936865377,234.800405129114580,1634888088.000000000000000,1060,122,1106,342,720,Kodiak,Kodiak_130295
411,130735,28,6053360.000000000000000,605336000.000000000000000,12,1117,1105,336.504248714759171,218.084452945699809,2036981359.000000000000000,1105,122,1106,261,678,Kodiak,Kodiak_130735
412,18457,1,126534.000000000000000,12653400.000000000000000,1,250,249,77.869039151531794,51.376343648984438,9853081.000000000000000,250,1,210,67,150,Prince_William_Sound,Prince_William_Sound_18457
413,26464,2,45097.000000000000000,4509700.000000000000000,10,960,950,323.025633634165445,195.764598541628970,14567487.000000000000000,939,108,865,314,588,Prince_William_Sound,Prince_William_Sound_26464
414,28086,3,42285.000000000000000,4228500.000000000000000,0,697,697,343.005013598203675,127.548843427871219,14503967.000000000000000,688,278,599,355,495,Prince_William_Sound,Prince_William_Sound_28086
415,29854,4,182419.000000000000000,18241900.000000000000000,2,961,959,322.493841102078363,221.915283300910346,58829004.000000000000000,960,25,935,277,637,Prince_William_Sound,Prince_William_Sound_29854
416,30884,5,84223.000000000000000,8422300.000000000000000,2,194,192,77.896097265592360,35.908490367286220,6560643.000000000000000,193,83,194,79,122,Prince_William_Sound,Prince_William_Sound_30884
417,31865,6,8897.000000000000000,889700.000000000000000,0,153,153,63.145554681353438,39.459197517273047,561806.000000000000000,154,27,0,54,123,Prince_William_Sound,Prince_William_Sound_31865
418,36645,7,35947.000000000000000,3594700.000000000000000,6,657,651,294.925195426601420,152.821625474746753,10601676.000000000000000,652,134,6,293,503,Prince_William_Sound,Prince_William_Sound_36645
419,37815,8,52671.000000000000000,5267100.000000000000000,0,745,745,242.643257200356857,181.747029307878364,12780263.000000000000000,743,8,700,215,499,Prince_William_Sound,Prince_William_Sound_37815
420,38993,9,31686.000000000000000,3168600.000000000000000,1,540,539,102.522722969134236,126.927532855718979,3248535.000000000000000,538,29,1,36,306,Prince_William_Sound,Prince_William_Sound_38993
421,40285,10,123775.000000000000000,12377500.000000000000000,16,913,897,246.590474651583207,204.156138253706274,30521736.000000000000000,894,16,873,212,549,Prince_William_Sound,Prince_William_Sound_40285
422,41515,11,53127.000000000000000,5312700.000000000000000,2,281,279,129.875242343818229,62.302156773359336,6899882.000000000000000,280,173,2,134,205,Prince_William_Sound,Prince_William_Sound_41515
423,42563,12,122628.000000000000000,12262800.000000000000000,8,1111,1103,436.437942394883407,242.949761459284929,53519512.000000000000000,1102,32,8,440,749,Prince_William_Sound,Prince_William_Sound_42563
424,43055,13,152785.000000000000000,15278500.000000000000000,26,913,887,258.751245213854531,162.003059257314618,39533309.000000000000000,874,109,816,215,500,Prince_William_Sound,Prince_William_Sound_43055
425,43185,14,239529.000000000000000,23952900.000000000000000,348,1721,1373,1121.691611454146141,285.305100353769660,268677670.000000000000000,1363,1359,1663,1191,1437,Prince_William_Sound,Prince_William_Sound_43185
426,43383,15,255571.000000000000000,25557100.000000000000000,6,1121,1115,418.957463875009012,248.218896629424933,107073378.000000000000000,1116,33,6,406,756,Prince_William_Sound,Prince_William_Sound_43383
427,43933,16,323575.000000000000000,32357500.000000000000000,0,1474,1474,622.166418913702614,301.529132942158412,201317499.000000000000000,1448,200,1355,646,1009,Prince_William_Sound,Prince_William_Sound_43933
428,43973,17,166989.000000000000000,16698900.000000000000000,1,1202,1201,409.041751253072391,242.258546825230894,68305473.000000000000000,1194,254,1164,383,755,Prince_William_Sound,Prince_William_Sound_43973
429,44553,18,502923.000000000000000,50292300.000000000000000,0,1697,1697,592.861907289994178,356.445807930922285,298163889.000000000000000,1688,45,1493,587,1075,Prince_William_Sound,Prince_William_Sound_44553
430,46055,19,27634.000000000000000,2763400.000000000000000,2,151,149,77.698234059492336,37.201759718748114,2147113.000000000000000,150,115,148,85,121,Prince_William_Sound,Prince_William_Sound_46055
431,46513,20,4725486.000000000000000,472548600.000000000000000,0,2436,2436,837.451644973639759,465.274806647018409,3957366024.000000000000000,2413,19,2332,881,1431,Prince_William_Sound,Prince_William_Sound_46513
