cat_ID_con,wtd_lcld_mn_2001,wtd_lcld_mn_2002,wtd_lcld_mn_2003,wtd_lcld_mn_2004,wtd_lcld_mn_2005,wtd_lcld_mn_2006,wtd_lcld_mn_2007,wtd_lcld_mn_2008,wtd_lcld_mn_2009,wtd_lcld_mn_2010,wtd_lcld_mn_2011,wtd_lcld_mn_2012,wtd_lcld_mn_2013,wtd_lcld_mn_2014,wtd_lcld_mn_2015,wtd_lcld_mn_2016,wtd_lcld_mn_2017,wtd_lcld_mn_2018,wtd_lcld_mn_2019
Cook_Inlet_75004400005344,520.5090512823945,508.4054327016949,505.37724044412926,500.9637142658414,500.53209704613727,515.6711083961087,509.99520604363664,522.7168783540249,505.7104954598169,519.8117176626581,507.79976235442444,520.4761561929889,520.5746979650404,494.1897994620684,497.6370663476586,509.93403821249797,510.46628313394865,506.2703041783327,503.40232201650707
Cook_Inlet_75004400011755,564.4440085088482,553.189850001517,546.6768386490479,545.3891341640068,543.9517296135936,556.8577004858765,552.4090885923727,559.7857477197564,551.8379545522853,554.8377590442688,550.503729802477,561.1779297641772,553.7619469026471,539.0413512604528,542.3096563606016,543.8536709199653,548.6960556533998,545.1347620361449,540.1824840532271
Cook_Inlet_75004400010352,509.5515916360033,501.18179883154454,491.83278719745516,493.7224677499752,494.7591419411859,507.03513194083575,498.6946605648877,517.8185372520709,491.6112371424657,508.3591314852486,500.7735879353454,513.3615699586142,511.52562917653717,481.9557863329735,481.89178667652453,496.70852961550514,496.1615105838373,503.09620766980464,497.69395852354404
Cook_Inlet_75004400007996,504.1751418307669,495.7845294325959,489.8575877995171,491.17096980705975,489.22021907990916,502.6196851288114,495.57254752493776,508.8038083650716,490.6653533763186,500.6401269478635,495.8634316053869,507.3569031969431,509.3468696728364,478.5280163299452,484.0909107638546,491.22373569704655,490.6687829362134,490.60882633035703,493.7426216332993
Cook_Inlet_75004400004850,484.9974036719571,487.15339650979365,451.4562556544464,482.2794360921422,469.9995862615035,485.52363085491896,481.10546248812045,495.1599422353678,478.87677416723693,483.05449633381784,483.13578822910836,496.73089553987995,502.5127287778754,444.62210522237086,451.61907974251403,452.74299230211574,479.0777174080532,477.7120434839712,475.2245812840231
Cook_Inlet_75004400005312,536.2564413170601,531.8118621862284,522.720876453739,523.455757937682,519.78165547481,533.7457510466085,528.1776741233556,538.6628238651634,522.7955286632119,534.2916432009246,528.6524814476237,539.806242373144,532.2634520952354,514.3668045641065,516.8650899600976,523.7131223144979,523.436584625947,523.8892400025156,521.043819822021
Cook_Inlet_75004400004652,472.7819603832005,481.8500711622499,414.81201326621414,479.83778380721424,455.6140034866839,469.5122411457951,466.19626010440805,474.55276024541183,473.4274373579177,471.828732653772,475.39237400060887,481.03996283472446,492.9712987386072,445.1522168555499,420.4500007143749,439.460520622833,472.84511641104075,469.0159220426762,453.53870105899125
Cook_Inlet_75004400006033,502.6756397005499,497.88608801433355,471.3846313195959,492.04297359657784,481.87986896358916,496.6347189196262,492.48730075126065,504.03224452197725,484.9999537207402,496.5055424920703,492.0305641441577,497.9691030859438,505.8537972131049,476.69901733709196,463.92378357175033,480.4870252794888,482.44244292775807,485.37422730168595,479.9789914207035
Cook_Inlet_75004400009412,508.72982003108956,501.13341976756567,491.29914301038383,491.9769866133069,490.762583655807,505.3639937680902,496.20882908863587,510.70186635997493,495.64903915159607,506.4575790715275,500.29363818770287,512.6424997318683,509.45706061363705,479.1547641441408,481.29988242477833,494.4745538028052,498.1985146135019,496.82650252097363,492.2501419655352
Cook_Inlet_75004400008887,479.76691863172283,488.621926996002,451.1888172930402,478.76332730659567,480.4097392046485,482.73257283979854,472.7066428560875,485.67723700537465,478.00388839512334,482.9081927746199,479.66744252463207,489.64566386322895,495.50299133998766,476.7777896065573,438.5807160186197,456.3626265511439,474.9357941014843,479.60550143581617,477.5342285119973
Cook_Inlet_75004400010754,506.59392696920816,499.8497466453783,482.22340917979716,494.7250159729544,483.6175330642899,502.74930171804044,496.6740993550359,508.7748064559712,488.0095565920573,503.32261298319906,500.0976289395347,506.686289293405,506.99440535139416,472.0141222524699,473.0110593007084,489.4982658115551,489.31778405859717,491.7963598012426,488.6840941195265
Cook_Inlet_75004400006170,465.524998482242,485.8946917276432,419.96743955697565,478.8591469658509,463.0168267768476,469.7247314378018,466.5496859021166,477.67414344243804,470.63666360012445,469.13168880128256,473.74588165076057,483.00316393613286,492.94289470938423,452.141655035797,420.25993223810644,419.1995642137272,471.5007351285459,471.2516511430985,457.25291787572746
Cook_Inlet_75004400008216,531.658810543298,523.3054224204913,520.2305893764036,515.2267693681176,514.3534334124354,530.9648307419696,522.2302144724889,535.4679311164297,520.6680685801715,531.2931804138444,524.2511965743961,535.7659382868081,528.5544034076618,509.2162475564403,511.2120385295214,522.1219590087719,521.902280597407,518.0650537953657,517.8583978037334
Cook_Inlet_75004400007830,489.541677960508,488.12543799558875,446.94348070355136,482.1160324868242,466.9768176509168,487.8588188041205,478.2188080605947,495.85265113619664,477.2498755624317,484.3101723398737,482.8522642708965,497.4322147915645,503.04966167766037,447.5536633926852,442.2100653974836,451.41485759907135,478.0121874892213,479.1056339416429,468.22467510706656
Cook_Inlet_75004400009109,472.0282789763393,488.55848850774004,423.4410021141666,479.19523360655654,468.09640542034265,470.5414613519346,465.8992830745044,481.4953265752148,473.502600713509,477.3680167368212,476.6069709216261,483.97885649692597,495.8410127581171,456.3024430641797,427.3787685717319,424.708475981654,474.29840474812676,472.9578296831908,457.7119718812645
Cook_Inlet_75004400007550,471.1132168855838,481.37682747213023,416.01741062675865,478.93604072201464,454.5341894004632,469.1131374435556,466.41930936986387,472.8468219914826,472.5175234554887,470.55147394954,475.36591108664885,480.49420237747574,492.47809589469705,445.2994697151269,420.03027793164614,440.48069065058513,472.66898507183174,468.1710952604317,451.3294323407539
Cook_Inlet_75004400003815,525.2774178854,515.7896865985773,513.3856798415761,510.05001747325156,515.1020709244765,523.8595435853346,510.44126619222953,535.6610498415375,508.49237248970337,523.514051132466,519.3794334268964,538.890464239267,523.0291482423308,501.3600106378086,508.02877702585283,519.7949575576082,512.4037687341522,518.2214444119685,516.8574094302769
Cook_Inlet_75004400000334,519.1271771469109,512.7467581014484,502.9470966148246,505.7429702320149,501.1419983799022,517.1030380488555,508.65383847660576,522.0175745270361,505.59553220118863,517.2726205548729,512.0034300738791,523.2809775911708,518.3929194141016,491.30068531435927,494.922303554368,505.42226853754244,506.89727364473276,506.4091380440811,504.0552777925553
Cook_Inlet_75004400010699,505.9682150359965,497.2790190819029,473.46147657990275,491.7524445348056,483.3044689134758,493.6522541310561,491.4920504799464,503.3778475851963,484.4999683024778,497.7341955059572,492.6435231031163,503.50563232185095,506.146693948396,464.12823068800867,477.95580709543844,478.8776125863247,477.69416481400464,481.49556562589845,489.4715170434347
Cook_Inlet_75004400001136,519.8108820134069,510.92880151820845,505.6370842282253,511.54299753652947,503.39041977616296,519.5471666836789,515.4108991162592,524.7280674115156,505.05297145471053,518.5589791533502,509.9905342336417,527.1843686583833,524.4961850790789,493.94031896804046,493.5927885200465,498.0835855454657,505.75885713534865,503.1358919626563,500.7987856980804
Cook_Inlet_75004400007224,553.7207610532664,545.005787877126,533.1057703960973,537.1911617288832,531.936865614298,547.2234971936056,543.3346076652791,553.5047301532552,542.2952931822022,549.622117660368,538.9876548425091,554.9156112269076,545.6295104086871,528.3748031417134,523.6199185925576,533.5316828360749,537.3535949458235,537.4712332774714,531.8380543941444
Cook_Inlet_75004400002041,513.7708997052454,507.2997455230866,502.8919364506166,498.82463085956266,498.19335899149576,515.8395509170688,502.6143811527621,517.6242745220947,501.0097610010254,514.159919554631,510.36251005608193,520.2283086014061,514.2203011679662,484.0977492763115,492.6640255577852,505.04334764137525,504.61298349181385,507.135387509102,499.16022202161474
Cook_Inlet_75004400011320,533.9654630553091,517.6267341401779,512.3214730168186,508.548183014844,506.38370518970464,527.2827054454972,517.9717033732912,534.6196890834124,515.2715044878628,531.6262433932425,516.7625194358741,533.2812813453083,523.7997033962781,499.9167246270192,505.0948578630168,516.6116804957211,514.1379703051393,507.9899881875876,509.12701723578334
Cook_Inlet_75004400006433,505.8455643766482,497.73040751535814,492.902117901182,494.7870674899612,490.5779418666103,505.12567139785017,496.628707495449,509.2273162455081,492.46656722675925,501.43234678822927,496.84580453827397,508.70948229585855,511.3153906618743,480.7799671432821,489.70058138591963,493.5352417746349,491.8593944421319,491.4673519711792,494.2770082868854
Cook_Inlet_75004400005985,509.0590524435282,507.06689471608024,482.5313948435069,501.7026404535314,492.44952771331657,506.5328815861681,500.21049680513664,511.43544142765376,499.0131732744204,506.4230174528014,503.73156646891135,511.97585006142015,513.5029177095267,482.7956018326061,476.7847336952947,491.572673904901,499.7015979332142,498.7033907287984,491.7265447385721
Cook_Inlet_75004400005909,518.7979772188802,514.3650662603286,500.1249122511492,509.2286667280868,502.05780751517983,516.1993740645374,510.12032938103425,521.8547215779076,506.65797272182556,517.0098242361613,512.9822516049909,521.8187945974851,519.7336734590965,491.36046967780425,493.0477009624135,505.29370867998654,508.87555660531524,508.0339688730759,503.19425595699107
Cook_Inlet_75004400008859,474.7414645854369,485.47579423617293,424.0598095640983,478.77622810765564,467.59956742625474,473.53511861536987,467.8150615258189,478.8409934111679,475.78086924504566,474.89787044163756,477.3425649904491,481.6582355155224,494.8544676363345,468.34130264709995,434.3911919850606,443.4932166292011,471.5610401189793,474.0054012200274,460.1910137511256
Cook_Inlet_75004400001616,511.1132642022262,505.9556356485574,487.90224868188136,503.5734861473322,495.3201487245848,504.835399088864,503.4477469704864,514.5826789343411,497.0570695041519,508.9194933473252,505.51149099199864,509.96558960447965,512.9069908456626,481.7021903160931,479.2360132795162,498.2129100279457,501.87981830585875,501.15969942781413,491.6106448555956
Cook_Inlet_75004400000862,526.4453917480947,516.197062985197,518.0147794153204,505.79039441743765,508.4338771863353,529.2993402170332,518.4383734035916,524.6615479820217,512.0764006556428,521.9510064236881,524.6555711548933,529.0570179987793,521.7778814971515,499.5863636677953,506.9396257113849,522.5740561438033,516.1973228302753,512.0859729914712,514.0599579509426
Cook_Inlet_75004400010386,506.133026088657,504.83257309331975,477.6200794085715,499.43886491021766,490.64612556715144,504.0806194232711,497.0751009025979,508.64434926686,497.1827071028247,503.46453942776355,500.9852164258029,509.36631803198424,511.66291846524746,481.63369007648726,472.3951163631965,487.6721712232148,497.0261851399551,496.2700865186429,489.08854201527987
Cook_Inlet_75004400008899,506.17579928824756,504.8684739976423,477.6877819952412,499.47703070394437,490.67607943422394,504.11757728548844,497.1266754794034,508.6874547384156,497.2121106000389,503.51360424366413,501.0278324248229,509.4060875613311,511.6936019492269,481.6527937455101,472.45826419275795,487.7424780938621,497.0711305917123,496.31361351307595,489.12938602538435
Cook_Inlet_75004400010422,475.3011940252349,483.95993232540536,423.7400925598837,477.7041025784138,469.8220096320011,475.0010753155922,466.7500088439088,478.50097798440623,475.98599709771054,474.41827342383493,475.63574415206006,481.7599823013114,494.28322391523784,470.28465635358964,434.53667871029586,446.92863588498363,469.9167000965931,473.8909202035123,461.4997161796054
Cook_Inlet_75004400003876,540.8711546539802,532.776255013586,529.6972702422945,524.8243159804912,523.6319117211501,538.8482801265696,531.6810433770577,545.1640076064983,530.501077501192,540.1469537470874,532.8905585302784,544.2565678701914,535.7007046644693,518.9556345639947,521.0975390444598,530.6665592566695,529.8605959591787,526.8663748956349,526.8693497423099
Cook_Inlet_75004400009792,542.4847773330242,535.4952720114549,528.695030260241,527.554676020529,523.6367036949872,538.9674529253589,532.1379401950513,542.8781307996146,527.4419311675159,539.6729753265046,531.9617070672473,543.909709299764,535.4150973050216,519.6530022005409,523.4324327117342,529.018373132406,527.2635129142514,526.6541108110385,525.6482866377362
Cook_Inlet_75004400005660,541.7858770948943,522.0194511033949,505.84975724079885,514.6534920527162,506.18854833927435,523.0869002918803,514.6750938704658,544.8854226582275,515.4054507389991,536.0276181017334,516.7520765825732,536.0648786918626,525.5917411854676,499.3077164915563,499.517477233506,512.7743446930529,513.2304551154548,512.929415841696,506.7499347997785
Cook_Inlet_75004400010402,474.8177064765226,481.4184878130421,424.03638045102,477.86352706531727,474.85950569190436,479.4327034880342,464.10771122551637,480.7239247680463,476.9618264088787,474.63454054355,475.1247017688289,483.53178819081614,493.30203410866716,474.15568809468454,437.4712498245958,452.42139402347254,471.3644455152717,473.4867377132536,466.7572730654775
Cook_Inlet_75004400001521,474.4805286632998,479.76102311831295,419.8151621584712,474.5322745739308,468.93047457320387,476.5099915661783,461.53732914546964,476.8317461483646,477.26330449412546,470.58466534523257,470.15930642505805,479.1593298821059,491.5458096336676,468.17088434897585,423.6648528364694,447.0210075905969,467.14859027745695,471.03989022854597,457.53026151176624
Cook_Inlet_75004400000153,476.368563490835,484.6115599729363,424.4509843484072,478.272456000367,468.98467662758094,474.5584173483701,467.28082939001854,478.54945664579833,476.12268539562524,475.1209716809086,476.70692393313885,481.6171116818432,494.58681341807807,469.56338436020206,435.4951432296453,445.62476704552176,470.4993759079373,474.0115936429762,460.5002499513828
Cook_Inlet_75004400007465,478.3396598956656,486.49881951603766,441.2659144402125,480.1174032120202,478.8935679414319,483.19997167413095,470.8486667618449,484.4318203521814,477.4886346089321,480.015616817692,479.1072262816035,485.6528067762624,493.93670695810374,474.4443955390098,444.5102320285344,456.88649098501526,472.7442580166843,474.5389327536671,471.94852269537984
Cook_Inlet_75004400010175,538.4474746154626,527.0365645800731,516.8179272852238,521.3162963458767,516.0716313648278,531.0881111911712,527.2528926809017,540.1134071798771,522.5219542285248,533.7259228167715,525.4015104891299,541.9304658396874,535.0908155894167,511.60562985947894,505.9014193447063,513.5129231587131,522.6143712548381,520.7088923817591,513.6391514015046
Cook_Inlet_75004400010221,539.5555493234491,528.4500500443951,518.8528546420737,522.7845343206252,518.4993581052981,530.2789592947756,527.4299129982994,542.2375632450223,521.9163385081106,536.4896931789058,526.8300081505239,545.1072974919163,536.8396506155566,512.4340179865561,508.2759069271337,516.2584156554612,523.7670239973179,522.2198824345087,516.9207617252376
Cook_Inlet_75004400011086,503.4107868209496,498.25574630137703,487.14041310948414,489.6340332531309,487.4588761354163,497.54964844454054,487.40276036543156,504.49986534278503,488.1441966827975,496.7187623111243,494.13842537876366,505.27342089390066,511.78986799143553,478.17797008162034,472.30372122649726,474.7299266173903,484.40706761126654,477.38192566476715,480.80193817342627
Cook_Inlet_75004400011230,535.5948990507848,534.8367311360544,524.9612719544008,525.0213977234682,523.6320377194115,534.1497387829402,531.7592920253737,541.0043504100807,523.6615317564161,533.767354377868,533.2752056058359,541.7363139812026,534.4302434441106,514.5083402670441,519.6403672321139,525.8642826011808,527.373937160745,528.1348649765374,524.6155292546099
Cook_Inlet_75004400006692,509.30684178008573,498.6533715761542,495.0579723628931,502.26395200820514,491.6690196056052,508.7679289592198,499.84864789102676,510.06230887452386,494.72692927297913,508.87248070663276,501.2657946728194,511.9677976670677,516.1239838445046,480.7596138706534,480.70271312164033,488.9508131342161,496.99627667560867,495.80491147687326,491.25267342708173
Cook_Inlet_75004400010610,488.2129174916433,490.35359425878045,441.9991757450139,485.9464611450074,463.8301805940842,481.6554230783883,477.68412545494743,491.1498369422053,478.7256010012287,486.4905040631525,483.9781884693364,494.94747770553823,498.58702104477806,448.2419686152339,446.9127662442532,456.20817972592295,476.1278003336617,473.66755131342796,468.61991209596226
Cook_Inlet_75004400001464,529.0556294944652,516.4909166392218,507.6412696548097,511.12004666826937,503.16753057265674,525.8601486817043,515.2749463701784,534.9847153381903,514.1425251329107,528.1208556207082,512.3985185224569,533.2206411014527,523.2696734956145,497.0271799999101,503.55158806969126,513.6565810147061,510.7763366737108,512.6273786337904,508.1974164249407
Cook_Inlet_75004400010320,473.82088144480105,481.2963709240243,427.06668760536826,472.79369788695993,472.73260181622106,478.7492796295638,463.05259844656183,478.5933658339626,476.0838951906676,471.7774521383882,468.11776142422195,479.09424978011606,489.849576177509,463.84671032760315,418.9237810919773,445.524862320434,465.7394463121686,466.8920486252042,457.7460509645977
Cook_Inlet_75004400002957,470.7626586453498,481.68554991456665,416.5158599633143,474.49329628330355,442.7254265694039,468.066767223737,464.0372003757897,470.89890945792405,468.63901824940086,468.4024287710599,471.6068693228488,477.67517298069095,490.20559523306605,434.476727098385,418.1590594475251,443.19254688894176,471.9204116375014,466.0161672702744,446.3783985941691
Cook_Inlet_75004400000141,476.3724204154168,488.78330052729183,422.9549994391588,477.87368143845543,472.78332926251517,482.5562587702357,466.084249865489,481.11105665365113,476.8608832248621,476.82963408190824,475.05637355277645,486.3097184815485,494.37058711650343,473.5711100894192,435.8735123537526,451.99994252955855,468.82264436289574,473.63102330067784,466.1533017857423
Cook_Inlet_75004400010328,524.7698591996103,517.9110121021097,511.50955287330726,510.25163723568113,508.3099116775385,523.3807539704321,514.525153394775,527.8691651616864,512.0524715890112,523.2884513995341,517.7052766368223,529.5290632794747,522.9377012988998,500.31043990884575,502.93433603584805,513.389364428124,513.7340117391684,512.6922724929386,510.6634089908856
Cook_Inlet_75004400003189,473.2943169370352,485.113849551859,424.3481535873519,479.0003565365839,465.3072564709989,473.5346872815671,468.8894295156473,479.68868171746004,475.48733092252354,474.2404242643135,477.8525487611757,481.61992487710995,494.6822579049264,464.0567368724493,433.93142814541153,440.81289190442965,473.0518974224616,472.2004295116422,459.57661004498675
Cook_Inlet_75004400007512,471.5518345910365,481.313151241628,415.19374811173225,477.1551067370942,454.6806678909417,469.8517831375984,466.01494089537044,472.28653436457364,472.08698176221674,469.28106292725465,473.43022983162945,479.36605988661347,492.0788731113407,447.75732543346277,420.53279735749766,441.6566624787986,471.3560911545278,468.3829383341412,450.9136569467709
Cook_Inlet_75004400010270,545.8376625830507,531.281819806678,525.3540738319817,526.495193108042,523.8113776216277,533.9329976560476,529.0411759599277,551.440774577033,524.3839508127099,540.6562661178704,530.727050448631,549.1091924850447,540.2846223375284,516.4367495136105,517.7820174341131,526.9033923492261,525.9311704958243,527.0937315841333,522.688957885448
Cook_Inlet_75004400002954,473.962944299169,480.90492580494606,413.8586687088368,476.0485822626537,466.7359639598625,473.323108739061,465.26237202591375,475.6186371114256,476.7978955856129,468.5562917693348,472.47141753021293,480.3129410662973,492.7332832975547,464.54441955040596,424.6174317662428,443.4096406107589,468.7078436642228,471.7880255365035,457.68054615838827
Cook_Inlet_75004400004450,467.3227999864522,479.5415737997961,408.53365858821223,478.38656880347924,449.477688332409,464.9454050782414,461.9551501368523,470.78590116613407,471.4468125301554,467.89902339385316,472.59523940536724,477.5158036275959,490.61805811118165,442.73767563930227,415.8441372680544,434.2827738865661,471.3091300465051,467.98017549327574,449.6107145209578
Cook_Inlet_75004400002953,479.1640456604083,483.25089623550076,424.8229545514364,478.5146106206052,470.4569500214474,474.5853837936267,470.27682703189447,477.8530505214103,477.3774232058398,475.2446644255514,478.3616024388019,481.3886969450643,493.70225035231925,469.5345399224463,436.26037795843104,446.8675283648968,471.25187805441675,473.95309431954684,459.41493168738407
Cook_Inlet_75004400002718,564.5094508241785,555.6522099190705,550.3689039918394,549.8941906497251,547.1178575761692,558.9206332616417,554.9218995806636,563.2528202638663,552.3812531946277,559.3369815610585,553.3418077701727,563.1905253177076,555.1048127804297,543.9107553910202,546.3873670817105,553.2632731477114,549.7795415120066,549.5956851226354,547.7003155356072
Cook_Inlet_75004400003165,516.6802648280436,509.82689567853964,498.1795781457759,508.1254249490634,500.94323615659033,510.1170555955929,509.499407030505,520.5175930808739,501.278028091849,516.3239916715079,511.47105113743174,515.7467095020218,516.3870381840379,488.86447016131336,490.4420679990648,507.0035389630395,507.7979987911555,507.93751652063787,500.0972795142159
Cook_Inlet_75004400000370,555.5836733879868,553.5969243755969,550.9824894895396,552.7675486719457,549.523959808642,555.0445009371399,552.9868120141755,559.5283455034172,549.8857364592044,556.6331654595806,554.6215034955599,558.3968007634336,554.2912107238388,545.1455251215904,547.6334186989095,553.9752966975697,553.008602289855,552.356840381527,550.3719501635815
Cook_Inlet_75004400008242,528.9794538269585,521.9175226903322,522.1552197787905,513.376198299267,512.8691038847187,533.5731306894538,522.3908911636212,534.8125220841213,520.3661743329476,530.1753156261329,525.3309474315809,537.8413447375715,526.2106224618656,509.796691968834,512.5853184324931,521.8954097744243,522.0377609591901,518.0579532563671,518.0726900347082
Cook_Inlet_75004400008192,528.9347783672105,513.3669615392146,507.6910617099885,508.38868238500373,503.0384435957785,523.3002609578185,515.7625077464968,531.8298411803012,511.599951598046,527.1167287533324,511.80440451525874,529.5183971199056,521.5162581162425,496.1564577524082,499.5976793952189,513.439774899648,510.5790277585858,506.82209186491286,505.57263951363126
Cook_Inlet_75004400002279,523.5680128763611,508.81330707884655,505.1438897755178,504.56521167700134,500.201067772837,517.283585275736,511.07749722369124,525.6650839444198,506.4613607767875,521.8262477005617,507.5701737477696,524.6234836882359,519.0666497621127,492.87920374208426,496.2565057365269,508.68812924030556,507.1215494925863,502.2735852985975,502.7014556465584
Cook_Inlet_75004400008856,519.6988453965504,514.2426617693308,509.06804470168845,507.34253483508587,502.61610716555657,517.8683012341027,508.6176645205375,521.6538352758046,505.5518469881249,517.6169372547974,514.9918273790172,527.6424187047387,517.296892523992,494.6763137018897,496.32421016280784,507.17629846561636,507.76534036854827,507.0403134040996,507.44949697788286
Cook_Inlet_75004400009331,519.1376798300001,512.2760890221958,506.228955076184,504.23703993484963,502.09675298717815,515.2241727582867,504.8234405430621,521.2181005786344,502.71373527969536,515.8447735495448,510.4189826850472,520.8568024383028,517.5182787887236,490.3404550057872,497.60369317386227,507.3510569937984,504.56215542464344,505.484843148112,506.0033321341088
Cook_Inlet_75004400007493,494.1874000390434,492.6034239504973,454.93133924271893,484.31691525409553,475.64743482264345,490.05195623270487,480.7083807824456,493.44602606099755,481.8152739003797,485.094884662564,482.4876008340113,488.208451993845,500.8156141255421,467.8601757648418,440.11556387758634,465.52941095704375,475.38615979388834,474.7521764895471,468.2156264360155
Cook_Inlet_75004400010351,512.1032622615716,502.85656502355687,497.3200009361333,492.78693561158167,494.5848121706512,504.9149583489976,502.24303335331336,512.0662606662803,497.9056712203031,507.92217040314887,498.5417270704814,515.2823622565188,511.64708910988276,485.8684303933504,486.94343211606895,496.68609947096706,500.02987275217083,496.53892259945997,494.6807349612431
Cook_Inlet_75004400001652,521.9705540502415,517.135568120077,505.4075183920095,511.52564412114026,505.0930521536724,520.0494228892007,512.9862986089912,525.1826110301721,509.99796112444847,520.5383264165939,516.1453456945615,525.8154759077665,522.0998454435072,495.52235374011406,498.4264497472547,508.8091894056331,511.71035329103444,510.96263631508447,507.5641840346117
Cook_Inlet_75004400010639,470.60171615479805,481.83590581671507,418.0258776754767,478.8803506190413,433.35565694314033,468.2093376686177,463.35468008195437,476.01628971349936,467.9805006007976,470.1884713641436,469.2679596262347,479.8363255683976,485.45034024023124,415.9743145912753,413.83750199732685,429.96022200662895,470.7779838598777,462.13008612573276,444.53797106778734
Cook_Inlet_75004400011676,552.8235368379555,541.45068778465,531.5017442488033,533.30052649546,529.3114068515913,545.7057407705428,540.5856787590511,550.2297559749837,541.8610344771631,544.3569849846035,537.9172728407507,550.9703998589622,544.8841071791633,526.4523682058054,524.8147471903759,529.8143316463553,537.3565893692061,534.2407833842391,525.9227933864914
Cook_Inlet_75004400004680,532.233819721793,524.5978395260329,526.1389548010615,526.8932681498837,519.9173963406563,526.0597337711143,528.8278590098786,535.6445226871033,519.4905682077992,537.4858218467856,529.6557207581754,533.9377379855512,530.7555367365494,511.3705447669641,520.225229992802,528.4190544520501,527.0574280241431,528.3823945812381,524.6260000355915
Cook_Inlet_75004400008539,551.84206387501,546.0169099736585,547.568531604989,540.1181911823123,537.2100397750318,551.2525224675085,545.2358639396615,554.5349679576278,544.2806581861075,550.124642369293,547.8855309923908,557.8554720531116,548.043674875719,536.6687856720547,538.142898888679,546.4877019697449,544.3701156165047,541.5106233429094,542.1368564225189
Cook_Inlet_75004400001443,477.160012566075,488.0322028203402,421.2371647061683,478.4195298838407,470.5054799930957,475.7514052031663,464.975022720695,478.0981981614352,474.7878654424199,476.0003046639352,475.5624631477618,483.2472621190965,494.25346231615475,471.6608311639217,437.35264770702275,451.481770765717,467.6737871195513,474.5303478242968,463.36203909923336
Cook_Inlet_75004400002950,503.38797331923837,494.91193115023685,485.2135831295793,491.9038192419582,484.4300307632338,500.43582967181317,490.573411301693,503.84335391983564,486.7137070438975,498.82730860176616,494.1994463041551,504.94376266062295,506.1680927994865,467.9788258286819,482.3932066700506,486.43664870674365,486.5722512375538,486.7097184849738,486.4700992232513
Cook_Inlet_75004400004743,457.2784077564866,481.4031669085326,420.6778916565449,479.3364437883865,463.434864062201,469.5054156007819,468.2818313294102,476.369004464671,470.32096480860474,466.95365310582395,473.6060011917355,482.18872045378345,495.29886514781214,442.5040077953269,418.64880461432216,420.6288313869051,470.6312595048588,467.65778682274674,454.13144050837894
Cook_Inlet_75004400009198,492.76856452367525,488.92822811344945,453.01346181315654,487.5776322342329,473.86803408113605,488.9319458438938,482.3580680155521,496.08341150990924,479.97696010871124,489.96931617694975,486.28308992429555,497.28533870723595,500.27983932301584,447.2523134475302,456.9401109528254,465.5352006918139,476.15086920769284,477.2229731033997,473.9336637982655
Cook_Inlet_75004400007686,463.9851840644573,482.0691731061325,416.4764732543008,479.08365599622846,454.09953706721285,469.84555662351596,473.9485169404661,475.717323602556,471.9598576014404,469.399902493917,476.1115720874984,483.13043861657354,493.9966515886901,448.5683119685575,419.39264976705135,427.620791981696,472.17757560912696,465.21455670452434,450.99263035417215
Cook_Inlet_75004400000627,503.5991122566921,495.4556549731461,484.9597517066197,490.13145895897514,487.1551692010712,501.0661436858976,493.41578422522605,507.9305440600413,488.9239231546665,499.7965948323542,494.9322011191883,506.80033058567784,508.58931483052356,476.3704492985609,478.6077108403246,486.4724379183655,489.29863271692307,490.259197976538,491.04902981189997
Cook_Inlet_75004400004213,555.9244804990409,546.648813145666,535.8470882810782,534.9084155076637,531.8026664297959,549.3561249905383,543.9222592299121,556.168814872668,541.6695480730194,552.5093646104503,540.8608539174874,556.7617234327445,545.3517160370684,529.3878081716429,530.3571400369188,543.9396730135671,537.7939969715746,534.5523809994028,533.5795569330944
Cook_Inlet_75004400002258,511.4111453001189,500.7069542375943,495.9312801627471,499.46510118781447,495.28359073448894,508.4828597007274,499.9493088435324,510.47924388912577,494.31881902902774,508.6307894746338,502.2287701711059,514.5870598963106,516.1966098427487,483.40766964538517,481.425413171818,488.44190354072316,496.562642517966,495.77336862755243,493.4319140435401
Cook_Inlet_75004400003230,522.1934017757118,512.7035442836417,515.4837460732697,512.1384275207763,507.70634984218555,515.9911804946718,516.248199838623,527.5352516940279,505.57268058142387,522.7046668042307,517.0581741640357,522.3513751960776,516.5261394962702,494.3319254618627,506.64872574188223,520.7139959496735,516.4738943636145,516.5990832281624,509.4192209371134
Cook_Inlet_75004400001670,501.09482431797323,493.06404015588856,456.41849779355323,488.7935098295257,475.0163733876772,491.26309077818576,486.55663830883833,503.11689186115194,479.8513018819264,490.97484494184624,487.55892816523334,497.02247092185814,502.4823165461132,460.5013240265012,446.95670372313975,477.9383801161597,481.30430220038687,480.10896986791334,472.2096599021313
Cook_Inlet_75004400007351,551.2313321834058,537.6580555936263,531.9235002996649,529.5073807419608,526.6537083490852,548.4492376084595,536.9228321690455,548.6114590784243,534.5870957271244,541.905749615618,537.9328649943886,549.9990728460823,541.8994953821636,524.0968582437094,521.7784301219846,528.3574279127255,532.0372181088062,532.0312855511249,522.9265718099125
Cook_Inlet_75004400001656,474.24195215419223,490.42502953315903,421.9745682154631,480.7395271973003,471.9321211038129,472.7806397009965,468.073339283188,484.5139514389586,478.80416156670725,478.83490704214785,479.9489598085978,488.19280434216483,498.59529470470994,467.99319946207385,429.1371081375417,426.44576939449956,474.99986949523736,476.7921982645484,462.69711946376515
Cook_Inlet_75004400004166,545.9255846832871,520.1265318534267,516.7527504941373,510.99267751253933,509.00153869544505,522.8451026303776,525.3743165576972,535.8905093507555,515.5010187015412,530.432488976729,523.8544900468708,531.5232476813231,529.2140188358796,503.6098403527461,507.64176980385713,520.5964941901336,514.8059332656098,507.22219450037943,512.4763509198795
Cook_Inlet_75004400010627,473.20338516456843,484.53455788946025,423.44065901393947,480.89232762098123,452.20067931532594,477.7517365786219,476.07867684670725,481.48292251741435,475.05218094654094,477.11837464848776,478.9431921813668,489.527186126999,495.60047429944,438.9745722245483,425.9326691005724,436.984976179913,476.15369784382796,468.69231000243235,457.2660531539669
Cook_Inlet_75004400001569,511.0677009028889,508.8940458393998,486.3700425934853,503.85184136480353,494.46118719003124,508.6298593157977,502.7651595897472,513.7608140049193,501.01692302668596,509.096934815888,506.39329657137495,514.8374863994097,515.1510586583582,484.5407310941965,481.33527183916686,494.8700421338043,502.6013242800597,501.5013985962473,494.6550032946171
Cook_Inlet_75004400004707,483.39850100126085,488.49663917059434,436.9359509831742,484.3098400670737,460.8866631071884,478.6372924661233,474.93084437810717,486.7492213209874,477.130803673211,482.35001713190366,482.1374997673161,491.41461194279464,497.0302538277586,450.32230072844925,442.05210791567725,451.2961641826042,475.1403298462436,472.08254613649854,465.3449956793361
Cook_Inlet_75004400011322,535.6689984078841,520.2166790337877,513.3309025351338,511.64231425916273,506.16977465438146,530.4119167345078,521.8852830147878,540.28885194764,517.6127988819193,533.6847178497111,516.8572805077542,536.1860848359976,524.1233385443292,497.7921154247898,506.4648870030107,516.6018828029895,515.490690445137,511.59567283101006,510.8231886981328
Cook_Inlet_75004400001134,536.4971275044467,519.2959003314154,511.1834810565612,523.2219327653476,513.4818726738159,537.2632058542047,521.810106029987,541.3553668955476,516.856767066743,537.0049439138492,523.925721023242,535.6190995719826,529.8450033611045,504.17901177562965,505.7731813076218,517.1788504314392,519.0137128105932,520.617757284318,514.4794887709863
Cook_Inlet_75004400004344,548.0058285899173,534.7683414326407,526.3915801852962,527.3848709921684,523.7351976757387,541.6065961873766,534.1750546401873,545.5802057462172,530.3050294841441,538.547256995954,532.8000466646553,546.7359276797412,539.5671862028876,519.5063326488531,516.6254572489734,521.5834645845567,529.3412855012123,528.3790715445228,519.5986358453139
Cook_Inlet_75004400009562,524.8729293496592,512.7777271742489,515.2555519631171,507.8209931950474,517.9267609833968,528.5710318846716,506.062139665403,527.1054107185332,508.0915962168326,523.8632169652761,516.5574386406315,533.007590750385,521.970980685515,496.2222050228498,507.47532705384924,515.9226407085124,511.2756245397606,519.448379414124,512.757410777667
Cook_Inlet_75004400003768,518.584302760518,505.23193838428983,505.6716245051232,501.8588927985912,499.7844119889304,513.7278251326268,508.0588103619981,520.2736874774492,503.59792767414086,516.665799598035,504.6898375399123,520.9782331355104,517.4993569593554,491.7431119454366,498.0525935643207,507.36474316210945,506.8791244427368,499.2647134276471,502.1122169296591
Cook_Inlet_75004400000171,474.8508241158376,488.7829199396367,421.5816960334798,479.3405482423677,470.59892592345835,473.66658313804913,466.72039221953236,480.020903868853,475.19133137043303,475.62681334694776,476.4447926850377,484.94811768807654,495.1012386010065,471.2314099351737,433.15953606548095,445.0759726492929,470.26961923586583,473.8131249346836,463.1328727180315
Cook_Inlet_75004400009308,514.241433045269,508.2361366359937,497.111621142882,503.9123014237635,494.89623009104054,510.1765206345839,505.46021643025006,519.2066132020417,495.1880954240846,511.54981595175406,507.26882217329114,516.9053023001077,513.680133551931,484.83430168623124,487.1082225067796,502.68597162630766,498.2430247214789,500.17698960066286,498.8158762213024
Cook_Inlet_75004400010337,475.481972595201,482.75757929104896,423.8429613410508,477.60718970153005,464.1958337287633,473.93457366023046,469.37036528063436,473.5456880477618,476.1262775900863,474.14813695031523,478.63339133511795,479.4903214864025,494.0545696641361,466.4366512517938,432.1070317521554,441.15431627195943,471.93762085848397,475.2869690559131,455.94191264525017
Cook_Inlet_75004400008879,473.00077871369984,479.5937253224533,430.42906576291557,472.96581337194397,469.31672808634147,477.24532223392055,459.4508368430344,476.79423551838875,477.66423681816167,470.34874016396503,472.19127840659854,481.2560984852544,490.8651650708412,469.64515727221743,423.88297907344,438.88983362939103,466.5501283232499,468.1820904251571,461.6280051768005
Cook_Inlet_75004400004457,482.06685589063727,485.8448606982191,443.3339861658046,484.46060448388704,467.5054219197727,485.0811665628995,483.13237396192795,491.2019970827107,477.7187490560688,481.87098374057393,483.17304347570746,496.1068638025657,501.102990654756,438.8251519784349,444.97609561364044,451.65754455094543,476.67775507480195,476.30305944575866,470.16419808302027
Cook_Inlet_75004400005924,478.10365807333653,485.46850362111275,435.50713029053804,482.8835555857441,461.2104662455563,478.68928612608164,477.0947413920307,484.9746314817876,475.98477877556655,478.83297245599925,480.53678608008954,490.86636702801763,497.2882325578818,444.0130287857164,438.2657504514834,445.6081044563411,474.75433021367655,471.98782498591015,463.7145357675813
Cook_Inlet_75004400004455,490.843162672338,488.03170782687727,455.2396585906733,486.7646249731628,471.1124935285134,487.52451871844386,481.8860307749063,493.92346767620637,480.0293647100612,487.34181597817945,485.33705684251123,496.9186202607283,499.9862613845345,448.828650042353,456.6188716018659,462.51535755313114,476.84483600175787,477.91079126611794,474.3988310615123
