OID_,cat_ID_txt,cat_elev_ZONE_CODE,cat_elev_COUNT,cat_elev_AREA,cat_elev_MIN,cat_elev_MAX,cat_elev_RANGE,cat_elev_MEAN,cat_elev_STD,cat_elev_SUM,cat_elev_VARIETY,cat_elev_MAJORITY,cat_elev_MINORITY,cat_elev_MEDIAN,cat_elev_PCT90,region,cat_ID_con
1,75004200007057.0,1,38470.000000000000000,961750.000000000000000,0,908,908,346.003691187938443,251.070908362849536,13310762.000000000000000,909,4,908,333,705,Cook_Inlet,Cook_Inlet_75004200007057
2,75004300006312.0,2,57563.000000000000000,1439075.000000000000000,59,98,39,76.307037506731660,9.374163659033492,4392462.000000000000000,40,69,59,74,90,Cook_Inlet,Cook_Inlet_75004300006312
3,75004300001906.0,3,12127.000000000000000,303175.000000000000000,3,146,143,27.850746268656653,21.365270790970385,337746.000000000000000,142,9,132,21,52,Cook_Inlet,Cook_Inlet_75004300001906
4,75004300000100.0,4,78759.000000000000000,1968975.000000000000000,33,78,45,58.672634238626912,8.226272649759407,4620998.000000000000000,46,65,33,59,68,Cook_Inlet,Cook_Inlet_75004300000100
5,75004300004983.0,5,113568.000000000000000,2839200.000000000000000,21,479,458,265.103189278670413,100.442304699629162,30107239.000000000000000,459,336,24,282,387,Cook_Inlet,Cook_Inlet_75004300004983
6,75004300004332.0,6,46955.000000000000000,1173875.000000000000000,3,70,67,37.661143648173912,17.287381862066269,1768379.000000000000000,68,35,70,38,61,Cook_Inlet,Cook_Inlet_75004300004332
7,75004300006239.0,7,30029.000000000000000,750725.000000000000000,2,463,461,97.155949249059361,102.857089019600537,2917496.000000000000000,459,14,447,50,254,Cook_Inlet,Cook_Inlet_75004300006239
8,75004300004304.0,8,29800.000000000000000,745000.000000000000000,80,166,86,111.048389261744404,26.884374733069091,3309242.000000000000000,87,92,80,97,156,Cook_Inlet,Cook_Inlet_75004300004304
9,75004300002332.0,9,25642.000000000000000,641050.000000000000000,105,220,115,141.510061617659289,31.139741236683161,3628601.000000000000000,116,110,105,137,182,Cook_Inlet,Cook_Inlet_75004300002332
10,75004300005437.0,10,5915.000000000000000,147875.000000000000000,196,320,124,222.727979712594703,24.636904464621963,1317436.000000000000000,125,203,301,215,255,Cook_Inlet,Cook_Inlet_75004300005437
11,75004300003464.0,11,4888.000000000000000,122200.000000000000000,237,293,56,257.996317512274857,15.993873710244607,1261086.000000000000000,57,241,293,254,283,Cook_Inlet,Cook_Inlet_75004300003464
12,75004300005171.0,12,263915.000000000000000,6597875.000000000000000,60,153,93,107.575780080707986,25.235535305342271,28390862.000000000000000,94,75,60,112,139,Cook_Inlet,Cook_Inlet_75004300005171
13,75004300004701.0,13,101308.000000000000000,2532700.000000000000000,5,46,41,29.430104236585439,12.434079374287563,2981505.000000000000000,42,42,46,34,42,Cook_Inlet,Cook_Inlet_75004300004701
14,75004300005303.0,14,140224.000000000000000,3505600.000000000000000,69,131,62,92.356016088544294,13.535843394535254,12950530.000000000000000,63,99,69,96,109,Cook_Inlet,Cook_Inlet_75004300005303
15,75004300006440.0,15,142116.000000000000000,3552900.000000000000000,252,462,210,402.929740493680242,50.911087681958378,57262763.000000000000000,211,442,462,423,451,Cook_Inlet,Cook_Inlet_75004300006440
16,75004300004254.0,16,12522.000000000000000,313050.000000000000000,44,85,41,55.608768567321526,11.292351318830066,696333.000000000000000,42,49,85,50,75,Cook_Inlet,Cook_Inlet_75004300004254
17,75004300001207.0,17,96486.000000000000000,2412150.000000000000000,44,110,66,89.546131044918383,11.148707623822421,8639948.000000000000000,67,83,110,89,105,Cook_Inlet,Cook_Inlet_75004300001207
18,75004300005245.0,18,6391.000000000000000,159775.000000000000000,16,51,35,33.225160381786878,10.497818463428391,212342.000000000000000,36,43,51,38,44,Cook_Inlet,Cook_Inlet_75004300005245
19,75004300000311.0,19,16577.000000000000000,414425.000000000000000,176,236,60,198.053809495084096,15.306169349916361,3283138.000000000000000,61,196,236,197,223,Cook_Inlet,Cook_Inlet_75004300000311
20,75004300008012.0,20,67071.000000000000000,1676775.000000000000000,1,251,250,43.411042030087351,60.231775770901621,2911622.000000000000000,251,4,249,13,150,Cook_Inlet,Cook_Inlet_75004300008012
21,75004300004192.0,21,17515.000000000000000,437875.000000000000000,6,60,54,33.758207250927640,17.249347661018039,591275.000000000000000,55,9,60,37,54,Cook_Inlet,Cook_Inlet_75004300004192
22,75004300007324.0,22,73349.000000000000000,1833725.000000000000000,74,136,62,100.781673915118816,17.089119530478150,7392235.000000000000000,63,79,74,100,126,Cook_Inlet,Cook_Inlet_75004300007324
23,75004300001162.0,23,72435.000000000000000,1810875.000000000000000,7,62,55,40.439373231173079,11.035302643433660,2929226.000000000000000,56,47,62,42,51,Cook_Inlet,Cook_Inlet_75004300001162
24,75004300004217.0,24,84408.000000000000000,2110200.000000000000000,3,73,70,45.486577101696312,18.389828641350960,3839431.000000000000000,71,45,3,47,66,Cook_Inlet,Cook_Inlet_75004300004217
25,75004300002207.0,25,17221.000000000000000,430525.000000000000000,7,60,53,25.259857151152673,15.013297899827466,435000.000000000000000,54,12,60,17,49,Cook_Inlet,Cook_Inlet_75004300002207
26,75004300003409.0,26,13879.000000000000000,346975.000000000000000,256,327,71,292.714965055119080,16.133946496068919,4062591.000000000000000,72,308,327,294,313,Cook_Inlet,Cook_Inlet_75004300003409
27,75004300002142.0,27,66796.000000000000000,1669900.000000000000000,68,116,48,95.127911851009145,10.069806298005421,6354164.000000000000000,49,102,116,98,106,Cook_Inlet,Cook_Inlet_75004300002142
28,75004300002314.0,28,42481.000000000000000,1062025.000000000000000,106,161,55,144.153527459335379,11.255479946029984,6123786.000000000000000,56,145,106,147,155,Cook_Inlet,Cook_Inlet_75004300002314
29,75004300003171.0,29,356632.000000000000000,8915800.000000000000000,103,191,88,138.708388478879101,19.709567758894803,49467850.000000000000000,89,124,103,136,169,Cook_Inlet,Cook_Inlet_75004300003171
30,75004300000101.0,30,47478.000000000000000,1186950.000000000000000,30,71,41,58.139559374868270,5.715496849932510,2760350.000000000000000,42,59,30,58,64,Cook_Inlet,Cook_Inlet_75004300000101
31,75004300005352.0,31,69277.000000000000000,1731925.000000000000000,91,180,89,127.312398054186886,23.499441591006889,8819821.000000000000000,90,96,180,128,156,Cook_Inlet,Cook_Inlet_75004300005352
32,75004300000856.0,32,284578.000000000000000,7114450.000000000000000,34,123,89,49.599210058402285,19.321904603858737,14114844.000000000000000,90,34,123,42,76,Cook_Inlet,Cook_Inlet_75004300000856
33,75004300004341.0,33,6343.000000000000000,158575.000000000000000,109,162,53,118.059277944190370,11.783664756061192,748850.000000000000000,54,113,109,114,135,Cook_Inlet,Cook_Inlet_75004300004341
34,75004300002289.0,34,20735.000000000000000,518375.000000000000000,80,146,66,112.003665300216866,16.274101558915717,2322396.000000000000000,67,116,80,117,130,Cook_Inlet,Cook_Inlet_75004300002289
35,75004300007331.0,35,21178.000000000000000,529450.000000000000000,2,422,420,70.881858532439367,84.324571819285410,1501136.000000000000000,415,3,362,37,214,Cook_Inlet,Cook_Inlet_75004300007331
36,75004300006376.0,36,69815.000000000000000,1745375.000000000000000,109,244,135,179.067951013393042,39.307779568844424,12501629.000000000000000,136,219,244,182,228,Cook_Inlet,Cook_Inlet_75004300006376
37,75004300002278.0,37,28105.000000000000000,702625.000000000000000,99,209,110,125.554492083259262,25.226511862378771,3528709.000000000000000,111,107,99,116,166,Cook_Inlet,Cook_Inlet_75004300002278
38,75004300002352.0,38,22878.000000000000000,571950.000000000000000,111,146,35,129.525963808024585,7.411965708433366,2963295.000000000000000,36,123,111,129,140,Cook_Inlet,Cook_Inlet_75004300002352
39,75004300001210.0,39,29506.000000000000000,737650.000000000000000,55,75,20,63.775638853114643,4.578879044259605,1881764.000000000000000,21,60,75,62,70,Cook_Inlet,Cook_Inlet_75004300001210
40,75004300004452.0,40,26374.000000000000000,659350.000000000000000,176,331,155,212.054864639418014,36.601105440942490,5592735.000000000000000,156,183,331,197,269,Cook_Inlet,Cook_Inlet_75004300004452
41,75004300000105.0,41,15482.000000000000000,387050.000000000000000,29,61,32,43.047474486500633,8.222797441779322,666461.000000000000000,33,48,61,43,54,Cook_Inlet,Cook_Inlet_75004300000105
42,75004300006071.0,42,36100.000000000000000,902500.000000000000000,0,118,118,22.707036011080305,24.455424774680601,819724.000000000000000,119,5,118,8,63,Cook_Inlet,Cook_Inlet_75004300006071
43,75004300004324.0,43,10207.000000000000000,255175.000000000000000,10,76,66,37.738708729303411,23.653706030395643,385199.000000000000000,67,12,28,39,64,Cook_Inlet,Cook_Inlet_75004300004324
44,75004300001288.0,44,35152.000000000000000,878800.000000000000000,154,260,106,193.243684569866588,21.323303643584428,6792902.000000000000000,107,207,260,194,221,Cook_Inlet,Cook_Inlet_75004300001288
45,75004300006013.0,45,23471.000000000000000,586775.000000000000000,32,85,53,44.686378935707850,11.978856785990487,1048834.000000000000000,54,34,85,39,67,Cook_Inlet,Cook_Inlet_75004300006013
46,75004400004829.0,46,1120.000000000000000,28000.000000000000000,154,159,5,156.778571428571553,0.896961992687839,175592.000000000000000,6,157,154,157,158,Cook_Inlet,Cook_Inlet_75004400004829
47,75004400000576.0,47,48256.000000000000000,1206400.000000000000000,133,252,119,165.805765086207600,27.555446738892595,8001123.000000000000000,120,142,252,153,206,Cook_Inlet,Cook_Inlet_75004400000576
48,75004400006041.0,48,70276.000000000000000,1756900.000000000000000,43,73,30,56.146237691388336,7.952211300570638,3945733.000000000000000,31,45,73,57,66,Cook_Inlet,Cook_Inlet_75004400006041
49,75004400010402.0,49,237705.000000000000000,5942625.000000000000000,22,63,41,33.452990050692755,6.182593195774405,7951943.000000000000000,42,38,22,35,39,Cook_Inlet,Cook_Inlet_75004400010402
50,75004400008856.0,50,314849.000000000000000,7871225.000000000000000,126,962,836,339.779773796325685,178.169196521808686,106979322.000000000000000,827,126,945,280,630,Cook_Inlet,Cook_Inlet_75004400008856
51,75004400010754.0,51,3060.000000000000000,76500.000000000000000,98,108,10,102.049019607843235,2.486607728026170,312270.000000000000000,11,99,98,102,105,Cook_Inlet,Cook_Inlet_75004400010754
52,75004400010810.0,52,10744.000000000000000,268600.000000000000000,205,320,115,220.443037974683477,19.375706792384086,2368440.000000000000000,116,208,268,212,240,Cook_Inlet,Cook_Inlet_75004400010810
53,75004400002950.0,53,100550.000000000000000,2513750.000000000000000,125,396,271,285.249358528096764,76.323028651073969,28681823.000000000000000,272,347,396,321,357,Cook_Inlet,Cook_Inlet_75004400002950
54,75004400009144.0,54,245612.000000000000000,6140300.000000000000000,56,437,381,157.313624741462036,102.516190201751812,38638114.000000000000000,382,62,426,115,311,Cook_Inlet,Cook_Inlet_75004400009144
55,75004400006357.0,55,115321.000000000000000,2883025.000000000000000,280,1390,1110,566.158167202852042,241.276760165878358,65289926.000000000000000,1111,387,1378,474,945,Cook_Inlet,Cook_Inlet_75004400006357
56,75004400007385.0,56,463156.000000000000000,11578900.000000000000000,18,110,92,57.995269412465532,14.797303972183547,26860857.000000000000000,93,64,110,61,75,Cook_Inlet,Cook_Inlet_75004400007385
57,75004400007948.0,57,34272.000000000000000,856800.000000000000000,147,288,141,183.945728291317835,41.485002807556498,6304188.000000000000000,142,153,288,157,256,Cook_Inlet,Cook_Inlet_75004400007948
58,75004400009261.0,58,16673.000000000000000,416825.000000000000000,135,340,205,191.130750314880430,36.572856872168174,3186723.000000000000000,206,158,135,183,238,Cook_Inlet,Cook_Inlet_75004400009261
59,75004400001510.0,59,28591.000000000000000,714775.000000000000000,19,31,12,25.130600538631022,2.759997059912102,718509.000000000000000,13,25,19,25,29,Cook_Inlet,Cook_Inlet_75004400001510
60,75004400007387.0,60,207851.000000000000000,5196275.000000000000000,5,46,41,23.876122799505382,8.323064035028469,4962676.000000000000000,42,27,5,24,35,Cook_Inlet,Cook_Inlet_75004400007387
61,75004400010320.0,61,321259.000000000000000,8031475.000000000000000,10,88,78,41.606853037580194,15.484536161064167,13366576.000000000000000,79,30,88,33,66,Cook_Inlet,Cook_Inlet_75004400010320
62,75004400001568.0,62,32612.000000000000000,815300.000000000000000,34,79,45,46.324205813811034,7.060967809222437,1510725.000000000000000,46,47,34,46,51,Cook_Inlet,Cook_Inlet_75004400001568
63,75004400008917.0,63,231393.000000000000000,5784825.000000000000000,6,43,37,21.522855056116754,4.670300092222170,4980238.000000000000000,38,22,6,22,27,Cook_Inlet,Cook_Inlet_75004400008917
64,75004400001952.0,64,299886.000000000000000,7497150.000000000000000,126,1335,1209,369.449730897741517,253.802423012239331,110792802.000000000000000,1210,126,1334,264,781,Cook_Inlet,Cook_Inlet_75004400001952
65,75004400009919.0,65,20943.000000000000000,523575.000000000000000,237,730,493,362.393114644511684,115.176394280727536,7589599.000000000000000,493,244,676,334,541,Cook_Inlet,Cook_Inlet_75004400009919
66,75004400001498.0,66,367141.000000000000000,9178525.000000000000000,12,96,84,33.932579036391573,16.664210782149333,12458041.000000000000000,85,29,96,30,65,Cook_Inlet,Cook_Inlet_75004400001498
67,75004400011711.0,67,24992.000000000000000,624800.000000000000000,5,912,907,377.934939180537128,245.525731546811187,9445350.000000000000000,906,5,912,358,763,Cook_Inlet,Cook_Inlet_75004400011711
68,75004400003452.0,68,223.000000000000000,5575.000000000000000,421,451,30,426.834080717488860,4.856164768883211,95184.000000000000000,24,427,421,426,431,Cook_Inlet,Cook_Inlet_75004400003452
69,75004400007388.0,69,529306.000000000000000,13232650.000000000000000,23,108,85,49.203506100440826,17.965610312229998,26043711.000000000000000,86,40,108,42,81,Cook_Inlet,Cook_Inlet_75004400007388
70,75004400000627.0,70,16820.000000000000000,420500.000000000000000,2,87,85,31.500297265160512,21.513791443303866,529835.000000000000000,86,6,2,31,65,Cook_Inlet,Cook_Inlet_75004400000627
71,75004400003042.0,71,19034.000000000000000,475850.000000000000000,4,35,31,20.695912577492930,8.060869428934293,393926.000000000000000,32,26,35,25,28,Cook_Inlet,Cook_Inlet_75004400003042
72,75004400002041.0,72,113826.000000000000000,2845650.000000000000000,146,524,378,262.794730553651448,75.979523059640243,29912873.000000000000000,379,168,524,256,369,Cook_Inlet,Cook_Inlet_75004400002041
73,75004400011322.0,73,32388.000000000000000,809700.000000000000000,190,514,324,228.454551068296837,49.719012268001173,7399186.000000000000000,318,202,190,208,292,Cook_Inlet,Cook_Inlet_75004400011322
74,75004400001872.0,74,9948.000000000000000,248700.000000000000000,168,305,137,205.499899477281758,35.213443888213810,2044313.000000000000000,138,171,305,194,259,Cook_Inlet,Cook_Inlet_75004400001872
75,75004400009331.0,75,115846.000000000000000,2896150.000000000000000,125,1157,1032,407.023703882741927,247.931401521492546,47152068.000000000000000,1033,312,1154,325,837,Cook_Inlet,Cook_Inlet_75004400009331
76,75004400009308.0,76,93575.000000000000000,2339375.000000000000000,200,1366,1166,610.371958322201408,343.485979401802808,57115556.000000000000000,1166,206,1365,543,1147,Cook_Inlet,Cook_Inlet_75004400009308
77,75004400006846.0,77,911.000000000000000,22775.000000000000000,223,288,65,240.760702524698331,14.034606481456224,219333.000000000000000,65,230,256,237,264,Cook_Inlet,Cook_Inlet_75004400006846
78,75004400003154.0,78,13343.000000000000000,333575.000000000000000,52,77,25,61.592370531364736,7.306349311545188,821827.000000000000000,26,53,77,61,72,Cook_Inlet,Cook_Inlet_75004400003154
79,75004400002951.0,79,88441.000000000000000,2211025.000000000000000,147,301,154,185.678848045589149,39.940038180611573,16421623.000000000000000,155,153,301,163,254,Cook_Inlet,Cook_Inlet_75004400002951
80,75004400009260.0,80,78024.000000000000000,1950600.000000000000000,154,983,829,346.869270993540397,209.427050698542359,27064128.000000000000000,830,154,972,244,685,Cook_Inlet,Cook_Inlet_75004400009260
81,75000100000981.0,81,220619.000000000000000,5515475.000000000000000,8,94,86,47.849233293596747,17.411984965737577,10556450.000000000000000,87,50,94,48,71,Cook_Inlet,Cook_Inlet_75000100000981
82,75000100003094.0,82,245956.000000000000000,6148900.000000000000000,108,743,635,331.664659532599273,158.259960884616476,81574913.000000000000000,636,354,742,298,604,Cook_Inlet,Cook_Inlet_75000100003094
83,75000100003947.0,83,3031.000000000000000,75775.000000000000000,32,44,12,39.232596502804462,2.495460706777558,118914.000000000000000,13,40,32,40,42,Cook_Inlet,Cook_Inlet_75000100003947
84,75000100002463.0,84,1030348.000000000000000,25758700.000000000000000,1,119,118,56.333457239690162,21.659691955088658,58043065.000000000000000,119,44,1,55,89,Cook_Inlet,Cook_Inlet_75000100002463
85,75000100001919.0,85,41170.000000000000000,1029250.000000000000000,70,124,54,90.977192130192407,11.411570415986020,3745531.000000000000000,55,96,124,92,106,Cook_Inlet,Cook_Inlet_75000100001919
86,75000100004336.0,86,872402.000000000000000,21810050.000000000000000,3,745,742,80.512021980692452,98.958020459172388,70238849.000000000000000,743,39,3,50,163,Cook_Inlet,Cook_Inlet_75000100004336
87,75000100000004.0,87,578108.000000000000000,14452700.000000000000000,5,85,80,29.531717256983253,9.312974395731597,17072522.000000000000000,81,24,85,28,39,Cook_Inlet,Cook_Inlet_75000100000004
88,75000100000652.0,88,83340.000000000000000,2083500.000000000000000,-2,46,48,24.307775377969797,8.159936517739778,2025810.000000000000000,49,26,-2,25,34,Cook_Inlet,Cook_Inlet_75000100000652
89,75000100004200.0,89,68063.000000000000000,1701575.000000000000000,138,205,67,165.228068113365538,16.183965236432968,11245918.000000000000000,68,147,138,162,191,Cook_Inlet,Cook_Inlet_75000100004200
90,75000100002523.0,90,26785.000000000000000,669625.000000000000000,46,65,19,50.431547507933672,2.545451989327632,1350809.000000000000000,20,52,65,51,53,Cook_Inlet,Cook_Inlet_75000100002523
91,75000100000059.0,91,37512.000000000000000,937800.000000000000000,3,119,116,56.161361697590017,23.535768573990190,2106725.000000000000000,117,48,119,56,84,Cook_Inlet,Cook_Inlet_75000100000059
92,75000400000173.0,92,16926.000000000000000,423150.000000000000000,15,29,14,18.006676119579360,1.299256861337999,304781.000000000000000,15,18,29,18,19,Cook_Inlet,Cook_Inlet_75000400000173
93,75000400009620.0,93,167220.000000000000000,4180500.000000000000000,53,380,327,137.002619303910564,62.643289678415492,22909578.000000000000000,328,66,379,133,217,Cook_Inlet,Cook_Inlet_75000400009620
94,75000400014405.0,94,371994.000000000000000,9299850.000000000000000,13,268,255,34.184787926686610,16.921603050238229,12716536.000000000000000,256,27,263,31,47,Cook_Inlet,Cook_Inlet_75000400014405
95,75000400014403.0,95,641511.000000000000000,16037775.000000000000000,117,408,291,242.860537075747487,36.435809012071438,155797706.000000000000000,292,235,408,243,281,Cook_Inlet,Cook_Inlet_75000400014403
96,75000700036166.0,96,10859.000000000000000,271475.000000000000000,116,122,6,117.296712404457196,1.513544844831014,1273725.000000000000000,7,117,122,117,120,Cook_Inlet,Cook_Inlet_75000700036166
97,75000700030756.0,97,510732.000000000000000,12768300.000000000000000,437,798,361,613.636842806017853,97.716895682502368,313403972.000000000000000,362,442,798,633,734,Cook_Inlet,Cook_Inlet_75000700030756
98,75000700032122.0,98,148713.000000000000000,3717825.000000000000000,741,817,76,759.692273035987569,19.778751497136902,112976117.000000000000000,77,742,741,751,789,Cook_Inlet,Cook_Inlet_75000700032122
99,75000500009621.0,99,133141.000000000000000,3328525.000000000000000,521,643,122,569.786181566914706,31.424061887410740,75861902.000000000000000,123,536,643,571,615,Cook_Inlet,Cook_Inlet_75000500009621
100,75000500011984.0,100,97224.000000000000000,2430600.000000000000000,162,439,277,244.605416358101508,76.716918443404239,23781517.000000000000000,278,194,439,203,368,Cook_Inlet,Cook_Inlet_75000500011984
101,75000500009975.0,101,311452.000000000000000,7786300.000000000000000,180,439,259,227.271521775427090,39.510815046473702,70784170.000000000000000,260,193,427,213,278,Cook_Inlet,Cook_Inlet_75000500009975
102,75000500010609.0,102,20427.000000000000000,510675.000000000000000,149,230,81,183.092328780535951,24.837751146490262,3740027.000000000000000,82,149,230,181,218,Cook_Inlet,Cook_Inlet_75000500010609
103,75000300025361.0,103,16961.000000000000000,424025.000000000000000,116,218,102,154.650610223453413,20.120100331935742,2623029.000000000000000,103,116,218,159,173,Cook_Inlet,Cook_Inlet_75000300025361
104,75000600010189.0,104,64929.000000000000000,1623225.000000000000000,15,65,50,27.079194196737902,11.996360077413854,1758225.000000000000000,51,16,65,22,44,Cook_Inlet,Cook_Inlet_75000600010189
105,75000600030148.0,105,135606.000000000000000,3390150.000000000000000,231,482,251,310.951218972611684,69.707730095108545,42166851.000000000000000,252,244,482,286,418,Cook_Inlet,Cook_Inlet_75000600030148
106,75000200008033.0,106,44150.000000000000000,1103750.000000000000000,65,80,15,69.967655719139543,2.274780799699256,3089072.000000000000000,16,70,80,70,73,Cook_Inlet,Cook_Inlet_75000200008033
107,75000200002920.0,107,10846.000000000000000,271150.000000000000000,64,74,10,70.612852664576792,2.604046701490551,765867.000000000000000,11,73,67,71,73,Cook_Inlet,Cook_Inlet_75000200002920
108,75000200000411.0,108,1075.000000000000000,26875.000000000000000,70,72,2,70.786046511627887,0.412356469940494,76095.000000000000000,3,71,72,71,71,Cook_Inlet,Cook_Inlet_75000200000411
109,75000200013251.0,109,278.000000000000000,6950.000000000000000,98,100,2,98.712230215827347,0.460600238921127,27442.000000000000000,3,99,100,99,99,Cook_Inlet,Cook_Inlet_75000200013251
110,75000200008551.0,110,743.000000000000000,18575.000000000000000,42,47,5,43.253028263795450,1.274256274474232,32137.000000000000000,6,42,47,43,45,Cook_Inlet,Cook_Inlet_75000200008551
111,75000200007305.0,111,13655.000000000000000,341375.000000000000000,557,837,280,616.404027828634071,62.145716467976662,8416997.000000000000000,278,564,825,594,719,Cook_Inlet,Cook_Inlet_75000200007305
112,75000200015657.0,112,33391.000000000000000,834775.000000000000000,109,146,37,127.307028840106582,10.785607098605848,4250909.000000000000000,38,141,146,130,141,Cook_Inlet,Cook_Inlet_75000200015657
113,75000200003107.0,113,684.000000000000000,17100.000000000000000,91,98,7,92.557017543859587,1.359811818222931,63309.000000000000000,8,92,95,92,93,Cook_Inlet,Cook_Inlet_75000200003107
114,75000200008009.0,114,651.000000000000000,16275.000000000000000,107,113,6,108.511520737327189,0.977994118257201,70641.000000000000000,7,109,113,109,109,Cook_Inlet,Cook_Inlet_75000200008009
115,75000200013536.0,115,23016.000000000000000,575400.000000000000000,80,111,31,88.019595064303203,10.834393739630077,2025859.000000000000000,32,80,111,81,106,Cook_Inlet,Cook_Inlet_75000200013536
116,75000200015867.0,116,721.000000000000000,18025.000000000000000,92,96,4,92.846047156726769,0.770387472440343,66942.000000000000000,5,93,94,93,93,Cook_Inlet,Cook_Inlet_75000200015867
117,75000200010712.0,117,186.000000000000000,4650.000000000000000,92,97,5,93.188172043010752,1.617136022923785,17333.000000000000000,6,92,94,93,97,Cook_Inlet,Cook_Inlet_75000200010712
118,75000200003070.0,118,1136.000000000000000,28400.000000000000000,93,104,11,95.845070422535230,1.917472568611791,108880.000000000000000,12,98,102,96,98,Cook_Inlet,Cook_Inlet_75000200003070
119,75000200006065.0,119,31431.000000000000000,785775.000000000000000,97,119,22,107.660430784893904,4.650506219675273,3383875.000000000000000,22,113,119,108,114,Cook_Inlet,Cook_Inlet_75000200006065
120,75000200010532.0,120,10238.000000000000000,255950.000000000000000,74,79,5,76.218499706974228,1.072404035640172,780325.000000000000000,6,76,79,76,78,Cook_Inlet,Cook_Inlet_75000200010532
121,75000200005573.0,121,559.000000000000000,13975.000000000000000,93,95,2,93.661896243291579,0.495233794884723,52357.000000000000000,3,94,95,94,94,Cook_Inlet,Cook_Inlet_75000200005573
122,75000200005575.0,122,635.000000000000000,15875.000000000000000,93,104,11,94.401574803149657,1.815332088313665,59945.000000000000000,12,94,104,94,96,Cook_Inlet,Cook_Inlet_75000200005575
123,75000200018331.0,123,129833.000000000000000,3245825.000000000000000,30,71,41,44.746312570763749,7.352168900222487,5809548.000000000000000,42,45,71,46,53,Cook_Inlet,Cook_Inlet_75000200018331
124,75000200005504.0,124,57925.000000000000000,1448125.000000000000000,29,70,41,45.265239533880241,12.190390705258510,2621989.000000000000000,42,33,70,39,64,Cook_Inlet,Cook_Inlet_75000200005504
125,75000200003013.0,125,1044.000000000000000,26100.000000000000000,36,38,2,37.455938697318032,0.734333943835878,39104.000000000000000,3,38,36,38,38,Cook_Inlet,Cook_Inlet_75000200003013
126,75000200015680.0,126,3774.000000000000000,94350.000000000000000,70,76,6,72.014043455219863,1.505708594732218,271781.000000000000000,7,71,76,72,74,Cook_Inlet,Cook_Inlet_75000200015680
127,75000200000416.0,127,2972.000000000000000,74300.000000000000000,75,77,2,76.312584118438750,0.564962079615303,226801.000000000000000,3,76,75,76,77,Cook_Inlet,Cook_Inlet_75000200000416
128,75000200005413.0,128,7216.000000000000000,180400.000000000000000,105,127,22,110.797533259423304,4.898487199332129,799515.000000000000000,23,107,127,109,119,Cook_Inlet,Cook_Inlet_75000200005413
129,75000200002930.0,129,6584.000000000000000,164600.000000000000000,107,119,12,109.598116646415548,2.163102459165517,721594.000000000000000,13,109,119,109,112,Cook_Inlet,Cook_Inlet_75000200002930
130,75000200010359.0,130,19729.000000000000000,493225.000000000000000,117,157,40,130.076739824623957,11.003130192745042,2566284.000000000000000,41,121,157,125,148,Cook_Inlet,Cook_Inlet_75000200010359
131,75000200010144.0,131,262926.000000000000000,6573150.000000000000000,118,230,112,169.185580733743677,31.785939473130586,44483288.000000000000000,113,129,230,176,208,Cook_Inlet,Cook_Inlet_75000200010144
132,75000200018266.0,132,60023.000000000000000,1500575.000000000000000,115,131,16,120.912683471335654,2.820184523915660,7257542.000000000000000,17,122,131,121,125,Cook_Inlet,Cook_Inlet_75000200018266
133,75000200002753.0,133,49540.000000000000000,1238500.000000000000000,217,282,65,249.916592652403608,19.680046394683774,12380868.000000000000000,66,274,282,247,276,Cook_Inlet,Cook_Inlet_75000200002753
134,75000200015505.0,134,28403.000000000000000,710075.000000000000000,258,322,64,290.132521212546521,17.770992115330547,8240634.000000000000000,65,305,322,297,308,Cook_Inlet,Cook_Inlet_75000200015505
135,75000200015584.0,135,77814.000000000000000,1945350.000000000000000,208,255,47,228.823116662812197,8.969172520007820,17805642.000000000000000,48,227,255,227,242,Cook_Inlet,Cook_Inlet_75000200015584
136,75000200002806.0,136,43679.000000000000000,1091975.000000000000000,208,263,55,246.273632638109149,8.436648098005605,10756986.000000000000000,56,246,208,247,256,Cook_Inlet,Cook_Inlet_75000200002806
137,75000200007853.0,137,131980.000000000000000,3299500.000000000000000,238,329,91,282.975094711318889,20.404287249118649,37347053.000000000000000,92,296,238,288,306,Cook_Inlet,Cook_Inlet_75000200007853
138,75000200018577.0,138,34860.000000000000000,871500.000000000000000,91,115,24,97.764285714285606,5.136166900867904,3408063.000000000000000,25,96,115,96,109,Cook_Inlet,Cook_Inlet_75000200018577
139,75000200015695.0,139,49493.000000000000000,1237325.000000000000000,143,204,61,162.776695694340930,10.909422439599940,8056307.000000000000000,62,169,204,165,178,Cook_Inlet,Cook_Inlet_75000200015695
140,75000200013033.0,140,76217.000000000000000,1905425.000000000000000,258,305,47,286.382473726333671,8.624841216798432,21827213.000000000000000,48,281,305,287,297,Cook_Inlet,Cook_Inlet_75000200013033
141,75000200005075.0,141,98656.000000000000000,2466400.000000000000000,257,307,50,290.677657719753881,8.237798130932100,28677095.000000000000000,51,297,257,292,300,Cook_Inlet,Cook_Inlet_75000200005075
142,75000200007839.0,142,49789.000000000000000,1244725.000000000000000,188,284,96,221.651308521961539,23.629751762459222,11035797.000000000000000,97,192,188,218,255,Cook_Inlet,Cook_Inlet_75000200007839
143,75000200007958.0,143,8540.000000000000000,213500.000000000000000,221,241,20,229.093911007026009,3.149489445490498,1956462.000000000000000,21,228,241,228,233,Cook_Inlet,Cook_Inlet_75000200007958
144,75000200013189.0,144,31156.000000000000000,778900.000000000000000,143,178,35,151.092598536398071,6.028684198303493,4707441.000000000000000,36,148,178,149,156,Cook_Inlet,Cook_Inlet_75000200013189
145,75000200002934.0,145,378.000000000000000,9450.000000000000000,109,111,2,109.875661375661323,0.457610785892687,41533.000000000000000,3,110,111,110,110,Cook_Inlet,Cook_Inlet_75000200002934
146,75000200018235.0,146,85144.000000000000000,2128600.000000000000000,129,209,80,167.929401954336100,21.422767438138870,14298181.000000000000000,81,165,129,166,200,Cook_Inlet,Cook_Inlet_75000200018235
147,75000200013258.0,147,73113.000000000000000,1827825.000000000000000,138,163,25,153.394280086988203,5.070734717936168,11215116.000000000000000,26,158,163,154,159,Cook_Inlet,Cook_Inlet_75000200013258
148,75000200018069.0,148,45331.000000000000000,1133275.000000000000000,229,287,58,274.678476098035105,8.187219946435601,12451450.000000000000000,59,279,229,277,282,Cook_Inlet,Cook_Inlet_75000200018069
149,75000200013187.0,149,2001.000000000000000,50025.000000000000000,133,138,5,135.783108445777003,0.898627157028921,271702.000000000000000,6,136,138,136,137,Cook_Inlet,Cook_Inlet_75000200013187
150,75000200007646.0,150,132004.000000000000000,3300100.000000000000000,132,161,29,145.649290930578559,5.358455560682697,19226289.000000000000000,30,146,161,146,153,Cook_Inlet,Cook_Inlet_75000200007646
151,75000200000010.0,151,272369.000000000000000,6809225.000000000000000,278,383,105,341.378831658523382,17.559828103332894,92981011.000000000000000,106,345,278,344,362,Cook_Inlet,Cook_Inlet_75000200000010
152,75000200013185.0,152,43855.000000000000000,1096375.000000000000000,137,181,44,151.029004674492768,8.559716800554876,6623377.000000000000000,45,152,181,152,157,Cook_Inlet,Cook_Inlet_75000200013185
153,75000200010344.0,153,29029.000000000000000,725725.000000000000000,217,270,53,245.828964139308198,14.803902440602007,7136169.000000000000000,54,264,217,244,265,Cook_Inlet,Cook_Inlet_75000200010344
154,75000200010538.0,154,346.000000000000000,8650.000000000000000,109,111,2,110.011560693641570,0.733102042486429,38064.000000000000000,3,110,109,110,111,Cook_Inlet,Cook_Inlet_75000200010538
155,75000200010547.0,155,2629.000000000000000,65725.000000000000000,131,137,6,133.436287561810758,1.265238521091586,350804.000000000000000,7,134,137,133,135,Cook_Inlet,Cook_Inlet_75000200010547
156,75000200005606.0,156,28604.000000000000000,715100.000000000000000,141,161,20,151.644105719479626,5.229808299328373,4337628.000000000000000,21,157,161,152,158,Cook_Inlet,Cook_Inlet_75000200005606
157,75000200002554.0,157,62872.000000000000000,1571800.000000000000000,141,168,27,155.429603002927536,5.219358594999552,9772170.000000000000000,28,155,168,156,162,Cook_Inlet,Cook_Inlet_75000200002554
158,75000200017518.0,158,4742.000000000000000,118550.000000000000000,557,638,81,588.912273302405538,21.510943463139306,2792622.000000000000000,82,573,638,584,626,Cook_Inlet,Cook_Inlet_75000200017518
159,75000200018332.0,159,7664.000000000000000,191600.000000000000000,31,51,20,36.490083507307062,6.567273180591485,279660.000000000000000,21,33,43,34,49,Cook_Inlet,Cook_Inlet_75000200018332
160,75000200015469.0,160,19222.000000000000000,480550.000000000000000,190,284,94,222.835605035895981,23.921485382446228,4283346.000000000000000,95,202,190,219,259,Cook_Inlet,Cook_Inlet_75000200015469
161,75000200010540.0,161,214.000000000000000,5350.000000000000000,115,117,2,115.757009345794401,0.460416745299203,24772.000000000000000,3,116,117,116,116,Cook_Inlet,Cook_Inlet_75000200010540
162,75000200018806.0,162,1780.000000000000000,44500.000000000000000,51,58,7,53.223595505617951,1.575266873905737,94738.000000000000000,8,52,58,53,55,Cook_Inlet,Cook_Inlet_75000200018806
163,75000200003094.0,163,2071.000000000000000,51775.000000000000000,38,43,5,39.387735393529745,0.844114591881790,81572.000000000000000,6,39,43,39,40,Cook_Inlet,Cook_Inlet_75000200003094
164,75000200014914.0,164,216.000000000000000,5400.000000000000000,525,533,8,528.217592592592155,2.014729496763709,114095.000000000000000,9,526,525,528,531,Cook_Inlet,Cook_Inlet_75000200014914
165,75000200007639.0,165,602141.000000000000000,15053525.000000000000000,190,315,125,238.166105613137631,25.064264333364495,143409577.000000000000000,126,218,190,233,274,Cook_Inlet,Cook_Inlet_75000200007639
166,75000200000745.0,166,1278.000000000000000,31950.000000000000000,29,32,3,30.606416275430352,0.765567382206892,39115.000000000000000,4,31,29,31,31,Cook_Inlet,Cook_Inlet_75000200000745
167,75000200013266.0,167,105298.000000000000000,2632450.000000000000000,36,58,22,45.811439913388710,5.912819512737850,4823853.000000000000000,23,39,58,48,53,Cook_Inlet,Cook_Inlet_75000200013266
168,75000200010391.0,168,77190.000000000000000,1929750.000000000000000,246,280,34,259.727555382821720,7.189919396009639,20048370.000000000000000,35,255,280,259,269,Cook_Inlet,Cook_Inlet_75000200010391
169,75000200015860.0,169,753.000000000000000,18825.000000000000000,38,41,3,39.207171314740975,0.559454860470065,29523.000000000000000,4,39,41,39,40,Cook_Inlet,Cook_Inlet_75000200015860
170,75000200005503.0,170,178083.000000000000000,4452075.000000000000000,31,74,43,54.934457528231064,7.047576090195764,9782893.000000000000000,44,58,74,56,63,Cook_Inlet,Cook_Inlet_75000200005503
171,75000200000213.0,171,10455.000000000000000,261375.000000000000000,236,296,60,263.553993304639562,18.605464172163227,2755457.000000000000000,61,242,236,263,290,Cook_Inlet,Cook_Inlet_75000200000213
172,75000200015782.0,172,157.000000000000000,3925.000000000000000,37,55,18,40.184713375796164,5.304512747754965,6309.000000000000000,18,37,41,37,50,Cook_Inlet,Cook_Inlet_75000200015782
173,75000200011141.0,173,10291.000000000000000,257275.000000000000000,51,67,16,58.319696822466462,4.696028808081118,600168.000000000000000,17,55,67,56,65,Cook_Inlet,Cook_Inlet_75000200011141
174,75000200008051.0,174,10679.000000000000000,266975.000000000000000,110,126,16,116.117145800168387,4.231396331886230,1240015.000000000000000,17,111,110,116,122,Cook_Inlet,Cook_Inlet_75000200008051
175,75000200013319.0,175,79765.000000000000000,1994125.000000000000000,31,64,33,41.691230489563019,5.825873759485542,3325501.000000000000000,34,46,64,44,48,Cook_Inlet,Cook_Inlet_75000200013319
176,75000200007852.0,176,105704.000000000000000,2642600.000000000000000,228,305,77,269.900893059866348,19.497633246684313,28529604.000000000000000,78,277,305,275,293,Cook_Inlet,Cook_Inlet_75000200007852
177,75000200000465.0,177,203.000000000000000,5075.000000000000000,32,37,5,34.172413793103438,1.510171616583321,6937.000000000000000,6,33,32,34,37,Cook_Inlet,Cook_Inlet_75000200000465
178,75000200013237.0,178,11741.000000000000000,293525.000000000000000,31,39,8,34.865343667490002,1.393039639069610,409354.000000000000000,9,35,39,35,36,Cook_Inlet,Cook_Inlet_75000200013237
179,75000200007870.0,179,112161.000000000000000,2804025.000000000000000,277,314,37,290.501404231418690,6.611664514800271,32582928.000000000000000,38,293,314,291,298,Cook_Inlet,Cook_Inlet_75000200007870
180,75000200000011.0,180,251666.000000000000000,6291650.000000000000000,239,350,111,301.459493932433929,23.610566375762815,75867105.000000000000000,112,326,350,307,327,Cook_Inlet,Cook_Inlet_75000200000011
181,75000200013953.0,181,9474.000000000000000,236850.000000000000000,75,82,7,77.848849482795003,1.556464942727440,737540.000000000000000,8,77,82,78,80,Cook_Inlet,Cook_Inlet_75000200013953
182,75000200004615.0,182,2549.000000000000000,63725.000000000000000,281,348,67,304.945076500588470,20.846186223733469,777305.000000000000000,68,290,331,294,342,Cook_Inlet,Cook_Inlet_75000200004615
183,75000200010148.0,183,127639.000000000000000,3190975.000000000000000,65,84,19,73.895392474087146,3.848532720598972,9431934.000000000000000,20,70,65,74,79,Cook_Inlet,Cook_Inlet_75000200010148
184,75000200013892.0,184,2676.000000000000000,66900.000000000000000,62,84,22,67.609491778774242,5.018758493090203,180923.000000000000000,23,63,83,65,75,Cook_Inlet,Cook_Inlet_75000200013892
185,75000200013179.0,185,20333.000000000000000,508325.000000000000000,115,132,17,119.987999803274761,1.315462558412716,2439716.000000000000000,17,120,125,120,121,Cook_Inlet,Cook_Inlet_75000200013179
186,75000200002984.0,186,36323.000000000000000,908075.000000000000000,33,60,27,49.444346557277868,8.285596502081262,1795967.000000000000000,28,56,33,54,57,Cook_Inlet,Cook_Inlet_75000200002984
187,75000200007660.0,187,638660.000000000000000,15966500.000000000000000,62,134,72,74.547825133875023,11.990361387891518,47610714.000000000000000,73,71,134,71,91,Cook_Inlet,Cook_Inlet_75000200007660
188,75000200005448.0,188,15390.000000000000000,384750.000000000000000,104,119,15,107.756010396361205,3.754129794747422,1658365.000000000000000,16,106,108,106,114,Cook_Inlet,Cook_Inlet_75000200005448
189,75000200018581.0,189,102497.000000000000000,2562425.000000000000000,9,45,36,26.601256622145158,7.536956606011088,2726549.000000000000000,37,30,45,30,31,Cook_Inlet,Cook_Inlet_75000200018581
190,75000200011336.0,190,56534.000000000000000,1413350.000000000000000,109,228,119,151.566207945662285,20.172058427377195,8568644.000000000000000,120,171,109,153,176,Cook_Inlet,Cook_Inlet_75000200011336
191,75000200012999.0,191,193333.000000000000000,4833325.000000000000000,7,147,140,14.623913144677834,16.198795643569259,2827285.000000000000000,141,12,147,12,16,Cook_Inlet,Cook_Inlet_75000200012999
192,75000200003732.0,192,65253.000000000000000,1631325.000000000000000,73,107,34,83.226257796576292,7.500124927970563,5430763.000000000000000,35,79,107,80,95,Cook_Inlet,Cook_Inlet_75000200003732
193,75000200008734.0,193,77613.000000000000000,1940325.000000000000000,67,141,74,103.861195933671283,11.454372746531147,8060979.000000000000000,75,106,137,105,118,Cook_Inlet,Cook_Inlet_75000200008734
194,75000200000021.0,194,192984.000000000000000,4824600.000000000000000,11,45,34,26.871336483853643,6.984038691453249,5185738.000000000000000,35,31,45,30,33,Cook_Inlet,Cook_Inlet_75000200000021
195,75000200005532.0,195,29999.000000000000000,749975.000000000000000,31,58,27,36.846394879829283,6.388340938789004,1105355.000000000000000,28,33,58,34,49,Cook_Inlet,Cook_Inlet_75000200005532
196,75000200018882.0,196,64430.000000000000000,1610750.000000000000000,55,69,14,61.196275027161263,2.115733783562458,3942876.000000000000000,15,63,69,61,63,Cook_Inlet,Cook_Inlet_75000200018882
197,75000200005404.0,197,179642.000000000000000,4491050.000000000000000,70,87,17,75.869935761124978,2.883030520440326,13629427.000000000000000,18,73,87,76,80,Cook_Inlet,Cook_Inlet_75000200005404
198,75000200015587.0,198,37284.000000000000000,932100.000000000000000,221,262,41,242.582099560133258,7.876939621709513,9044431.000000000000000,42,248,221,245,250,Cook_Inlet,Cook_Inlet_75000200015587
199,75000200015319.0,199,251975.000000000000000,6299375.000000000000000,67,136,69,87.076793332671201,19.009991372887395,21941175.000000000000000,70,68,136,80,115,Cook_Inlet,Cook_Inlet_75000200015319
200,75000200015900.0,200,47365.000000000000000,1184125.000000000000000,21,43,22,28.087300749498631,6.066244689785646,1330355.000000000000000,23,24,43,25,38,Cook_Inlet,Cook_Inlet_75000200015900
201,75000200005077.0,201,121894.000000000000000,3047350.000000000000000,109,183,74,152.246870231513128,16.027272803503703,18557980.000000000000000,75,164,109,154,171,Cook_Inlet,Cook_Inlet_75000200005077
202,75000200008950.0,202,17339.000000000000000,433475.000000000000000,98,137,39,113.176999826979682,11.381639358605494,1962376.000000000000000,40,101,103,115,131,Cook_Inlet,Cook_Inlet_75000200008950
203,75000200015320.0,203,279710.000000000000000,6992750.000000000000000,58,86,28,64.919856279718303,4.111461597950840,18158733.000000000000000,29,64,86,64,70,Cook_Inlet,Cook_Inlet_75000200015320
204,75000200012046.0,204,31783.000000000000000,794575.000000000000000,172,252,80,203.062612088223574,16.898034609673307,6453939.000000000000000,81,191,252,202,227,Cook_Inlet,Cook_Inlet_75000200012046
205,75000200002162.0,205,19743.000000000000000,493575.000000000000000,536,973,437,612.978979891609697,74.772516707385520,12102044.000000000000000,413,556,880,586,728,Cook_Inlet,Cook_Inlet_75000200002162
206,75000200011392.0,206,152292.000000000000000,3807300.000000000000000,75,140,65,105.907460667665148,12.596478422023274,16128859.000000000000000,66,111,75,109,121,Cook_Inlet,Cook_Inlet_75000200011392
207,75000200000278.0,207,39593.000000000000000,989825.000000000000000,100,135,35,113.277700603641989,6.461732653357331,4485004.000000000000000,36,112,135,113,122,Cook_Inlet,Cook_Inlet_75000200000278
208,75000200018259.0,208,523.000000000000000,13075.000000000000000,104,118,14,107.957934990439753,4.699594093735056,56462.000000000000000,15,105,108,105,116,Cook_Inlet,Cook_Inlet_75000200018259
209,75000200005444.0,209,39208.000000000000000,980200.000000000000000,75,87,12,78.127652519893545,1.592919601554685,3063229.000000000000000,13,78,87,78,79,Cook_Inlet,Cook_Inlet_75000200005444
210,75000200018203.0,210,7525.000000000000000,188125.000000000000000,107,133,26,119.210764119601308,9.018752910867567,897061.000000000000000,27,109,133,117,130,Cook_Inlet,Cook_Inlet_75000200018203
211,75000200018317.0,211,810.000000000000000,20250.000000000000000,98,100,2,98.986419753086423,0.182068421828443,80179.000000000000000,3,99,100,99,99,Cook_Inlet,Cook_Inlet_75000200018317
212,75000200000949.0,212,14488.000000000000000,362200.000000000000000,74,105,31,82.226463279955567,8.015411602813098,1191297.000000000000000,32,77,105,80,98,Cook_Inlet,Cook_Inlet_75000200000949
213,75000200013249.0,213,522.000000000000000,13050.000000000000000,98,103,5,98.731800766283612,0.931002947923115,51538.000000000000000,6,99,103,99,99,Cook_Inlet,Cook_Inlet_75000200013249
214,75000200013010.0,214,12393.000000000000000,309825.000000000000000,113,141,28,126.883805374001128,9.396630987100318,1572471.000000000000000,29,135,141,129,137,Cook_Inlet,Cook_Inlet_75000200013010
215,75000200000418.0,215,10126.000000000000000,253150.000000000000000,103,120,17,111.054216867469918,4.435341374105684,1124535.000000000000000,18,115,120,113,115,Cook_Inlet,Cook_Inlet_75000200000418
216,75000200002552.0,216,136973.000000000000000,3424325.000000000000000,106,172,66,145.596606630503601,15.143028630988956,19942804.000000000000000,67,162,172,146,164,Cook_Inlet,Cook_Inlet_75000200002552
217,75000200008508.0,217,112607.000000000000000,2815175.000000000000000,35,78,43,49.202527373964344,9.955733883561429,5540549.000000000000000,44,38,78,49,66,Cook_Inlet,Cook_Inlet_75000200008508
218,75000200007670.0,218,66698.000000000000000,1667450.000000000000000,162,374,212,245.000314852018903,47.471800536034941,16341031.000000000000000,213,203,374,243,311,Cook_Inlet,Cook_Inlet_75000200007670
219,75000200008676.0,219,66306.000000000000000,1657650.000000000000000,67,120,53,85.991086779477698,7.078982402878347,5701725.000000000000000,54,80,119,84,95,Cook_Inlet,Cook_Inlet_75000200008676
220,75000200018667.0,220,82558.000000000000000,2063950.000000000000000,34,59,25,44.934591438746232,6.281164260298563,3709710.000000000000000,26,50,59,48,51,Cook_Inlet,Cook_Inlet_75000200018667
221,75000200011572.0,221,6209.000000000000000,155225.000000000000000,119,163,44,137.560476727332144,10.777651018357300,854113.000000000000000,45,132,163,135,154,Cook_Inlet,Cook_Inlet_75000200011572
222,75000200011623.0,222,35687.000000000000000,892175.000000000000000,118,200,82,150.546081206041151,18.130855999935562,5372538.000000000000000,83,137,200,154,174,Cook_Inlet,Cook_Inlet_75000200011623
223,75000200019765.0,223,14476.000000000000000,361900.000000000000000,200,221,21,210.871373307543735,4.005319903702133,3052574.000000000000000,22,210,200,211,216,Cook_Inlet,Cook_Inlet_75000200019765
224,75000200016095.0,224,31796.000000000000000,794900.000000000000000,18,47,29,27.193766511510869,4.632456739656694,864653.000000000000000,30,27,47,27,34,Cook_Inlet,Cook_Inlet_75000200016095
225,75000200014508.0,225,8035.000000000000000,200875.000000000000000,165,187,22,171.546359676415676,5.577150033096510,1378375.000000000000000,23,171,187,170,184,Cook_Inlet,Cook_Inlet_75000200014508
226,75000200015883.0,226,10756.000000000000000,268900.000000000000000,23,45,22,31.108032725920371,8.402551377503638,334598.000000000000000,23,24,45,26,44,Cook_Inlet,Cook_Inlet_75000200015883
227,75000200014057.0,227,32765.000000000000000,819125.000000000000000,103,206,103,145.555440256371639,22.204449714956890,4769124.000000000000000,104,121,206,145,173,Cook_Inlet,Cook_Inlet_75000200014057
228,75000200019263.0,228,78282.000000000000000,1957050.000000000000000,130,299,169,227.340346439794871,29.917085873388618,17796657.000000000000000,170,211,130,231,262,Cook_Inlet,Cook_Inlet_75000200019263
229,75000200003896.0,229,34827.000000000000000,870675.000000000000000,105,179,74,141.895368535906385,21.058583580766740,4941790.000000000000000,75,107,179,145,167,Cook_Inlet,Cook_Inlet_75000200003896
230,75000200005619.0,230,3691.000000000000000,92275.000000000000000,24,43,19,27.205364399891604,3.526972885684539,100415.000000000000000,20,26,43,26,28,Cook_Inlet,Cook_Inlet_75000200005619
231,75000200014207.0,231,4964.000000000000000,124100.000000000000000,124,145,21,127.331385979049429,3.240925783230307,632073.000000000000000,22,127,142,127,128,Cook_Inlet,Cook_Inlet_75000200014207
232,75000200007927.0,232,54879.000000000000000,1371975.000000000000000,11,55,44,27.749649228302335,15.716162010257190,1522873.000000000000000,45,11,55,25,50,Cook_Inlet,Cook_Inlet_75000200007927
233,75000200011034.0,233,55735.000000000000000,1393375.000000000000000,35,65,30,44.080972458957440,6.097117151404950,2456853.000000000000000,31,41,65,42,53,Cook_Inlet,Cook_Inlet_75000200011034
234,75000200015882.0,234,132048.000000000000000,3301200.000000000000000,24,61,37,37.784025505876379,8.708676991666783,4989305.000000000000000,38,44,61,42,49,Cook_Inlet,Cook_Inlet_75000200015882
235,75000200016094.0,235,318.000000000000000,7950.000000000000000,15,17,2,15.446540880503141,0.635904731029058,4912.000000000000000,3,15,17,15,16,Cook_Inlet,Cook_Inlet_75000200016094
236,75000200008452.0,236,286042.000000000000000,7151050.000000000000000,15,51,36,30.678445822641581,3.825671195715894,8775324.000000000000000,37,33,51,31,35,Cook_Inlet,Cook_Inlet_75000200008452
237,75005300022831.0,237,34998.000000000000000,874950.000000000000000,14,46,32,26.540545174009971,7.966391714467873,928866.000000000000000,33,23,46,24,41,Cook_Inlet,Cook_Inlet_75005300022831
238,75005300011378.0,238,44121.000000000000000,1103025.000000000000000,3,32,29,18.632782575191051,7.259020164688135,822097.000000000000000,30,26,3,18,27,Cook_Inlet,Cook_Inlet_75005300011378
239,75005400001203.0,239,2607.000000000000000,65175.000000000000000,7,32,25,22.556962025316469,8.474590083113684,58806.000000000000000,26,30,32,28,30,Cook_Inlet,Cook_Inlet_75005400001203
240,75005400029139.0,240,11340.000000000000000,283500.000000000000000,3,17,14,12.836860670194001,2.872668017350160,145570.000000000000000,15,16,3,13,16,Cook_Inlet,Cook_Inlet_75005400029139
241,75005400013272.0,241,6427.000000000000000,160675.000000000000000,39,222,183,85.001089155126465,37.512338082059820,546302.000000000000000,183,48,209,78,141,Cook_Inlet,Cook_Inlet_75005400013272
242,75019800000406.0,1,294229.000000000000000,7355725.000000000000000,660,724,64,690.129861434449595,14.806987409867475,203056219.000000000000000,65,700,724,690,710,Copper_River,Copper_River_75019800000406
243,75019800010313.0,2,11824.000000000000000,295600.000000000000000,724,737,13,730.841847090662782,2.706871394290318,8641474.000000000000000,14,731,737,731,734,Copper_River,Copper_River_75019800010313
244,75019800014348.0,3,17595.000000000000000,439875.000000000000000,875,922,47,891.795851094062527,9.194172317884361,15691148.000000000000000,48,891,875,891,904,Copper_River,Copper_River_75019800014348
245,75019800001957.0,4,3869.000000000000000,96725.000000000000000,947,982,35,956.924011372447922,8.928243558676471,3702339.000000000000000,36,947,982,955,973,Copper_River,Copper_River_75019800001957
246,75019800019692.0,5,190067.000000000000000,4751675.000000000000000,430,553,123,491.943956604778577,46.617852747221953,93502312.000000000000000,124,549,553,484,548,Copper_River,Copper_River_75019800019692
247,75019600118138.0,6,55379.000000000000000,1384475.000000000000000,564,637,73,602.898156340851074,27.591770415235679,33387897.000000000000000,74,636,564,610,635,Copper_River,Copper_River_75019600118138
248,75019700004190.0,7,78112.000000000000000,1952800.000000000000000,410,602,192,462.319771609995598,44.770350723227551,36112722.000000000000000,193,436,410,444,533,Copper_River,Copper_River_75019700004190
249,75019700004084.0,8,87720.000000000000000,2193000.000000000000000,386,509,123,422.910168718651448,18.034649014821241,37097680.000000000000000,124,417,387,421,442,Copper_River,Copper_River_75019700004084
250,75019700017692.0,9,29299.000000000000000,732475.000000000000000,398,432,34,414.274480357690663,6.469034873698236,12137828.000000000000000,35,414,432,414,423,Copper_River,Copper_River_75019700017692
251,75019700001794.0,10,86296.000000000000000,2157400.000000000000000,376,643,267,470.703589969410928,60.126503942977585,40619837.000000000000000,268,432,376,455,571,Copper_River,Copper_River_75019700001794
252,75019700003889.0,11,56835.000000000000000,1420875.000000000000000,411,467,56,437.922037476910020,10.249902464790093,24889299.000000000000000,57,436,467,436,454,Copper_River,Copper_River_75019700003889
253,75003900062338.0,12,170623.000000000000000,4265575.000000000000000,129,515,386,303.903360039386996,119.546465733677181,51852903.000000000000000,387,130,515,305,461,Copper_River,Copper_River_75003900062338
254,75003900033524.0,13,3564.000000000000000,89100.000000000000000,16,130,114,53.579685746352304,32.810565561589840,190958.000000000000000,115,20,129,40,106,Copper_River,Copper_River_75003900033524
255,75003900054316.0,14,11533.000000000000000,288325.000000000000000,16,28,12,24.330963322639370,1.393264974235638,280609.000000000000000,13,25,16,24,26,Copper_River,Copper_River_75003900054316
256,75003900055039.0,15,9405.000000000000000,235125.000000000000000,1,124,123,27.231685273790578,30.643986755529944,256114.000000000000000,123,1,3,16,75,Copper_River,Copper_River_75003900055039
257,75003900023942.0,16,4369.000000000000000,109225.000000000000000,1,213,212,24.957885099565122,41.664828602999862,109041.000000000000000,208,1,108,12,82,Copper_River,Copper_River_75003900023942
258,75003900058380.0,17,15162.000000000000000,379050.000000000000000,62,445,383,124.565624587786033,70.739196913163042,1888664.000000000000000,360,64,359,96,241,Copper_River,Copper_River_75003900058380
259,75003900028507.0,18,2395.000000000000000,59875.000000000000000,24,60,36,36.575782881002091,7.630424636167024,87599.000000000000000,37,30,24,35,47,Copper_River,Copper_River_75003900028507
260,75003900027489.0,19,55670.000000000000000,1391750.000000000000000,6,204,198,53.643380635889613,41.169988737187751,2986327.000000000000000,199,19,204,36,109,Copper_River,Copper_River_75003900027489
261,75003900044936.0,20,2475.000000000000000,61875.000000000000000,10,16,6,12.846868686868683,1.116445158007177,31796.000000000000000,7,13,16,13,14,Copper_River,Copper_River_75003900044936
262,75003900023855.0,21,559.000000000000000,13975.000000000000000,10,14,4,11.749552772808588,1.103691470746989,6568.000000000000000,5,11,10,12,14,Copper_River,Copper_River_75003900023855
263,75003900044738.0,22,10181.000000000000000,254525.000000000000000,7,32,25,11.442098025734214,4.545172293575896,116492.000000000000000,26,9,32,10,17,Copper_River,Copper_River_75003900044738
264,75003900055694.0,23,801.000000000000000,20025.000000000000000,10,18,8,13.073657927590503,1.788663909071706,10472.000000000000000,9,13,18,13,16,Copper_River,Copper_River_75003900055694
265,75003900023674.0,24,170.000000000000000,4250.000000000000000,15,16,1,15.394117647058815,0.488660339433884,2617.000000000000000,2,15,16,15,16,Copper_River,Copper_River_75003900023674
266,75003900062264.0,25,6707.000000000000000,167675.000000000000000,21,33,12,30.894438646190530,1.145534927486449,207209.000000000000000,13,31,21,31,32,Copper_River,Copper_River_75003900062264
267,75003900055316.0,26,9464.000000000000000,236600.000000000000000,29,69,40,32.069632290786146,6.261516121679404,303507.000000000000000,41,30,69,30,36,Copper_River,Copper_River_75003900055316
268,75003900039073.0,27,1714.000000000000000,42850.000000000000000,5,24,19,10.910735122520425,4.801505894282244,18701.000000000000000,20,6,24,10,17,Copper_River,Copper_River_75003900039073
269,75003900027771.0,28,7972.000000000000000,199300.000000000000000,5,53,48,32.244982438534777,11.017015470022972,257057.000000000000000,49,32,5,34,45,Copper_River,Copper_River_75003900027771
270,1023044,1,5412.000000000000000,541200.000000000000000,3,28,25,12.713414634146400,7.009608363138066,68805.000000000000000,26,4,28,13,23,Bristol_Bay,Bristol_Bay_1023044
271,2041471,2,2039.000000000000000,203900.000000000000000,94,140,46,98.102010789602645,6.337754476755385,200030.000000000000000,44,96,122,96,105,Bristol_Bay,Bristol_Bay_2041471
272,2065755,3,2731.000000000000000,273100.000000000000000,17,113,96,35.419992676675285,20.435332341538690,96732.000000000000000,97,20,110,28,61,Bristol_Bay,Bristol_Bay_2065755
273,2065914,4,4356.000000000000000,435600.000000000000000,68,101,33,89.310835629017390,6.013550824313368,389038.000000000000000,33,93,71,90,97,Bristol_Bay,Bristol_Bay_2065914
274,2066924,5,6246.000000000000000,624600.000000000000000,135,556,421,214.490714056996893,87.205229172930544,1339709.000000000000000,371,143,390,173,343,Bristol_Bay,Bristol_Bay_2066924
275,2066955,6,5537.000000000000000,553700.000000000000000,16,61,45,30.512913129853693,8.573528258536886,168950.000000000000000,46,30,61,30,43,Bristol_Bay,Bristol_Bay_2066955
276,2067494,7,3253.000000000000000,325300.000000000000000,22,41,19,31.778051029818617,3.787701263540805,103374.000000000000000,20,31,41,32,36,Bristol_Bay,Bristol_Bay_2067494
277,2068072,8,1980.000000000000000,198000.000000000000000,75,99,24,80.057070707070650,6.512945578316452,158513.000000000000000,25,75,99,75,90,Bristol_Bay,Bristol_Bay_2068072
278,2068584,9,4414.000000000000000,441400.000000000000000,92,109,17,95.542591753511573,1.704061936771776,421725.000000000000000,18,96,109,96,96,Bristol_Bay,Bristol_Bay_2068584
279,2070402,10,16575.000000000000000,1657500.000000000000000,217,321,104,275.330135746606629,16.580068532144065,4563597.000000000000000,105,279,321,279,290,Bristol_Bay,Bristol_Bay_2070402
280,2071934,11,1680.000000000000000,168000.000000000000000,64,94,30,75.558333333333437,7.991523907558507,126938.000000000000000,31,69,64,73,90,Bristol_Bay,Bristol_Bay_2071934
281,2072993,12,1383.000000000000000,138300.000000000000000,74,90,16,77.595083152567071,3.786344395266391,107314.000000000000000,17,74,90,77,83,Bristol_Bay,Bristol_Bay_2072993
282,2073464,13,2532.000000000000000,253200.000000000000000,11,56,45,19.514218009478672,9.047148926230193,49410.000000000000000,46,17,56,17,34,Bristol_Bay,Bristol_Bay_2073464
283,2074424,14,14697.000000000000000,1469700.000000000000000,124,271,147,172.117370892019039,40.392748100992620,2529609.000000000000000,148,131,271,161,231,Bristol_Bay,Bristol_Bay_2074424
284,2078232,15,1091.000000000000000,109100.000000000000000,96,414,318,157.363886342804904,82.229801049741184,171684.000000000000000,269,96,115,106,296,Bristol_Bay,Bristol_Bay_2078232
285,2078282,16,3351.000000000000000,335100.000000000000000,96,667,571,242.226201133989946,157.374213117031672,811700.000000000000000,532,96,231,180,495,Bristol_Bay,Bristol_Bay_2078282
286,2082373,17,2454.000000000000000,245400.000000000000000,83,101,18,89.648329258353641,5.952799542399916,219997.000000000000000,19,86,101,87,100,Bristol_Bay,Bristol_Bay_2082373
287,2082393,18,3426.000000000000000,342600.000000000000000,76,99,23,90.064506713368445,6.768646684398654,308561.000000000000000,24,97,76,92,97,Bristol_Bay,Bristol_Bay_2082393
288,2084713,19,1936.000000000000000,193600.000000000000000,76,82,6,78.493285123966942,1.505141447907287,151963.000000000000000,7,77,82,78,81,Bristol_Bay,Bristol_Bay_2084713
289,2085642,20,2541.000000000000000,254100.000000000000000,81,113,32,90.799291617473401,8.087227109212572,230721.000000000000000,33,88,113,88,106,Bristol_Bay,Bristol_Bay_2085642
290,2085962,21,1185.000000000000000,118500.000000000000000,75,96,21,81.430379746835456,4.479348423939543,96495.000000000000000,22,81,94,81,88,Bristol_Bay,Bristol_Bay_2085962
291,2087913,22,4187.000000000000000,418700.000000000000000,74,95,21,83.652495820396496,7.524363444153440,350253.000000000000000,22,74,77,85,93,Bristol_Bay,Bristol_Bay_2087913
292,2088163,23,8683.000000000000000,868300.000000000000000,74,97,23,80.478636415985079,5.779637846975671,698796.000000000000000,24,74,97,80,91,Bristol_Bay,Bristol_Bay_2088163
293,2088253,24,11080.000000000000000,1108000.000000000000000,70,94,24,77.606498194946084,6.341374170124351,859880.000000000000000,25,71,94,77,88,Bristol_Bay,Bristol_Bay_2088253
294,2088326,25,27620.000000000000000,2762000.000000000000000,5,18,13,9.563794351918892,2.796738262287885,264152.000000000000000,14,11,18,10,13,Bristol_Bay,Bristol_Bay_2088326
295,2088586,26,15636.000000000000000,1563600.000000000000000,5,30,25,15.321373752877923,7.088872739082700,239565.000000000000000,26,6,28,17,24,Bristol_Bay,Bristol_Bay_2088586
296,3023044,27,20544.000000000000000,2054400.000000000000000,13,57,44,32.704731308411219,7.925534773534041,671886.000000000000000,44,27,16,30,45,Bristol_Bay,Bristol_Bay_3023044
297,3024343,28,5190.000000000000000,519000.000000000000000,-1,44,45,32.506551059730342,7.829631937349807,168709.000000000000000,35,27,-1,35,41,Bristol_Bay,Bristol_Bay_3024343
298,3030955,29,2288.000000000000000,228800.000000000000000,13,29,16,17.794580419580413,5.272531271862070,40714.000000000000000,17,13,23,15,27,Bristol_Bay,Bristol_Bay_3030955
299,3033666,30,7070.000000000000000,707000.000000000000000,20,51,31,30.118528995756787,9.784095519494434,212938.000000000000000,32,20,51,31,42,Bristol_Bay,Bristol_Bay_3033666
300,3033956,31,67346.000000000000000,6734600.000000000000000,13,613,600,39.576203486472870,64.526149222416194,2665299.000000000000000,584,13,433,23,57,Bristol_Bay,Bristol_Bay_3033956
301,3034126,32,34571.000000000000000,3457100.000000000000000,15,66,51,21.513696450782536,9.355917924919416,743750.000000000000000,52,19,65,19,25,Bristol_Bay,Bristol_Bay_3034126
302,4000885,33,4034.000000000000000,403400.000000000000000,16,49,33,29.528755577590513,8.052399728432839,119119.000000000000000,34,16,47,29,40,Bristol_Bay,Bristol_Bay_4000885
303,4020194,34,12085.000000000000000,1208500.000000000000000,212,479,267,256.915184112536735,46.734665136505107,3104820.000000000000000,267,215,437,238,317,Bristol_Bay,Bristol_Bay_4020194
304,4021055,35,10874.000000000000000,1087400.000000000000000,5,39,34,13.993654588927747,9.241774087312017,152167.000000000000000,35,8,17,10,31,Bristol_Bay,Bristol_Bay_4021055
305,4046617,36,32076.000000000000000,3207600.000000000000000,8,42,34,28.277996009477587,6.188853802195152,907045.000000000000000,35,32,42,29,36,Bristol_Bay,Bristol_Bay_4046617
306,4048046,37,1780.000000000000000,178000.000000000000000,4,54,50,21.119101123595527,13.764201053918658,37592.000000000000000,51,9,53,15,44,Bristol_Bay,Bristol_Bay_4048046
307,4051055,38,8396.000000000000000,839600.000000000000000,16,72,56,39.537875178656542,18.264157175040289,331960.000000000000000,57,16,72,42,64,Bristol_Bay,Bristol_Bay_4051055
308,4051056,39,8779.000000000000000,877900.000000000000000,25,70,45,46.512928579565099,10.058023273406183,408337.000000000000000,46,61,70,45,61,Bristol_Bay,Bristol_Bay_4051056
309,4051616,40,5524.000000000000000,552400.000000000000000,3,285,282,67.840695148443160,43.196924194990949,374752.000000000000000,255,46,171,55,125,Bristol_Bay,Bristol_Bay_4051616
310,4052076,41,20344.000000000000000,2034400.000000000000000,4,71,67,15.266073535194757,13.173680146479576,310573.000000000000000,68,4,70,12,36,Bristol_Bay,Bristol_Bay_4052076
311,4054120,42,4899.000000000000000,489900.000000000000000,401,466,65,441.057971014492864,16.838967726529404,2160743.000000000000000,66,456,401,445,461,Bristol_Bay,Bristol_Bay_4054120
312,4054200,43,4754.000000000000000,475400.000000000000000,392,461,69,419.097181320992320,18.612510789636787,1992388.000000000000000,70,398,461,419,443,Bristol_Bay,Bristol_Bay_4054200
313,4055337,44,1157.000000000000000,115700.000000000000000,6,23,17,14.822817631806405,5.115154295792737,17150.000000000000000,18,21,6,15,21,Bristol_Bay,Bristol_Bay_4055337
314,4059016,45,2427.000000000000000,242700.000000000000000,4,31,27,11.324268644416989,4.769417431479440,27484.000000000000000,28,12,31,11,18,Bristol_Bay,Bristol_Bay_4059016
315,4059736,46,22988.000000000000000,2298800.000000000000000,36,242,206,85.822951104924073,44.688551306167383,1972898.000000000000000,206,60,238,66,153,Bristol_Bay,Bristol_Bay_4059736
316,4060036,47,11049.000000000000000,1104900.000000000000000,34,204,170,67.018101185627913,30.856847293067105,740483.000000000000000,171,41,169,54,113,Bristol_Bay,Bristol_Bay_4060036
317,4061136,48,8545.000000000000000,854500.000000000000000,4,59,55,30.727442949093067,15.478270370817958,262566.000000000000000,56,4,59,33,50,Bristol_Bay,Bristol_Bay_4061136
318,4063196,49,1875.000000000000000,187500.000000000000000,4,64,60,17.615466666666673,14.507299339144957,33029.000000000000000,61,8,61,10,43,Bristol_Bay,Bristol_Bay_4063196
319,4063775,50,7103.000000000000000,710300.000000000000000,16,40,24,19.103758975080950,5.700420607783315,135694.000000000000000,25,16,40,16,29,Bristol_Bay,Bristol_Bay_4063775
320,4064055,51,1851.000000000000000,185100.000000000000000,16,56,40,29.251215559157203,11.627994517159081,54144.000000000000000,41,16,56,33,43,Bristol_Bay,Bristol_Bay_4064055
321,4064845,52,5152.000000000000000,515200.000000000000000,16,57,41,35.150621118012388,13.038249377089752,181096.000000000000000,42,16,57,35,52,Bristol_Bay,Bristol_Bay_4064845
322,4068584,53,2193.000000000000000,219300.000000000000000,16,66,50,34.103511171910654,9.926852925892515,74789.000000000000000,51,16,66,35,45,Bristol_Bay,Bristol_Bay_4068584
323,4069455,54,2997.000000000000000,299700.000000000000000,16,55,39,29.844511177844566,11.897172918796779,89444.000000000000000,40,16,17,29,46,Bristol_Bay,Bristol_Bay_4069455
324,4069495,55,4293.000000000000000,429300.000000000000000,16,35,19,24.391334730957340,4.128738842383079,104712.000000000000000,20,24,35,24,30,Bristol_Bay,Bristol_Bay_4069495
325,4069586,56,4774.000000000000000,477400.000000000000000,4,40,36,16.800795978215341,8.339310819142446,80207.000000000000000,37,15,40,15,29,Bristol_Bay,Bristol_Bay_4069586
326,4071036,57,2709.000000000000000,270900.000000000000000,28,70,42,42.650424510889664,8.808573963587230,115540.000000000000000,43,33,28,42,54,Bristol_Bay,Bristol_Bay_4071036
327,4071256,58,3036.000000000000000,303600.000000000000000,27,41,14,30.342885375494106,2.352643813474513,92121.000000000000000,15,29,41,30,33,Bristol_Bay,Bristol_Bay_4071256
328,4071625,59,7072.000000000000000,707200.000000000000000,16,59,43,33.074802036198882,11.751500756924443,233905.000000000000000,44,16,59,32,49,Bristol_Bay,Bristol_Bay_4071625
329,4073375,60,9601.000000000000000,960100.000000000000000,38,189,151,66.733777731486100,31.802925228776424,640711.000000000000000,152,38,187,58,109,Bristol_Bay,Bristol_Bay_4073375
330,4074184,61,633.000000000000000,63300.000000000000000,16,46,30,30.742496050552909,7.052839036691004,19460.000000000000000,31,31,16,30,42,Bristol_Bay,Bristol_Bay_4074184
331,4074505,62,5446.000000000000000,544600.000000000000000,16,106,90,25.860631656261447,15.829617616102899,140837.000000000000000,91,20,97,20,49,Bristol_Bay,Bristol_Bay_4074505
332,4074726,63,7745.000000000000000,774500.000000000000000,4,35,31,9.604906391220148,7.105540383325862,74390.000000000000000,32,4,35,6,22,Bristol_Bay,Bristol_Bay_4074726
333,4075225,64,1607.000000000000000,160700.000000000000000,16,47,31,25.246421904169249,6.159183596868260,40571.000000000000000,32,24,47,24,32,Bristol_Bay,Bristol_Bay_4075225
334,4075474,65,11071.000000000000000,1107100.000000000000000,16,852,836,203.783669045253447,170.035366654734929,2256089.000000000000000,746,30,603,140,472,Bristol_Bay,Bristol_Bay_4075474
335,4075715,66,14620.000000000000000,1462000.000000000000000,16,74,58,36.406634746921988,13.601705746287406,532265.000000000000000,59,36,74,35,59,Bristol_Bay,Bristol_Bay_4075715
336,4076505,67,184.000000000000000,18400.000000000000000,16,28,12,17.538043478260864,3.080208293045201,3227.000000000000000,13,16,28,16,23,Bristol_Bay,Bristol_Bay_4076505
337,4076575,68,17000.000000000000000,1700000.000000000000000,30,101,71,62.432058823529474,21.350577245180482,1061345.000000000000000,72,39,101,60,93,Bristol_Bay,Bristol_Bay_4076575
338,4076675,69,4294.000000000000000,429400.000000000000000,16,36,20,20.402421984163972,5.063422049675066,87608.000000000000000,21,16,36,19,29,Bristol_Bay,Bristol_Bay_4076675
339,4078235,70,22458.000000000000000,2245800.000000000000000,16,53,37,23.524579214533830,9.070240082550988,528315.000000000000000,38,16,53,19,38,Bristol_Bay,Bristol_Bay_4078235
340,4080045,71,2546.000000000000000,254600.000000000000000,4,13,9,7.718774548311083,2.377282057928765,19652.000000000000000,10,9,13,8,10,Bristol_Bay,Bristol_Bay_4080045
341,4080875,72,19463.000000000000000,1946300.000000000000000,31,108,77,57.058778194523107,24.754092192870743,1110535.000000000000000,78,38,108,43,100,Bristol_Bay,Bristol_Bay_4080875
342,4082225,73,406.000000000000000,40600.000000000000000,16,33,17,22.256157635467975,2.930794376885649,9036.000000000000000,17,21,30,22,26,Bristol_Bay,Bristol_Bay_4082225
343,4084351,74,10848.000000000000000,1084800.000000000000000,492,1071,579,662.061946902655563,180.828936293197614,7182048.000000000000000,580,502,492,576,957,Bristol_Bay,Bristol_Bay_4084351
344,4084915,75,2891.000000000000000,289100.000000000000000,16,53,37,25.441023867174032,9.859453260646704,73550.000000000000000,38,16,53,23,42,Bristol_Bay,Bristol_Bay_4084915
345,4086795,76,3704.000000000000000,370400.000000000000000,26,43,17,31.160907127429756,4.547449008142440,115420.000000000000000,18,29,26,29,40,Bristol_Bay,Bristol_Bay_4086795
346,4087015,77,1818.000000000000000,181800.000000000000000,16,33,17,22.663916391639141,5.858697938754316,41203.000000000000000,18,16,27,22,31,Bristol_Bay,Bristol_Bay_4087015
347,4087224,78,2745.000000000000000,274500.000000000000000,16,75,59,42.422222222222295,13.884767038645840,116449.000000000000000,60,48,71,45,60,Bristol_Bay,Bristol_Bay_4087224
348,4088675,79,10016.000000000000000,1001600.000000000000000,4,75,71,11.584165335463263,14.103674805998855,116027.000000000000000,72,4,75,6,28,Bristol_Bay,Bristol_Bay_4088675
349,4089074,80,2866.000000000000000,286600.000000000000000,183,217,34,194.451151430565176,10.328073740432743,557297.000000000000000,35,187,183,189,214,Bristol_Bay,Bristol_Bay_4089074
350,4089384,81,724.000000000000000,72400.000000000000000,16,42,26,21.704419889502780,5.233860466396098,15714.000000000000000,27,16,31,21,27,Bristol_Bay,Bristol_Bay_4089384
351,4089394,82,2777.000000000000000,277700.000000000000000,16,51,35,20.391789701116341,8.618421051484130,56628.000000000000000,36,16,51,16,35,Bristol_Bay,Bristol_Bay_4089394
352,4089574,83,11262.000000000000000,1126200.000000000000000,24,67,43,47.316462440063844,9.362754550951028,532878.000000000000000,44,51,67,49,58,Bristol_Bay,Bristol_Bay_4089574
353,4091164,84,1034.000000000000000,103400.000000000000000,24,44,20,28.277562862669235,2.573360674852276,29239.000000000000000,19,29,40,28,31,Bristol_Bay,Bristol_Bay_4091164
354,4091424,85,11879.000000000000000,1187900.000000000000000,233,326,93,266.731963970031586,27.944051009240372,3168509.000000000000000,94,236,233,259,313,Bristol_Bay,Bristol_Bay_4091424
355,4092244,86,2255.000000000000000,225500.000000000000000,266,295,29,279.709977827051148,7.658345461661519,630746.000000000000000,30,272,295,279,291,Bristol_Bay,Bristol_Bay_4092244
356,4093084,87,2571.000000000000000,257100.000000000000000,16,282,266,79.984830805134038,73.432258181127054,205641.000000000000000,254,19,65,34,194,Bristol_Bay,Bristol_Bay_4093084
357,4095301,88,4707.000000000000000,470700.000000000000000,320,559,239,395.377310388782462,59.862394249863229,1861041.000000000000000,240,323,554,393,488,Bristol_Bay,Bristol_Bay_4095301
358,4095374,89,21369.000000000000000,2136900.000000000000000,24,50,26,27.075483176564056,4.903950134725229,578576.000000000000000,27,24,47,24,35,Bristol_Bay,Bristol_Bay_4095374
359,4096064,90,4651.000000000000000,465100.000000000000000,16,112,96,39.047086648032689,20.214240017068590,181608.000000000000000,96,16,98,32,68,Bristol_Bay,Bristol_Bay_4096064
360,4096454,91,8517.000000000000000,851700.000000000000000,16,1059,1043,196.641892685217300,230.465640358341460,1674799.000000000000000,920,22,486,88,553,Bristol_Bay,Bristol_Bay_4096454
361,4098114,92,20476.000000000000000,2047600.000000000000000,24,54,30,30.809191248290688,7.450453357732201,630849.000000000000000,31,24,54,29,42,Bristol_Bay,Bristol_Bay_4098114
362,4098704,93,12165.000000000000000,1216500.000000000000000,228,325,97,250.394410193176583,24.526271377051383,3046048.000000000000000,98,232,325,237,291,Bristol_Bay,Bristol_Bay_4098704
363,4099594,94,791.000000000000000,79100.000000000000000,54,58,4,55.848293299620728,0.927044974241335,44176.000000000000000,5,56,54,56,57,Bristol_Bay,Bristol_Bay_4099594
364,4099694,95,3040.000000000000000,304000.000000000000000,177,189,12,180.972368421052749,2.492071569271447,550156.000000000000000,13,180,189,180,185,Bristol_Bay,Bristol_Bay_4099694
365,4101123,96,9708.000000000000000,970800.000000000000000,90,114,24,102.026060980634512,7.889745542876864,990469.000000000000000,25,110,114,102,112,Bristol_Bay,Bristol_Bay_4101123
366,4101274,97,12840.000000000000000,1284000.000000000000000,38,133,95,43.900856697819236,13.934785779400450,563687.000000000000000,95,38,106,38,66,Bristol_Bay,Bristol_Bay_4101274
367,4102124,98,8575.000000000000000,857500.000000000000000,37,96,59,52.980758017492718,19.951339711325744,454310.000000000000000,60,38,96,38,86,Bristol_Bay,Bristol_Bay_4102124
368,4104574,99,2626.000000000000000,262600.000000000000000,136,158,22,141.531607006854500,5.784854184456755,371662.000000000000000,23,138,136,139,152,Bristol_Bay,Bristol_Bay_4104574
369,4105204,100,10109.000000000000000,1010900.000000000000000,75,79,4,76.862597685231179,1.179596555987774,777004.000000000000000,5,76,75,77,79,Bristol_Bay,Bristol_Bay_4105204
370,4105574,101,2542.000000000000000,254200.000000000000000,38,45,7,41.173878835562547,1.489953974476645,104664.000000000000000,8,40,45,41,43,Bristol_Bay,Bristol_Bay_4105574
371,4105844,102,2515.000000000000000,251500.000000000000000,189,194,5,191.813518886679532,1.238151054973408,482411.000000000000000,6,192,189,192,193,Bristol_Bay,Bristol_Bay_4105844
372,4106904,103,12164.000000000000000,1216400.000000000000000,51,61,10,55.397155540940346,2.461681704716020,673851.000000000000000,11,55,51,55,60,Bristol_Bay,Bristol_Bay_4106904
373,4107464,104,3544.000000000000000,354400.000000000000000,68,78,10,69.522573363431221,2.276102301039768,246388.000000000000000,11,68,78,69,74,Bristol_Bay,Bristol_Bay_4107464
374,4115672,105,5898.000000000000000,589800.000000000000000,162,296,134,227.779586300441082,39.144915705622466,1343444.000000000000000,135,294,162,224,283,Bristol_Bay,Bristol_Bay_4115672
375,5008707,106,13688.000000000000000,1368800.000000000000000,2,48,46,12.377849210987753,9.782122987833052,169428.000000000000000,47,4,48,8,26,Bristol_Bay,Bristol_Bay_5008707
376,5020796,107,727.000000000000000,72700.000000000000000,12,29,17,13.526822558459424,1.180554831972255,9834.000000000000000,9,14,18,14,14,Bristol_Bay,Bristol_Bay_5020796
377,5021476,108,8714.000000000000000,871400.000000000000000,9,39,30,24.839683268303872,8.839404635419660,216453.000000000000000,31,12,39,27,36,Bristol_Bay,Bristol_Bay_5021476
378,5030363,109,6308.000000000000000,630800.000000000000000,95,117,22,100.193722257450972,6.235741775575743,632022.000000000000000,23,95,117,97,110,Bristol_Bay,Bristol_Bay_5030363
379,5030704,110,4048.000000000000000,404800.000000000000000,56,106,50,68.357460474308084,11.325228870350871,276711.000000000000000,51,63,106,63,86,Bristol_Bay,Bristol_Bay_5030704
380,5032474,111,1233.000000000000000,123300.000000000000000,66,79,13,72.161394971613817,3.988922455063905,88975.000000000000000,14,68,66,71,78,Bristol_Bay,Bristol_Bay_5032474
381,5033094,112,3462.000000000000000,346200.000000000000000,18,35,17,26.926920854997089,5.107015116640342,93221.000000000000000,18,20,35,28,33,Bristol_Bay,Bristol_Bay_5033094
382,5034893,113,1705.000000000000000,170500.000000000000000,70,102,32,77.453372434017595,8.198223937138021,132058.000000000000000,33,70,94,75,89,Bristol_Bay,Bristol_Bay_5034893
383,5038375,114,7945.000000000000000,794500.000000000000000,18,70,52,30.925235997482595,13.319341468925066,245701.000000000000000,53,21,70,23,54,Bristol_Bay,Bristol_Bay_5038375
384,48267,1,7607.000000000000000,760700.000000000000000,9,48,39,30.056263967398507,8.900187946002173,228638.000000000000000,40,34,9,32,40,Kodiak,Kodiak_48267
385,49617,2,1470.000000000000000,147000.000000000000000,12,54,42,19.591836734693867,9.473094805702825,28800.000000000000000,43,15,34,16,30,Kodiak,Kodiak_49617
386,50197,3,819.000000000000000,81900.000000000000000,13,35,22,21.074481074481071,5.377615688559578,17260.000000000000000,23,14,33,21,28,Kodiak,Kodiak_50197
387,64593,4,2080.000000000000000,208000.000000000000000,13,75,62,45.986538461538544,13.430082891750533,95652.000000000000000,63,49,14,47,63,Kodiak,Kodiak_64593
388,72144,5,657.000000000000000,65700.000000000000000,38,121,83,80.800608828005991,19.101064214316331,53086.000000000000000,84,74,38,79,106,Kodiak,Kodiak_72144
389,76954,6,4168.000000000000000,416800.000000000000000,29,80,51,41.128119001919309,8.836779497854879,171422.000000000000000,52,33,29,38,54,Kodiak,Kodiak_76954
390,77794,7,4689.000000000000000,468900.000000000000000,15,88,73,27.745788014502079,10.860355386053733,130100.000000000000000,74,21,83,24,38,Kodiak,Kodiak_77794
391,90346,8,19618.000000000000000,1961800.000000000000000,81,638,557,183.119380161076407,112.555694217248643,3592436.000000000000000,546,81,513,140,353,Kodiak,Kodiak_90346
392,93176,9,853.000000000000000,85300.000000000000000,123,195,72,140.276670574443216,16.513119788217228,119656.000000000000000,67,131,181,133,168,Kodiak,Kodiak_93176
393,94216,10,6507.000000000000000,650700.000000000000000,120,508,388,217.610112186875796,84.273805889451864,1415989.000000000000000,376,121,402,193,348,Kodiak,Kodiak_94216
394,97276,11,7207.000000000000000,720700.000000000000000,81,378,297,132.640488414042039,46.221421451040719,955940.000000000000000,261,118,302,120,199,Kodiak,Kodiak_97276
395,99516,12,7097.000000000000000,709700.000000000000000,126,659,533,263.112864590673382,126.905196611788469,1867312.000000000000000,519,129,543,224,464,Kodiak,Kodiak_99516
396,100826,13,912.000000000000000,91200.000000000000000,121,167,46,128.887061403508909,9.835342159769429,117545.000000000000000,45,123,121,124,145,Kodiak,Kodiak_100826
397,101556,14,2371.000000000000000,237100.000000000000000,121,162,41,128.700548291860059,6.872563846193095,305149.000000000000000,42,127,158,127,137,Kodiak,Kodiak_101556
398,103096,15,736.000000000000000,73600.000000000000000,124,130,6,125.482336956521692,0.778245641018722,92355.000000000000000,7,125,129,125,126,Kodiak,Kodiak_103096
399,103196,16,16141.000000000000000,1614100.000000000000000,48,387,339,74.638126510129652,60.764487858912595,1204734.000000000000000,332,54,192,56,111,Kodiak,Kodiak_103196
400,103296,17,2391.000000000000000,239100.000000000000000,131,183,52,149.842325386867316,16.251108210074825,358273.000000000000000,53,134,183,143,171,Kodiak,Kodiak_103296
401,103456,18,6314.000000000000000,631400.000000000000000,125,171,46,129.167880899588539,7.559415652401485,815566.000000000000000,47,126,169,127,133,Kodiak,Kodiak_103456
402,103496,19,766.000000000000000,76600.000000000000000,18,57,39,30.678851174934728,10.112487264773241,23500.000000000000000,40,20,18,28,48,Kodiak,Kodiak_103496
403,106626,20,3158.000000000000000,315800.000000000000000,123,759,636,272.647245091829916,176.564754191616288,861020.000000000000000,583,150,239,169,577,Kodiak,Kodiak_106626
404,106676,21,977.000000000000000,97700.000000000000000,114,155,41,133.510747185260868,9.314264006136135,130440.000000000000000,42,125,117,130,148,Kodiak,Kodiak_106676
405,107796,22,1874.000000000000000,187400.000000000000000,46,143,97,65.464781216648788,17.723329890028271,122681.000000000000000,89,47,113,62,89,Kodiak,Kodiak_107796
406,107816,23,2566.000000000000000,256600.000000000000000,42,347,305,131.098986749804936,82.500192156807671,336400.000000000000000,301,48,42,111,265,Kodiak,Kodiak_107816
407,108356,24,5022.000000000000000,502200.000000000000000,8,105,97,30.752289924332985,17.199776381680813,154438.000000000000000,94,14,9,22,54,Kodiak,Kodiak_108356
408,128685,25,514.000000000000000,51400.000000000000000,19,79,60,32.636186770428040,14.864299730258185,16775.000000000000000,60,22,60,26,58,Kodiak,Kodiak_128685
409,129955,26,1777.000000000000000,177700.000000000000000,114,144,30,120.832864378165425,6.191529454331748,214720.000000000000000,31,116,144,119,131,Kodiak,Kodiak_129955
410,130295,27,2050.000000000000000,205000.000000000000000,106,144,38,123.856097560975627,9.605855652660447,253905.000000000000000,39,109,106,123,139,Kodiak,Kodiak_130295
411,130735,28,2197.000000000000000,219700.000000000000000,12,319,307,67.694583522985809,54.575967380717692,148725.000000000000000,250,19,146,51,137,Kodiak,Kodiak_130735
412,18457,1,2358.000000000000000,235800.000000000000000,3,70,67,19.229007633587813,14.744765691600387,45342.000000000000000,68,8,70,13,42,Prince_William_Sound,Prince_William_Sound_18457
413,26464,2,10795.000000000000000,1079500.000000000000000,10,263,253,90.133024548401650,42.612674363071697,972986.000000000000000,244,108,222,93,136,Prince_William_Sound,Prince_William_Sound_26464
414,28086,3,2900.000000000000000,290000.000000000000000,0,489,489,241.443448275861755,143.698162738137739,700186.000000000000000,488,3,74,265,426,Prince_William_Sound,Prince_William_Sound_28086
415,29854,4,1862.000000000000000,186200.000000000000000,2,84,82,16.725563909774483,18.428524263474866,31143.000000000000000,83,7,62,7,48,Prince_William_Sound,Prince_William_Sound_29854
416,30884,5,1971.000000000000000,197100.000000000000000,2,59,57,14.745814307458161,12.455250247814595,29064.000000000000000,58,3,53,11,33,Prince_William_Sound,Prince_William_Sound_30884
417,31865,6,2456.000000000000000,245600.000000000000000,0,69,69,23.292345276872922,12.486835023218248,57206.000000000000000,66,27,0,23,41,Prince_William_Sound,Prince_William_Sound_31865
418,36645,7,123.000000000000000,12300.000000000000000,6,86,80,26.479674796747975,20.321541133501281,3257.000000000000000,50,8,6,18,58,Prince_William_Sound,Prince_William_Sound_36645
419,37815,8,11468.000000000000000,1146800.000000000000000,0,494,494,81.227502615974927,94.453530542570576,931517.000000000000000,467,8,251,39,221,Prince_William_Sound,Prince_William_Sound_37815
420,38993,9,4342.000000000000000,434200.000000000000000,1,52,51,19.608705665591938,7.311868769494737,85141.000000000000000,52,18,1,18,27,Prince_William_Sound,Prince_William_Sound_38993
421,40285,10,1542.000000000000000,154200.000000000000000,16,100,84,23.342412451361870,18.257155842188737,35994.000000000000000,83,16,34,16,47,Prince_William_Sound,Prince_William_Sound_40285
422,41515,11,1762.000000000000000,176200.000000000000000,2,55,53,19.972758229284942,11.110800249149783,35192.000000000000000,54,16,53,17,35,Prince_William_Sound,Prince_William_Sound_41515
423,42563,12,3063.000000000000000,306300.000000000000000,8,486,478,69.959516813581587,96.270487946834805,214286.000000000000000,359,32,8,30,244,Prince_William_Sound,Prince_William_Sound_42563
424,43055,13,821.000000000000000,82100.000000000000000,26,71,45,40.674786845310585,12.896485093079693,33394.000000000000000,45,28,71,37,61,Prince_William_Sound,Prince_William_Sound_43055
425,43185,14,8602.000000000000000,860200.000000000000000,348,686,338,472.157172750523955,70.662691276498620,4061496.000000000000000,327,424,631,463,572,Prince_William_Sound,Prince_William_Sound_43185
426,43933,15,3776.000000000000000,377600.000000000000000,0,512,512,222.918167372881669,164.124664948699035,841739.000000000000000,512,4,32,222,455,Prince_William_Sound,Prince_William_Sound_43933
427,43973,16,2363.000000000000000,236300.000000000000000,1,362,361,52.159119763013130,67.871933158036839,123252.000000000000000,258,4,141,20,131,Prince_William_Sound,Prince_William_Sound_43973
428,44553,17,3888.000000000000000,388800.000000000000000,0,35,35,4.436471193415646,3.493023189776193,17249.000000000000000,34,5,17,4,8,Prince_William_Sound,Prince_William_Sound_44553
429,44623,18,4300.000000000000000,430000.000000000000000,0,13,13,5.562325581395354,2.991005770957948,23918.000000000000000,14,6,13,6,9,Prince_William_Sound,Prince_William_Sound_44623
430,46055,19,1455.000000000000000,145500.000000000000000,2,70,68,17.635738831615125,13.267611432127543,25660.000000000000000,68,3,59,16,37,Prince_William_Sound,Prince_William_Sound_46055
