OID_,non_wetland_area,wetland_area,region,wtd_wet_per,cat_ID_txt,cat_ID_con
1,6463200.000000000000000,5400.000000000000000,Cook_Inlet,0.0834802,75004200007057,Cook_Inlet_75004200007057
2,130762500.000000000000000,23542400.000000000000000,Cook_Inlet,15.2570658,75004300006312,Cook_Inlet_75004300006312
3,73736200.000000000000000,18134400.000000000000000,Cook_Inlet,19.7390671,75004300001906,Cook_Inlet_75004300001906
4,18475800.000000000000000,10486100.000000000000000,Cook_Inlet,36.2065315,75004300000100,Cook_Inlet_75004300000100
5,15150400.000000000000000,110700.000000000000000,Cook_Inlet,0.7253737,75004300004983,Cook_Inlet_75004300004983
6,259173000.000000000000000,70952900.000000000000000,Cook_Inlet,21.4926796,75004300004332,Cook_Inlet_75004300004332
7,55883200.000000000000000,151200.000000000000000,Cook_Inlet,0.2698343,75004300006239,Cook_Inlet_75004300006239
8,312348100.000000000000000,9445600.000000000000000,Cook_Inlet,2.9352968,75004300004304,Cook_Inlet_75004300004304
9,301863900.000000000000000,8863800.000000000000000,Cook_Inlet,2.8525941,75004300002332,Cook_Inlet_75004300002332
10,9154100.000000000000000,194800.000000000000000,Cook_Inlet,2.0836675,75004300005437,Cook_Inlet_75004300005437
11,38577200.000000000000000,483100.000000000000000,Cook_Inlet,1.2368057,75004300003464,Cook_Inlet_75004300003464
12,5718400.000000000000000,2331200.000000000000000,Cook_Inlet,28.9604454,75004300005171,Cook_Inlet_75004300005171
13,122143200.000000000000000,32519200.000000000000000,Cook_Inlet,21.0259247,75004300004701,Cook_Inlet_75004300004701
14,78685800.000000000000000,17553300.000000000000000,Cook_Inlet,18.2392597,75004300005303,Cook_Inlet_75004300005303
15,3552500.000000000000000,0.000000000000000,Cook_Inlet,0.0000000,75004300006440,Cook_Inlet_75004300006440
16,335066600.000000000000000,12204300.000000000000000,Cook_Inlet,3.5143456,75004300004254,Cook_Inlet_75004300004254
17,11028400.000000000000000,3907100.000000000000000,Cook_Inlet,26.1598206,75004300001207,Cook_Inlet_75004300001207
18,141762000.000000000000000,35299200.000000000000000,Cook_Inlet,19.9361572,75004300005245,Cook_Inlet_75004300005245
19,49180700.000000000000000,2630400.000000000000000,Cook_Inlet,5.0769043,75004300000311,Cook_Inlet_75004300000311
20,58735200.000000000000000,678800.000000000000000,Cook_Inlet,1.1424917,75004300008012,Cook_Inlet_75004300008012
21,514585100.000000000000000,67191900.000000000000000,Cook_Inlet,11.5494251,75004300004192,Cook_Inlet_75004300004192
22,74025100.000000000000000,15016400.000000000000000,Cook_Inlet,16.8644962,75004300007324,Cook_Inlet_75004300007324
23,145879000.000000000000000,37166300.000000000000000,Cook_Inlet,20.3044281,75004300001162,Cook_Inlet_75004300001162
24,96552500.000000000000000,35400000.000000000000000,Cook_Inlet,26.8278351,75004300004217,Cook_Inlet_75004300004217
25,368390000.000000000000000,29904800.000000000000000,Cook_Inlet,7.5082073,75004300002207,Cook_Inlet_75004300002207
26,5812100.000000000000000,173000.000000000000000,Cook_Inlet,2.8905115,75004300003409,Cook_Inlet_75004300003409
27,50277800.000000000000000,5066500.000000000000000,Cook_Inlet,9.1545105,75004300002142,Cook_Inlet_75004300002142
28,805200.000000000000000,256200.000000000000000,Cook_Inlet,24.1379318,75004300002314,Cook_Inlet_75004300002314
29,5824900.000000000000000,3089800.000000000000000,Cook_Inlet,34.6596069,75004300003171,Cook_Inlet_75004300003171
30,4310400.000000000000000,5938300.000000000000000,Cook_Inlet,57.9419823,75004300000101,Cook_Inlet_75004300000101
31,50109300.000000000000000,8888500.000000000000000,Cook_Inlet,15.0658159,75004300005352,Cook_Inlet_75004300005352
32,151851700.000000000000000,5063400.000000000000000,Cook_Inlet,3.2268405,75004300000856,Cook_Inlet_75004300000856
33,260855200.000000000000000,7602800.000000000000000,Cook_Inlet,2.8320258,75004300004341,Cook_Inlet_75004300004341
34,7576900.000000000000000,591500.000000000000000,Cook_Inlet,7.2413201,75004300002289,Cook_Inlet_75004300002289
35,69459100.000000000000000,71900.000000000000000,Cook_Inlet,0.1034071,75004300007331,Cook_Inlet_75004300007331
36,40399800.000000000000000,1229300.000000000000000,Cook_Inlet,2.9529824,75004300006376,Cook_Inlet_75004300006376
37,4004300.000000000000000,339900.000000000000000,Cook_Inlet,7.8242254,75004300002278,Cook_Inlet_75004300002278
38,501900.000000000000000,70000.000000000000000,Cook_Inlet,12.2399025,75004300002352,Cook_Inlet_75004300002352
39,1869500.000000000000000,1779400.000000000000000,Cook_Inlet,48.7653809,75004300001210,Cook_Inlet_75004300001210
40,157428700.000000000000000,3617200.000000000000000,Cook_Inlet,2.2460678,75004300004452,Cook_Inlet_75004300004452
41,89579400.000000000000000,27945000.000000000000000,Cook_Inlet,23.7780418,75004300000105,Cook_Inlet_75004300000105
42,212106500.000000000000000,1166900.000000000000000,Cook_Inlet,0.5471381,75004300006071,Cook_Inlet_75004300006071
43,522648100.000000000000000,48271200.000000000000000,Cook_Inlet,8.4549952,75004300004324,Cook_Inlet_75004300004324
44,40731400.000000000000000,1002700.000000000000000,Cook_Inlet,2.4025917,75004300001288,Cook_Inlet_75004300001288
45,41534100.000000000000000,3273000.000000000000000,Cook_Inlet,7.3046460,75004300006013,Cook_Inlet_75004300006013
46,123574900.000000000000000,1979900.000000000000000,Cook_Inlet,1.5769210,75004400004829,Cook_Inlet_75004400004829
47,276258100.000000000000000,2009600.000000000000000,Cook_Inlet,0.7221823,75004400000576,Cook_Inlet_75004400000576
48,470953100.000000000000000,174775600.000000000000000,Cook_Inlet,27.0664139,75004400006041,Cook_Inlet_75004400006041
49,31485700.000000000000000,15846600.000000000000000,Cook_Inlet,33.4794617,75004400010402,Cook_Inlet_75004400010402
50,87496000.000000000000000,227700.000000000000000,Cook_Inlet,0.2595650,75004400008856,Cook_Inlet_75004400008856
51,161471700.000000000000000,2443000.000000000000000,Cook_Inlet,1.4904094,75004400010754,Cook_Inlet_75004400010754
52,33754400.000000000000000,203400.000000000000000,Cook_Inlet,0.5989788,75004400010810,Cook_Inlet_75004400010810
53,140635900.000000000000000,994200.000000000000000,Cook_Inlet,0.7019694,75004400002950,Cook_Inlet_75004400002950
54,63905000.000000000000000,2783000.000000000000000,Cook_Inlet,4.1731644,75004400009144,Cook_Inlet_75004400009144
55,82534200.000000000000000,616700.000000000000000,Cook_Inlet,0.7416636,75004400006357,Cook_Inlet_75004400006357
56,100763900.000000000000000,18234700.000000000000000,Cook_Inlet,15.3234577,75004400007385,Cook_Inlet_75004400007385
57,130676500.000000000000000,981300.000000000000000,Cook_Inlet,0.7453414,75004400007948,Cook_Inlet_75004400007948
58,142249300.000000000000000,2238100.000000000000000,Cook_Inlet,1.5489932,75004400009261,Cook_Inlet_75004400009261
59,73860600.000000000000000,24965100.000000000000000,Cook_Inlet,25.2617493,75004400001510,Cook_Inlet_75004400001510
60,84590100.000000000000000,11439900.000000000000000,Cook_Inlet,11.9128399,75004400007387,Cook_Inlet_75004400007387
61,50414300.000000000000000,16006100.000000000000000,Cook_Inlet,24.0981693,75004400010320,Cook_Inlet_75004400010320
62,313899500.000000000000000,38547300.000000000000000,Cook_Inlet,10.9370546,75004400001568,Cook_Inlet_75004400001568
63,89321700.000000000000000,37244200.000000000000000,Cook_Inlet,29.4267254,75004400008917,Cook_Inlet_75004400008917
64,1666301200.000000000000000,7395800.000000000000000,Cook_Inlet,0.4418840,75004400001952,Cook_Inlet_75004400001952
65,74687400.000000000000000,143100.000000000000000,Cook_Inlet,0.1912322,75004400009919,Cook_Inlet_75004400009919
66,4828383800.000000000000000,330454900.000000000000000,Cook_Inlet,6.4056063,75004400001498,Cook_Inlet_75004400001498
67,347415700.000000000000000,13154300.000000000000000,Cook_Inlet,3.6481960,75004400011711,Cook_Inlet_75004400011711
68,15343800.000000000000000,0.000000000000000,Cook_Inlet,0.0000000,75004400003452,Cook_Inlet_75004400003452
69,36801200.000000000000000,6760000.000000000000000,Cook_Inlet,15.5183973,75004400007388,Cook_Inlet_75004400007388
70,410437300.000000000000000,151200.000000000000000,Cook_Inlet,0.0368252,75004400000627,Cook_Inlet_75004400000627
71,561428400.000000000000000,120705900.000000000000000,Cook_Inlet,17.6953278,75004400003042,Cook_Inlet_75004400003042
72,83840100.000000000000000,146600.000000000000000,Cook_Inlet,0.1745514,75004400002041,Cook_Inlet_75004400002041
73,55346900.000000000000000,176600.000000000000000,Cook_Inlet,0.3180635,75004400011322,Cook_Inlet_75004400011322
74,99780400.000000000000000,1299400.000000000000000,Cook_Inlet,1.2855190,75004400001872,Cook_Inlet_75004400001872
75,123521400.000000000000000,616700.000000000000000,Cook_Inlet,0.4967854,75004400009331,Cook_Inlet_75004400009331
76,66603600.000000000000000,997000.000000000000000,Cook_Inlet,1.4748390,75004400009308,Cook_Inlet_75004400009308
77,78727300.000000000000000,207900.000000000000000,Cook_Inlet,0.2633806,75004400006846,Cook_Inlet_75004400006846
78,3170695300.000000000000000,35243800.000000000000000,Cook_Inlet,1.0993284,75004400003154,Cook_Inlet_75004400003154
79,36661800.000000000000000,678300.000000000000000,Cook_Inlet,1.8165457,75004400002951,Cook_Inlet_75004400002951
80,141577000.000000000000000,2238100.000000000000000,Cook_Inlet,1.5562344,75004400009260,Cook_Inlet_75004400009260
81,106999600.000000000000000,2969400.000000000000000,Cook_Inlet,2.7002156,75000100000981,Cook_Inlet_75000100000981
82,234544400.000000000000000,27200.000000000000000,Cook_Inlet,0.0115956,75000100003094,Cook_Inlet_75000100003094
83,77141400.000000000000000,1947500.000000000000000,Cook_Inlet,2.4624188,75000100003947,Cook_Inlet_75000100003947
84,314315300.000000000000000,5176300.000000000000000,Cook_Inlet,1.6201677,75000100002463,Cook_Inlet_75000100002463
85,72779400.000000000000000,168900.000000000000000,Cook_Inlet,0.2315338,75000100001919,Cook_Inlet_75000100001919
86,77926500.000000000000000,2944800.000000000000000,Cook_Inlet,3.6413412,75000100004336,Cook_Inlet_75000100004336
87,168280500.000000000000000,3248600.000000000000000,Cook_Inlet,1.8939060,75000100000004,Cook_Inlet_75000100000004
88,251434800.000000000000000,71727000.000000000000000,Cook_Inlet,22.1953831,75000100000652,Cook_Inlet_75000100000652
89,56822200.000000000000000,613400.000000000000000,Cook_Inlet,1.0679787,75000100004200,Cook_Inlet_75000100004200
90,152569700.000000000000000,29745000.000000000000000,Cook_Inlet,16.3151951,75000100002523,Cook_Inlet_75000100002523
91,35689000.000000000000000,242200.000000000000000,Cook_Inlet,0.6740660,75000100000059,Cook_Inlet_75000100000059
92,70746700.000000000000000,7046300.000000000000000,Cook_Inlet,9.0577555,75000400000173,Cook_Inlet_75000400000173
93,5274394900.000000000000000,52464200.000000000000000,Cook_Inlet,0.9848993,75000400009620,Cook_Inlet_75000400009620
94,15398500.000000000000000,732000.000000000000000,Cook_Inlet,4.5379872,75000400014405,Cook_Inlet_75000400014405
95,130315500.000000000000000,132300.000000000000000,Cook_Inlet,0.1014199,75000400014403,Cook_Inlet_75000400014403
96,15647576700.000000000000000,639319500.000000000000000,Cook_Inlet,3.9253612,75000700036166,Cook_Inlet_75000700036166
97,12770761600.000000000000000,591959000.000000000000000,Cook_Inlet,4.4299288,75000700030756,Cook_Inlet_75000700030756
98,2240866900.000000000000000,140910900.000000000000000,Cook_Inlet,5.9162068,75000700032122,Cook_Inlet_75000700032122
99,397691300.000000000000000,9401700.000000000000000,Cook_Inlet,2.3094723,75000500009621,Cook_Inlet_75000500009621
100,97598900.000000000000000,2156000.000000000000000,Cook_Inlet,2.1612973,75000500011984,Cook_Inlet_75000500011984
101,121593500.000000000000000,4448400.000000000000000,Cook_Inlet,3.5293026,75000500009975,Cook_Inlet_75000500009975
102,6361800400.000000000000000,166824800.000000000000000,Cook_Inlet,2.5552824,75000500010609,Cook_Inlet_75000500010609
103,5182560400.000000000000000,29701900.000000000000000,Cook_Inlet,0.5698466,75000300025361,Cook_Inlet_75000300025361
104,14330878600.000000000000000,1463909200.000000000000000,Cook_Inlet,9.2683058,75000600010189,Cook_Inlet_75000600010189
105,167313500.000000000000000,2567800.000000000000000,Cook_Inlet,1.5115260,75000600030148,Cook_Inlet_75000600030148
106,235158100.000000000000000,124053200.000000000000000,Cook_Inlet,34.5348816,75000200008033,Cook_Inlet_75000200008033
107,248375000.000000000000000,127141600.000000000000000,Cook_Inlet,33.8577843,75000200002920,Cook_Inlet_75000200002920
108,202907500.000000000000000,105449100.000000000000000,Cook_Inlet,34.1971283,75000200000411,Cook_Inlet_75000200000411
109,355760200.000000000000000,43911800.000000000000000,Cook_Inlet,10.9869595,75000200008551,Cook_Inlet_75000200008551
110,62512400.000000000000000,4500.000000000000000,Cook_Inlet,0.0071981,75000200007305,Cook_Inlet_75000200007305
111,28294600.000000000000000,22956100.000000000000000,Cook_Inlet,44.7917786,75000200015657,Cook_Inlet_75000200015657
112,254529700.000000000000000,159003900.000000000000000,Cook_Inlet,38.4500542,75000200003107,Cook_Inlet_75000200003107
113,22422800.000000000000000,9842200.000000000000000,Cook_Inlet,30.5042610,75000200008009,Cook_Inlet_75000200008009
114,27725447200.000000000000000,942687300.000000000000000,Cook_Inlet,3.2882757,75000200013536,Cook_Inlet_75000200013536
115,246382600.000000000000000,149218000.000000000000000,Cook_Inlet,37.7193565,75000200015867,Cook_Inlet_75000200015867
116,8132700.000000000000000,9773400.000000000000000,Cook_Inlet,54.5813980,75000200010712,Cook_Inlet_75000200010712
117,7994900.000000000000000,9996800.000000000000000,Cook_Inlet,55.5634003,75000200003070,Cook_Inlet_75000200003070
118,355628400.000000000000000,25792800.000000000000000,Cook_Inlet,6.7622881,75000200006065,Cook_Inlet_75000200006065
119,201823200.000000000000000,102747100.000000000000000,Cook_Inlet,33.7350998,75000200010532,Cook_Inlet_75000200010532
120,238131200.000000000000000,138521700.000000000000000,Cook_Inlet,36.7770157,75000200005573,Cook_Inlet_75000200005573
121,246137300.000000000000000,148523100.000000000000000,Cook_Inlet,37.6331406,75000200005575,Cook_Inlet_75000200005575
122,955728500.000000000000000,688132200.000000000000000,Cook_Inlet,41.8607368,75000200018331,Cook_Inlet_75000200018331
123,743035000.000000000000000,446491700.000000000000000,Cook_Inlet,37.5352402,75000200005504,Cook_Inlet_75000200005504
124,554589300.000000000000000,355268700.000000000000000,Cook_Inlet,39.0466080,75000200003013,Cook_Inlet_75000200003013
125,232129500.000000000000000,118703000.000000000000000,Cook_Inlet,33.8346634,75000200015680,Cook_Inlet_75000200015680
126,179604900.000000000000000,70350300.000000000000000,Cook_Inlet,28.1451645,75000200000416,Cook_Inlet_75000200000416
127,41821800.000000000000000,18949700.000000000000000,Cook_Inlet,31.1818867,75000200005413,Cook_Inlet_75000200005413
128,158175300.000000000000000,76588000.000000000000000,Cook_Inlet,32.6234970,75000200002930,Cook_Inlet_75000200002930
129,2910400.000000000000000,567700.000000000000000,Cook_Inlet,16.3221302,75000200010359,Cook_Inlet_75000200010359
130,35770000.000000000000000,13750700.000000000000000,Cook_Inlet,27.7675800,75000200010144,Cook_Inlet_75000200010144
131,115357500.000000000000000,42864900.000000000000000,Cook_Inlet,27.0915489,75000200018266,Cook_Inlet_75000200018266
132,53238200.000000000000000,26590300.000000000000000,Cook_Inlet,33.3092804,75000200002753,Cook_Inlet_75000200002753
133,38405400.000000000000000,21083300.000000000000000,Cook_Inlet,35.4408493,75000200015505,Cook_Inlet_75000200015505
134,14439200.000000000000000,15744100.000000000000000,Cook_Inlet,52.1616249,75000200015584,Cook_Inlet_75000200015584
135,862700.000000000000000,742100.000000000000000,Cook_Inlet,46.2425232,75000200002806,Cook_Inlet_75000200002806
136,41783800.000000000000000,21573600.000000000000000,Cook_Inlet,34.0506401,75000200007853,Cook_Inlet_75000200007853
137,62582200.000000000000000,23264800.000000000000000,Cook_Inlet,27.1003056,75000200018577,Cook_Inlet_75000200018577
138,31308900.000000000000000,12423900.000000000000000,Cook_Inlet,28.4086552,75000200015695,Cook_Inlet_75000200015695
139,1171200.000000000000000,751000.000000000000000,Cook_Inlet,39.0698166,75000200013033,Cook_Inlet_75000200013033
140,3591200.000000000000000,3851400.000000000000000,Cook_Inlet,51.7480469,75000200005075,Cook_Inlet_75000200005075
141,108554200.000000000000000,50670800.000000000000000,Cook_Inlet,31.8233948,75000200007839,Cook_Inlet_75000200007839
142,1615600.000000000000000,1836800.000000000000000,Cook_Inlet,53.2035675,75000200007958,Cook_Inlet_75000200007958
143,70834800.000000000000000,24368200.000000000000000,Cook_Inlet,25.5960426,75000200013189,Cook_Inlet_75000200013189
144,156771700.000000000000000,74173000.000000000000000,Cook_Inlet,32.1172142,75000200002934,Cook_Inlet_75000200002934
145,2324900.000000000000000,538700.000000000000000,Cook_Inlet,18.8119850,75000200018235,Cook_Inlet_75000200018235
146,936000.000000000000000,891600.000000000000000,Cook_Inlet,48.7852936,75000200013258,Cook_Inlet_75000200013258
147,1940500.000000000000000,3800400.000000000000000,Cook_Inlet,66.1986771,75000200018069,Cook_Inlet_75000200018069
148,103305300.000000000000000,36883900.000000000000000,Cook_Inlet,26.3100872,75000200013187,Cook_Inlet_75000200013187
149,5364800.000000000000000,4701600.000000000000000,Cook_Inlet,46.7058716,75000200007646,Cook_Inlet_75000200007646
150,4939900.000000000000000,3591700.000000000000000,Cook_Inlet,42.0987854,75000200000010,Cook_Inlet_75000200000010
151,103206900.000000000000000,36825400.000000000000000,Cook_Inlet,26.2977905,75000200013185,Cook_Inlet_75000200013185
152,11125100.000000000000000,8361800.000000000000000,Cook_Inlet,42.9098511,75000200010344,Cook_Inlet_75000200010344
153,128470900.000000000000000,51213500.000000000000000,Cook_Inlet,28.5019169,75000200010538,Cook_Inlet_75000200010538
154,103408300.000000000000000,36908600.000000000000000,Cook_Inlet,26.3037453,75000200010547,Cook_Inlet_75000200010547
155,3449700.000000000000000,4888000.000000000000000,Cook_Inlet,58.6252785,75000200005606,Cook_Inlet_75000200005606
156,1457400.000000000000000,895900.000000000000000,Cook_Inlet,38.0699425,75000200002554,Cook_Inlet_75000200002554
157,44754600.000000000000000,0.000000000000000,Cook_Inlet,0.0000000,75000200017518,Cook_Inlet_75000200017518
158,900981500.000000000000000,666860400.000000000000000,Cook_Inlet,42.5336494,75000200018332,Cook_Inlet_75000200018332
159,30481500.000000000000000,13129500.000000000000000,Cook_Inlet,30.1059361,75000200015469,Cook_Inlet_75000200015469
160,125660200.000000000000000,48543800.000000000000000,Cook_Inlet,27.8660660,75000200010540,Cook_Inlet_75000200010540
161,895105300.000000000000000,17169200.000000000000000,Cook_Inlet,1.8820213,75000200018806,Cook_Inlet_75000200018806
162,540366500.000000000000000,324185500.000000000000000,Cook_Inlet,37.4975128,75000200003094,Cook_Inlet_75000200003094
163,116070800.000000000000000,4500.000000000000000,Cook_Inlet,0.0038768,75000200014914,Cook_Inlet_75000200014914
164,76978600.000000000000000,37392600.000000000000000,Cook_Inlet,32.6940689,75000200007639,Cook_Inlet_75000200007639
165,554573400.000000000000000,355258300.000000000000000,Cook_Inlet,39.0465965,75000200013266,Cook_Inlet_75000200013266
166,6643000.000000000000000,6644700.000000000000000,Cook_Inlet,50.0063972,75000200010391,Cook_Inlet_75000200010391
167,12812300.000000000000000,29833700.000000000000000,Cook_Inlet,69.9566193,75000200015860,Cook_Inlet_75000200015860
168,52173000.000000000000000,20596200.000000000000000,Cook_Inlet,28.3034573,75000200005503,Cook_Inlet_75000200005503
169,47659100.000000000000000,22253100.000000000000000,Cook_Inlet,31.8300667,75000200000213,Cook_Inlet_75000200000213
170,14571400.000000000000000,16079200.000000000000000,Cook_Inlet,52.4596596,75000200015782,Cook_Inlet_75000200015782
171,145661200.000000000000000,19802500.000000000000000,Cook_Inlet,11.9678822,75000200011141,Cook_Inlet_75000200011141
172,959800.000000000000000,2235600.000000000000000,Cook_Inlet,69.9630737,75000200008051,Cook_Inlet_75000200008051
173,147841700.000000000000000,215715400.000000000000000,Cook_Inlet,59.3346672,75000200013319,Cook_Inlet_75000200013319
174,50190500.000000000000000,22659800.000000000000000,Cook_Inlet,31.1046085,75000200007852,Cook_Inlet_75000200007852
175,166523200.000000000000000,66945200.000000000000000,Cook_Inlet,28.6742020,75000200000465,Cook_Inlet_75000200000465
176,575417900.000000000000000,379192200.000000000000000,Cook_Inlet,39.7222061,75000200013237,Cook_Inlet_75000200013237
177,1013200.000000000000000,2943600.000000000000000,Cook_Inlet,74.3934479,75000200007870,Cook_Inlet_75000200007870
178,5626900.000000000000000,666500.000000000000000,Cook_Inlet,10.5904598,75000200000011,Cook_Inlet_75000200000011
179,406296600.000000000000000,6384700.000000000000000,Cook_Inlet,1.5471261,75000200013953,Cook_Inlet_75000200013953
180,160616000.000000000000000,14400.000000000000000,Cook_Inlet,0.0089647,75000200004615,Cook_Inlet_75000200004615
181,12362200.000000000000000,2862800.000000000000000,Cook_Inlet,18.8032837,75000200010148,Cook_Inlet_75000200010148
182,68665000.000000000000000,17012000.000000000000000,Cook_Inlet,19.8559704,75000200013892,Cook_Inlet_75000200013892
183,10285800.000000000000000,5657200.000000000000000,Cook_Inlet,35.4839096,75000200013179,Cook_Inlet_75000200013179
184,570441700.000000000000000,371751700.000000000000000,Cook_Inlet,39.4559860,75000200002984,Cook_Inlet_75000200002984
185,434904200.000000000000000,19036400.000000000000000,Cook_Inlet,4.1935883,75000200007660,Cook_Inlet_75000200007660
186,159022300.000000000000000,77612500.000000000000000,Cook_Inlet,32.7984314,75000200005448,Cook_Inlet_75000200005448
187,681417500.000000000000000,121940500.000000000000000,Cook_Inlet,15.1788492,75000200018581,Cook_Inlet_75000200018581
188,424530800.000000000000000,5763400.000000000000000,Cook_Inlet,1.3394092,75000200011336,Cook_Inlet_75000200011336
189,654734700.000000000000000,205466500.000000000000000,Cook_Inlet,23.8858662,75000200012999,Cook_Inlet_75000200012999
190,424601600.000000000000000,7507000.000000000000000,Cook_Inlet,1.7372948,75000200003732,Cook_Inlet_75000200003732
191,18169400.000000000000000,1958000.000000000000000,Cook_Inlet,9.7280321,75000200008734,Cook_Inlet_75000200008734
192,663912500.000000000000000,118192400.000000000000000,Cook_Inlet,15.1120901,75000200000021,Cook_Inlet_75000200000021
193,752663800.000000000000000,450937700.000000000000000,Cook_Inlet,37.4656982,75000200005532,Cook_Inlet_75000200005532
194,508737100.000000000000000,41253300.000000000000000,Cook_Inlet,7.5007310,75000200018882,Cook_Inlet_75000200018882
195,29156900.000000000000000,13154000.000000000000000,Cook_Inlet,31.0889149,75000200005404,Cook_Inlet_75000200005404
196,11394700.000000000000000,13391400.000000000000000,Cook_Inlet,54.0278625,75000200015587,Cook_Inlet_75000200015587
197,49121200.000000000000000,8415600.000000000000000,Cook_Inlet,14.6264648,75000200015319,Cook_Inlet_75000200015319
198,1039419400.000000000000000,734282400.000000000000000,Cook_Inlet,41.3983002,75000200015900,Cook_Inlet_75000200015900
199,15929500.000000000000000,6554600.000000000000000,Cook_Inlet,29.1521568,75000200005077,Cook_Inlet_75000200005077
200,342233700.000000000000000,2941800.000000000000000,Cook_Inlet,0.8522621,75000200008950,Cook_Inlet_75000200008950
201,506390300.000000000000000,40221200.000000000000000,Cook_Inlet,7.3582792,75000200015320,Cook_Inlet_75000200015320
202,16862100.000000000000000,23200.000000000000000,Cook_Inlet,0.1373976,75000200012046,Cook_Inlet_75000200012046
203,107918900.000000000000000,4500.000000000000000,Cook_Inlet,0.0041696,75000200002162,Cook_Inlet_75000200002162
204,16695600.000000000000000,1032400.000000000000000,Cook_Inlet,5.8235559,75000200011392,Cook_Inlet_75000200011392
205,170427900.000000000000000,61937400.000000000000000,Cook_Inlet,26.6551838,75000200000278,Cook_Inlet_75000200000278
206,46566600.000000000000000,22426000.000000000000000,Cook_Inlet,32.5049362,75000200018259,Cook_Inlet_75000200018259
207,201664600.000000000000000,102576400.000000000000000,Cook_Inlet,33.7155075,75000200005444,Cook_Inlet_75000200005444
208,19255500.000000000000000,9070600.000000000000000,Cook_Inlet,32.0220566,75000200018203,Cook_Inlet_75000200018203
209,207813500.000000000000000,103794700.000000000000000,Cook_Inlet,33.3093605,75000200008110,Cook_Inlet_75000200008110
210,28167900.000000000000000,31799000.000000000000000,Cook_Inlet,53.0275879,75000200018317,Cook_Inlet_75000200018317
211,360749800.000000000000000,27499200.000000000000000,Cook_Inlet,7.0828772,75000200000949,Cook_Inlet_75000200000949
212,236593600.000000000000000,137331000.000000000000000,Cook_Inlet,36.7269249,75000200013249,Cook_Inlet_75000200013249
213,38989900.000000000000000,14318500.000000000000000,Cook_Inlet,26.8597450,75000200013010,Cook_Inlet_75000200013010
214,205719200.000000000000000,100166800.000000000000000,Cook_Inlet,32.7464485,75000200000418,Cook_Inlet_75000200000418
215,2279700.000000000000000,1296600.000000000000000,Cook_Inlet,36.2553482,75000200002552,Cook_Inlet_75000200002552
216,530043900.000000000000000,57791700.000000000000000,Cook_Inlet,9.8312693,75000200008508,Cook_Inlet_75000200008508
217,3962000.000000000000000,1800.000000000000000,Cook_Inlet,0.0454110,75000200007670,Cook_Inlet_75000200007670
218,12956400.000000000000000,1853900.000000000000000,Cook_Inlet,12.5176401,75000200008676,Cook_Inlet_75000200008676
219,552021800.000000000000000,93934500.000000000000000,Cook_Inlet,14.5419283,75000200018667,Cook_Inlet_75000200018667
220,12138300.000000000000000,4900.000000000000000,Cook_Inlet,0.0403518,75000200011572,Cook_Inlet_75000200011572
221,12732500.000000000000000,17000.000000000000000,Cook_Inlet,0.1333386,75000200011623,Cook_Inlet_75000200011623
222,165807600.000000000000000,54900.000000000000000,Cook_Inlet,0.0330997,75000200019765,Cook_Inlet_75000200019765
223,15603400.000000000000000,5502100.000000000000000,Cook_Inlet,26.0695076,75000200016095,Cook_Inlet_75000200016095
224,209423700.000000000000000,381000.000000000000000,Cook_Inlet,0.1815975,75000200014508,Cook_Inlet_75000200014508
225,1025732000.000000000000000,720212600.000000000000000,Cook_Inlet,41.2505989,75000200015883,Cook_Inlet_75000200015883
226,9650100.000000000000000,38900.000000000000000,Cook_Inlet,0.4014862,75000200014057,Cook_Inlet_75000200014057
227,4908100.000000000000000,12400.000000000000000,Cook_Inlet,0.2520069,75000200019263,Cook_Inlet_75000200019263
228,303997600.000000000000000,1377900.000000000000000,Cook_Inlet,0.4512150,75000200003896,Cook_Inlet_75000200003896
229,48761800.000000000000000,20900100.000000000000000,Cook_Inlet,30.0021973,75000200005619,Cook_Inlet_75000200005619
230,622519900.000000000000000,36228200.000000000000000,Cook_Inlet,5.4995527,75000200003312,Cook_Inlet_75000200003312
231,260170100.000000000000000,727900.000000000000000,Cook_Inlet,0.2789979,75000200014207,Cook_Inlet_75000200014207
232,46513065000.000000000000000,3623674400.000000000000000,Cook_Inlet,7.2275829,75000200007927,Cook_Inlet_75000200007927
233,20565000.000000000000000,35489800.000000000000000,Cook_Inlet,63.3126869,75000200011034,Cook_Inlet_75000200011034
234,976718200.000000000000000,699282800.000000000000000,Cook_Inlet,41.7232933,75000200015882,Cook_Inlet_75000200015882
235,602557800.000000000000000,104926000.000000000000000,Cook_Inlet,14.8308697,75000200016094,Cook_Inlet_75000200016094
236,56866100.000000000000000,12927700.000000000000000,Cook_Inlet,18.5227051,75000200008452,Cook_Inlet_75000200008452
237,326172500.000000000000000,24348200.000000000000000,Cook_Inlet,6.9462943,75005300022831,Cook_Inlet_75005300022831
238,264571300.000000000000000,37625600.000000000000000,Cook_Inlet,12.4506903,75005300011378,Cook_Inlet_75005300011378
239,282451000.000000000000000,0.000000000000000,Cook_Inlet,0.0000000,75005400001203,Cook_Inlet_75005400001203
240,28507900.000000000000000,968000.000000000000000,Cook_Inlet,3.2840388,75005400029139,Cook_Inlet_75005400029139
241,10841100.000000000000000,0.000000000000000,Cook_Inlet,0.0000000,75005400013272,Cook_Inlet_75005400013272
242,6384600.000000000000000,925900.000000000000000,Copper_River,12.6653442,75019800000406,Copper_River_75019800000406
243,487053400.000000000000000,74630400.000000000000000,Copper_River,13.2869062,75019800010313,Copper_River_75019800010313
244,32225100.000000000000000,2888400.000000000000000,Copper_River,8.2258959,75019800014348,Copper_River_75019800014348
245,12622900.000000000000000,91800.000000000000000,Copper_River,0.7219989,75019800001957,Copper_River_75019800001957
246,1478898200.000000000000000,143599800.000000000000000,Copper_River,8.8505383,75019800019692,Copper_River_75019800019692
247,4161898100.000000000000000,388314100.000000000000000,Copper_River,8.5339775,75019600118138,Copper_River_75019600118138
248,366931700.000000000000000,3278800.000000000000000,Copper_River,0.8856583,75019700004190,Copper_River_75019700004190
249,33172200.000000000000000,324000.000000000000000,Copper_River,0.9672739,75019700004084,Copper_River_75019700004084
250,699126500.000000000000000,1039100.000000000000000,Copper_River,0.1484077,75019700017692,Copper_River_75019700017692
251,139943400.000000000000000,1684200.000000000000000,Copper_River,1.1891750,75019700001794,Copper_River_75019700001794
252,27472500.000000000000000,674400.000000000000000,Copper_River,2.3960009,75019700003889,Copper_River_75019700003889
253,48596603700.000000000000000,2483525300.000000000000000,Copper_River,4.8620186,75003900062338,Copper_River_75003900062338
254,53807000.000000000000000,159300.000000000000000,Copper_River,0.2951842,75003900033524,Copper_River_75003900033524
255,50581800.000000000000000,1478900.000000000000000,Copper_River,2.8407226,75003900054316,Copper_River_75003900054316
256,3308900.000000000000000,112000.000000000000000,Copper_River,3.2739923,75003900055039,Copper_River_75003900055039
257,7992300.000000000000000,600.000000000000000,Copper_River,0.0075067,75003900023942,Copper_River_75003900023942
258,5198500.000000000000000,11700.000000000000000,Copper_River,0.2245595,75003900058380,Copper_River_75003900058380
259,1888400.000000000000000,222400.000000000000000,Copper_River,10.5362892,75003900028507,Copper_River_75003900028507
260,20823500.000000000000000,37100.000000000000000,Copper_River,0.1778472,75003900027489,Copper_River_75003900027489
261,3982000.000000000000000,1178300.000000000000000,Copper_River,22.8339443,75003900044936,Copper_River_75003900044936
262,355800.000000000000000,397300.000000000000000,Copper_River,52.7552795,75003900023855,Copper_River_75003900023855
263,5019300.000000000000000,985400.000000000000000,Copper_River,16.4104786,75003900044738,Copper_River_75003900044738
264,142000.000000000000000,64900.000000000000000,Copper_River,31.3678112,75003900055694,Copper_River_75003900055694
265,3751900.000000000000000,103200.000000000000000,Copper_River,2.6769733,75003900023674,Copper_River_75003900023674
266,17982100.000000000000000,4117700.000000000000000,Copper_River,18.6322956,75003900062264,Copper_River_75003900062264
267,6525200.000000000000000,774900.000000000000000,Copper_River,10.6149235,75003900055316,Copper_River_75003900055316
268,3631000.000000000000000,2101800.000000000000000,Copper_River,36.6627121,75003900039073,Copper_River_75003900039073
269,1237600.000000000000000,361200.000000000000000,Copper_River,22.5919437,75003900027771,Copper_River_75003900027771
270,3208125600.000000000000000,57143700.000000000000000,Bristol_Bay,1.7500455,1023044,Bristol_Bay_1023044
271,1187591000.000000000000000,638700.000000000000000,Bristol_Bay,0.0537522,2041471,Bristol_Bay_2041471
272,305616900.000000000000000,231700.000000000000000,Bristol_Bay,0.0757564,2065755,Bristol_Bay_2065755
273,12688200.000000000000000,281300.000000000000000,Bristol_Bay,2.1689348,2065914,Bristol_Bay_2065914
274,29604800.000000000000000,8100.000000000000000,Bristol_Bay,0.0273529,2066924,Bristol_Bay_2066924
275,314989500.000000000000000,206600.000000000000000,Bristol_Bay,0.0655465,2066955,Bristol_Bay_2066955
276,61048700.000000000000000,1674600.000000000000000,Bristol_Bay,2.6698213,2067494,Bristol_Bay_2067494
277,5126700.000000000000000,22600.000000000000000,Bristol_Bay,0.4388946,2068072,Bristol_Bay_2068072
278,93198700.000000000000000,327600.000000000000000,Bristol_Bay,0.3502758,2068584,Bristol_Bay_2068584
279,17681500.000000000000000,154800.000000000000000,Bristol_Bay,0.8678930,2070402,Bristol_Bay_2070402
280,154822900.000000000000000,110400.000000000000000,Bristol_Bay,0.0712565,2071934,Bristol_Bay_2071934
281,16385700.000000000000000,49300.000000000000000,Bristol_Bay,0.2999696,2072993,Bristol_Bay_2072993
282,331146300.000000000000000,390300.000000000000000,Bristol_Bay,0.1177246,2073464,Bristol_Bay_2073464
283,220752300.000000000000000,335100.000000000000000,Bristol_Bay,0.1515690,2074424,Bristol_Bay_2074424
284,110109300.000000000000000,5600.000000000000000,Bristol_Bay,0.0050856,2078232,Bristol_Bay_2078232
285,112022500.000000000000000,45900.000000000000000,Bristol_Bay,0.0409571,2078282,Bristol_Bay_2078282
286,842409000.000000000000000,1033800.000000000000000,Bristol_Bay,0.1225691,2082373,Bristol_Bay_2082373
287,843165600.000000000000000,1033800.000000000000000,Bristol_Bay,0.1224592,2082393,Bristol_Bay_2082393
288,52927900.000000000000000,508000.000000000000000,Bristol_Bay,0.9506717,2084713,Bristol_Bay_2084713
289,2560046100.000000000000000,104889200.000000000000000,Bristol_Bay,3.9359004,2085642,Bristol_Bay_2085642
290,2753253300.000000000000000,110265600.000000000000000,Bristol_Bay,3.8507028,2085962,Bristol_Bay_2085962
291,7467500500.000000000000000,122078900.000000000000000,Bristol_Bay,1.6085068,2087913,Bristol_Bay_2087913
292,8472624000.000000000000000,129513500.000000000000000,Bristol_Bay,1.5055968,2088163,Bristol_Bay_2088163
293,8535566700.000000000000000,130110000.000000000000000,Bristol_Bay,1.5014408,2088253,Bristol_Bay_2088253
294,465849000.000000000000000,26073400.000000000000000,Bristol_Bay,5.3003078,2088326,Bristol_Bay_2088326
295,251501700.000000000000000,18154900.000000000000000,Bristol_Bay,6.7325997,2088586,Bristol_Bay_2088586
296,145232100.000000000000000,3477000.000000000000000,Bristol_Bay,2.3381219,3023044,Bristol_Bay_3023044
297,6641115800.000000000000000,113118300.000000000000000,Bristol_Bay,1.6747761,3024343,Bristol_Bay_3024343
298,768250000.000000000000000,13224800.000000000000000,Bristol_Bay,1.6922874,3030955,Bristol_Bay_3030955
299,81306400.000000000000000,1886100.000000000000000,Bristol_Bay,2.2671516,3033666,Bristol_Bay_3033666
300,270891800.000000000000000,2215800.000000000000000,Bristol_Bay,0.8113286,3033956,Bristol_Bay_3033956
301,70691600.000000000000000,8558700.000000000000000,Bristol_Bay,10.7995806,3034126,Bristol_Bay_3034126
302,4842600.000000000000000,1135200.000000000000000,Bristol_Bay,18.9902649,4046617,Bristol_Bay_4046617
303,2109700.000000000000000,115900.000000000000000,Bristol_Bay,5.2075844,4048046,Bristol_Bay_4048046
304,1871600.000000000000000,1216700.000000000000000,Bristol_Bay,39.3970795,4051055,Bristol_Bay_4051055
305,3265000.000000000000000,49000.000000000000000,Bristol_Bay,1.4785757,4051056,Bristol_Bay_4051056
306,3299400.000000000000000,0.000000000000000,Bristol_Bay,0.0000000,4051616,Bristol_Bay_4051616
307,5139700.000000000000000,236800.000000000000000,Bristol_Bay,4.4043522,4052076,Bristol_Bay_4052076
308,25876900.000000000000000,0.000000000000000,Bristol_Bay,0.0000000,4054120,Bristol_Bay_4054120
309,176432400.000000000000000,34200.000000000000000,Bristol_Bay,0.0193804,4054200,Bristol_Bay_4054200
310,6603200.000000000000000,2442600.000000000000000,Bristol_Bay,27.0025864,4055337,Bristol_Bay_4055337
311,6228000.000000000000000,858600.000000000000000,Bristol_Bay,12.1158247,4059016,Bristol_Bay_4059016
312,11890700.000000000000000,75500.000000000000000,Bristol_Bay,0.6309438,4059736,Bristol_Bay_4059736
313,9082800.000000000000000,106700.000000000000000,Bristol_Bay,1.1611078,4060036,Bristol_Bay_4060036
314,8815000.000000000000000,320300.000000000000000,Bristol_Bay,3.5061793,4061136,Bristol_Bay_4061136
315,17007200.000000000000000,489600.000000000000000,Bristol_Bay,2.7982259,4063606,Bristol_Bay_4063606
316,5978500.000000000000000,800500.000000000000000,Bristol_Bay,11.8085260,4063775,Bristol_Bay_4063775
317,2065200.000000000000000,428600.000000000000000,Bristol_Bay,17.1866226,4064055,Bristol_Bay_4064055
318,7645000.000000000000000,1019200.000000000000000,Bristol_Bay,11.7633476,4064845,Bristol_Bay_4064845
319,1866700.000000000000000,0.000000000000000,Bristol_Bay,0.0000000,4068584,Bristol_Bay_4068584
320,9306700.000000000000000,37200.000000000000000,Bristol_Bay,0.3981207,4069455,Bristol_Bay_4069455
321,8806300.000000000000000,2105400.000000000000000,Bristol_Bay,19.2948856,4069495,Bristol_Bay_4069495
322,16614400.000000000000000,121800.000000000000000,Bristol_Bay,0.7277638,4069586,Bristol_Bay_4069586
323,104542700.000000000000000,1144400.000000000000000,Bristol_Bay,1.0828190,4071036,Bristol_Bay_4071036
324,135257500.000000000000000,2903800.000000000000000,Bristol_Bay,2.1017463,4071256,Bristol_Bay_4071256
325,8430300.000000000000000,1857300.000000000000000,Bristol_Bay,18.0537739,4071625,Bristol_Bay_4071625
326,15579000.000000000000000,294800.000000000000000,Bristol_Bay,1.8571483,4073375,Bristol_Bay_4073375
327,3019900.000000000000000,121300.000000000000000,Bristol_Bay,3.8615816,4074184,Bristol_Bay_4074184
328,18868700.000000000000000,3515700.000000000000000,Bristol_Bay,15.7060270,4074505,Bristol_Bay_4074505
329,90286600.000000000000000,4580000.000000000000000,Bristol_Bay,4.8278317,4074726,Bristol_Bay_4074726
330,25543700.000000000000000,430100.000000000000000,Bristol_Bay,1.6558994,4075225,Bristol_Bay_4075225
331,9514900.000000000000000,29700.000000000000000,Bristol_Bay,0.3111707,4075474,Bristol_Bay_4075474
332,19869100.000000000000000,3472500.000000000000000,Bristol_Bay,14.8768721,4075715,Bristol_Bay_4075715
333,37002300.000000000000000,1038900.000000000000000,Bristol_Bay,2.7309864,4076505,Bristol_Bay_4076505
334,52178100.000000000000000,302100.000000000000000,Bristol_Bay,0.5756457,4076575,Bristol_Bay_4076575
335,18164800.000000000000000,4191600.000000000000000,Bristol_Bay,18.7489929,4076675,Bristol_Bay_4076675
336,25863100.000000000000000,4792300.000000000000000,Bristol_Bay,15.6328087,4078235,Bristol_Bay_4078235
337,2839600.000000000000000,471500.000000000000000,Bristol_Bay,14.2399807,4079234,Bristol_Bay_4079234
338,78477500.000000000000000,1914800.000000000000000,Bristol_Bay,2.3818202,4080045,Bristol_Bay_4080045
339,161929600.000000000000000,2354600.000000000000000,Bristol_Bay,1.4332480,4080875,Bristol_Bay_4080875
340,1938700.000000000000000,337800.000000000000000,Bristol_Bay,14.8385677,4082225,Bristol_Bay_4082225
341,152308600.000000000000000,12337800.000000000000000,Bristol_Bay,7.4935136,4084145,Bristol_Bay_4084145
342,73199800.000000000000000,78600.000000000000000,Bristol_Bay,0.1072622,4084351,Bristol_Bay_4084351
343,79752900.000000000000000,1104600.000000000000000,Bristol_Bay,1.3661070,4084915,Bristol_Bay_4084915
344,1384062200.000000000000000,144315300.000000000000000,Bristol_Bay,9.4423857,4086815,Bristol_Bay_4086815
345,1130304900.000000000000000,44504200.000000000000000,Bristol_Bay,3.7882071,4087015,Bristol_Bay_4087015
346,10282000.000000000000000,24900.000000000000000,Bristol_Bay,0.2415857,4087224,Bristol_Bay_4087224
347,2095493600.000000000000000,120695900.000000000000000,Bristol_Bay,5.4461002,4088675,Bristol_Bay_4088675
348,13516800.000000000000000,4500.000000000000000,Bristol_Bay,0.0332808,4088904,Bristol_Bay_4088904
349,19890200.000000000000000,351300.000000000000000,Bristol_Bay,1.7355434,4089074,Bristol_Bay_4089074
350,10315900.000000000000000,571600.000000000000000,Bristol_Bay,5.2500572,4089384,Bristol_Bay_4089384
351,10861000.000000000000000,116100.000000000000000,Bristol_Bay,1.0576564,4089394,Bristol_Bay_4089394
352,15071500.000000000000000,332100.000000000000000,Bristol_Bay,2.1559894,4089574,Bristol_Bay_4089574
353,35983100.000000000000000,14900.000000000000000,Bristol_Bay,0.0413912,4091164,Bristol_Bay_4091164
354,25627500.000000000000000,5400.000000000000000,Bristol_Bay,0.0210667,4091424,Bristol_Bay_4091424
355,22160800.000000000000000,0.000000000000000,Bristol_Bay,0.0000000,4092244,Bristol_Bay_4092244
356,40416600.000000000000000,890700.000000000000000,Bristol_Bay,2.1562774,4093084,Bristol_Bay_4093084
357,185557000.000000000000000,990900.000000000000000,Bristol_Bay,0.5311772,4095301,Bristol_Bay_4095301
358,32929000.000000000000000,2612100.000000000000000,Bristol_Bay,7.3495193,4095374,Bristol_Bay_4095374
359,30159900.000000000000000,63200.000000000000000,Bristol_Bay,0.2091116,4096064,Bristol_Bay_4096064
360,62873500.000000000000000,464900.000000000000000,Bristol_Bay,0.7339939,4096454,Bristol_Bay_4096454
361,92940800.000000000000000,4084400.000000000000000,Bristol_Bay,4.2096281,4098114,Bristol_Bay_4098114
362,177283200.000000000000000,475200.000000000000000,Bristol_Bay,0.2673291,4098704,Bristol_Bay_4098704
363,290366800.000000000000000,6040000.000000000000000,Bristol_Bay,2.0377400,4099594,Bristol_Bay_4099594
364,271317900.000000000000000,1960300.000000000000000,Bristol_Bay,0.7173276,4099694,Bristol_Bay_4099694
365,3899997900.000000000000000,29445100.000000000000000,Bristol_Bay,0.7493454,4101123,Bristol_Bay_4101123
366,19580200.000000000000000,0.000000000000000,Bristol_Bay,0.0000000,4101274,Bristol_Bay_4101274
367,123597200.000000000000000,1692900.000000000000000,Bristol_Bay,1.3511841,4102124,Bristol_Bay_4102124
368,400578600.000000000000000,19532000.000000000000000,Bristol_Bay,4.6492519,4104574,Bristol_Bay_4104574
369,672664800.000000000000000,20126400.000000000000000,Bristol_Bay,2.9051178,4105204,Bristol_Bay_4105204
370,109447100.000000000000000,0.000000000000000,Bristol_Bay,0.0000000,4105594,Bristol_Bay_4105594
371,267557100.000000000000000,1005000.000000000000000,Bristol_Bay,0.3742151,4105844,Bristol_Bay_4105844
372,172727600.000000000000000,2713800.000000000000000,Bristol_Bay,1.5468413,4106904,Bristol_Bay_4106904
373,9127802100.000000000000000,272504400.000000000000000,Bristol_Bay,2.8988883,4107464,Bristol_Bay_4107464
374,906394000.000000000000000,74300.000000000000000,Bristol_Bay,0.0081966,4115672,Bristol_Bay_4115672
375,159890400.000000000000000,2454600.000000000000000,Bristol_Bay,1.5119653,5008707,Bristol_Bay_5008707
376,341051300.000000000000000,4222200.000000000000000,Bristol_Bay,1.2228566,5020796,Bristol_Bay_5020796
377,381679000.000000000000000,12359400.000000000000000,Bristol_Bay,3.1365979,5021476,Bristol_Bay_5021476
378,73601400.000000000000000,20700.000000000000000,Bristol_Bay,0.0281166,5030363,Bristol_Bay_5030363
379,44445100.000000000000000,11500.000000000000000,Bristol_Bay,0.0258679,5030704,Bristol_Bay_5030704
380,74746500.000000000000000,87300.000000000000000,Bristol_Bay,0.1166585,5032474,Bristol_Bay_5032474
381,246493200.000000000000000,1444500.000000000000000,Bristol_Bay,0.5826060,5033094,Bristol_Bay_5033094
382,1331648000.000000000000000,389300.000000000000000,Bristol_Bay,0.0292259,5034893,Bristol_Bay_5034893
383,447551100.000000000000000,5271700.000000000000000,Bristol_Bay,1.1641861,5038375,Bristol_Bay_5038375
384,76837100.000000000000000,3721000.000000000000000,Kodiak,4.6190267,48267,Kodiak_48267
385,270511800.000000000000000,23621100.000000000000000,Kodiak,8.0307579,49617,Kodiak_49617
386,47590800.000000000000000,1481400.000000000000000,Kodiak,3.0188172,50197,Kodiak_50197
387,64563300.000000000000000,1004300.000000000000000,Kodiak,1.5317017,64593,Kodiak_64593
388,4198900.000000000000000,9900.000000000000000,Kodiak,0.2352214,72144,Kodiak_72144
389,30711500.000000000000000,165100.000000000000000,Kodiak,0.5347092,76954,Kodiak_76954
390,54415300.000000000000000,383200.000000000000000,Kodiak,0.6992892,77794,Kodiak_77794
391,7257700.000000000000000,270900.000000000000000,Kodiak,3.5982785,90346,Kodiak_90346
392,10577600.000000000000000,9600.000000000000000,Kodiak,0.0906755,93176,Kodiak_93176
393,9491400.000000000000000,30400.000000000000000,Kodiak,0.3192674,94216,Kodiak_94216
394,23102300.000000000000000,2058800.000000000000000,Kodiak,8.1824722,97276,Kodiak_97276
395,14936600.000000000000000,233300.000000000000000,Kodiak,1.5379139,99516,Kodiak_99516
396,26288600.000000000000000,634500.000000000000000,Kodiak,2.3567123,100826,Kodiak_100826
397,24939000.000000000000000,405900.000000000000000,Kodiak,1.6015056,101556,Kodiak_101556
398,51580200.000000000000000,1270200.000000000000000,Kodiak,2.4033878,103096,Kodiak_103096
399,63502900.000000000000000,6124400.000000000000000,Kodiak,8.7959747,103196,Kodiak_103196
400,55124900.000000000000000,8742900.000000000000000,Kodiak,13.6890574,103296,Kodiak_103296
401,55921900.000000000000000,8938900.000000000000000,Kodiak,13.7816677,103456,Kodiak_103456
402,57876600.000000000000000,551400.000000000000000,Kodiak,0.9437256,103496,Kodiak_103496
403,169220700.000000000000000,15700700.000000000000000,Kodiak,8.4904718,106626,Kodiak_106626
404,169340200.000000000000000,15778900.000000000000000,Kodiak,8.5236473,106676,Kodiak_106676
405,343183000.000000000000000,88311800.000000000000000,Kodiak,20.4664803,107796,Kodiak_107796
406,375369300.000000000000000,92250800.000000000000000,Kodiak,19.7277241,107816,Kodiak_107816
407,422867700.000000000000000,96967900.000000000000000,Kodiak,18.6535702,108356,Kodiak_108356
408,103284900.000000000000000,104400.000000000000000,Kodiak,0.1009776,128685,Kodiak_128685
409,269793000.000000000000000,7668000.000000000000000,Kodiak,2.7636316,129955,Kodiak_129955
410,390384500.000000000000000,40429800.000000000000000,Kodiak,9.3845072,130295,Kodiak_130295
411,552037000.000000000000000,53299000.000000000000000,Kodiak,8.8048620,130735,Kodiak_130735
412,7482000.000000000000000,5171400.000000000000000,Prince_William_Sound,40.8696480,18457,Prince_William_Sound_18457
413,4352500.000000000000000,157200.000000000000000,Prince_William_Sound,3.4858193,26464,Prince_William_Sound_26464
414,4206000.000000000000000,22500.000000000000000,Prince_William_Sound,0.5321036,28086,Prince_William_Sound_28086
415,17452100.000000000000000,789800.000000000000000,Prince_William_Sound,4.3295927,29854,Prince_William_Sound_29854
416,4946700.000000000000000,3475600.000000000000000,Prince_William_Sound,41.2666359,30884,Prince_William_Sound_30884
417,422800.000000000000000,466900.000000000000000,Prince_William_Sound,52.4783630,31865,Prince_William_Sound_31865
418,3586400.000000000000000,8300.000000000000000,Prince_William_Sound,0.2308955,36645,Prince_William_Sound_36645
419,5230700.000000000000000,36400.000000000000000,Prince_William_Sound,0.6910824,37815,Prince_William_Sound_37815
420,1700600.000000000000000,1468000.000000000000000,Prince_William_Sound,46.3296089,38993,Prince_William_Sound_38993
421,12291200.000000000000000,86300.000000000000000,Prince_William_Sound,0.6972329,40285,Prince_William_Sound_40285
422,4109100.000000000000000,1203600.000000000000000,Prince_William_Sound,22.6551476,41515,Prince_William_Sound_41515
423,12149900.000000000000000,112900.000000000000000,Prince_William_Sound,0.9206706,42563,Prince_William_Sound_42563
424,14797300.000000000000000,481200.000000000000000,Prince_William_Sound,3.1495237,43055,Prince_William_Sound_43055
425,23952900.000000000000000,0.000000000000000,Prince_William_Sound,0.0000000,43185,Prince_William_Sound_43185
426,25266900.000000000000000,290200.000000000000000,Prince_William_Sound,1.1354966,43383,Prince_William_Sound_43383
427,32300000.000000000000000,57500.000000000000000,Prince_William_Sound,0.1777022,43933,Prince_William_Sound_43933
428,16630800.000000000000000,68100.000000000000000,Prince_William_Sound,0.4078113,43973,Prince_William_Sound_43973
429,49886600.000000000000000,405700.000000000000000,Prince_William_Sound,0.8066841,44553,Prince_William_Sound_44553
430,1987400.000000000000000,776000.000000000000000,Prince_William_Sound,28.0813484,46055,Prince_William_Sound_46055
431,462445000.000000000000000,10103600.000000000000000,Prince_William_Sound,2.1381080,46513,Prince_William_Sound_46513
