OBJECTID,cat_ID_con,dist_catch_coast_km,DsContAreaSqKm,HUC12
-1,Cook_Inlet_75004200000901,21.633383815976718,36.96257508,190202020501
-1,Cook_Inlet_75004200001724,17.599012964848786,170.81217492,190202020503
-1,Cook_Inlet_75004200001726,0.128860868183542,570.1149751,190202020508
-1,Cook_Inlet_75004200001493,0.147498921474112,9.6406,190202020303
-1,Cook_Inlet_75004200004105,0.137137117216968,14.02302496,190202020102
-1,Cook_Inlet_75004200009084,0.787632565636721,26.75324989,190202020511
-1,Cook_Inlet_75004200001298,0.032897748713996,22.51122493,190202020705
-1,Cook_Inlet_75004200003619,0.089052465916063,135.00585011,190202021002
-1,Cook_Inlet_75004200001047,0.548925811446349,12.01209999,190202021003
-1,Cook_Inlet_75004200016346,0.171204557720649,10.73410001,190202020602
-1,Cook_Inlet_75004200010717,0.349694864390379,15.91652502,190202021201
-1,Cook_Inlet_75004200010096,0.076808674291450,7.26669999,190202021004
-1,Cook_Inlet_75004200012620,0.309296893501564,4.07597496,190202021202
-1,Cook_Inlet_75004200000722,0.029182287147804,48.07202501,190202020403
-1,Cook_Inlet_75004200000726,0.315950873243506,66.51707498,190202020101
-1,Cook_Inlet_75004200012986,1.332330948612158,43.22985006,190202021001
-1,Cook_Inlet_75004200010465,0.021365975339970,10.441625,190202021404
-1,Cook_Inlet_75004200014411,0.195335683076663,25.663575,190202021402
-1,Cook_Inlet_75004200006640,0.346035229988418,3.97815003,190202021303
-1,Cook_Inlet_75004200012680,0.175628216802960,28.30742507,190202020404
-1,Cook_Inlet_75004200009093,0.456912256160250,22.00352512,190202021302
-1,Cook_Inlet_75004200002407,0.162843948397681,8.49739991,190202020704
-1,Cook_Inlet_75004200008970,0.082471034379625,14.76897494,190202020803
-1,Cook_Inlet_75004200005429,21.477566269306877,37.9761999,190202020502
-1,Cook_Inlet_75004200012771,0.016948531707759,127.5948,190202021401
-1,Cook_Inlet_75004200012099,2.280098327306432,266.14994984,190202020402
-1,Cook_Inlet_75004200009218,0.010557959145773,31.57267494,190202020802
-1,Cook_Inlet_75004200013577,0.171741142966603,32.87554987,190202020902
-1,Cook_Inlet_75004200000478,0.723511974070133,18.42572506,190202020510
-1,Cook_Inlet_75004200011012,0.110728602788628,289.79927478,190202020202
-1,Cook_Inlet_75004200006975,0.128601272191935,19.50372496,190202020203
-1,Cook_Inlet_75004200005415,16.890604368016959,55.25042506,190202020504
-1,Cook_Inlet_75004200000064,0.985950185500441,97.16269999,190202020507
-1,Cook_Inlet_75004200001191,0.367926295226612,19.09645,190202021403
-1,Cook_Inlet_75004200001167,0.178658299773336,79.7796001,190202021103
-1,Cook_Inlet_75004200003989,6.715230936138158,403.87737495,190202020506
-1,Cook_Inlet_75004200005203,0.481729691402063,64.66487492,190202020509
-1,Cook_Inlet_75004200001716,0.872756375171133,295.29807513,190202020601
-1,Cook_Inlet_75004200008853,0.297195738169667,58.5937749,190202021301
-1,Cook_Inlet_75004200008845,1.072116911367991,15.33460009,190202021104
-1,Cook_Inlet_75004200005283,0.106343855946785,4.82059999,190202020302
-1,Cook_Inlet_75004300004332,0.488940539951757,330.12407481,190203010503
-1,Cook_Inlet_75004300005723,0.634398403003760,65.40905004,190203011201
-1,Cook_Inlet_75004300006970,0.194162488977123,501.73540016,190203011006
-1,Cook_Inlet_75004300002057,21.842190719438786,45.9693251,190203011002
-1,Cook_Inlet_75004300005518,13.313858530067742,73.48539999,190203010603
-1,Cook_Inlet_75004300007319,1.095417862958632,15.53567501,190203010807
-1,Cook_Inlet_75004300004701,6.612001856174309,154.66160004,190203010401
-1,Cook_Inlet_75004300004365,5.063402115514348,93.16480011,190203010604
-1,Cook_Inlet_75004300006839,0.064884396030234,71.28692507,190203011105
-1,Cook_Inlet_75004300007978,0.183660869130163,87.06072471,190203011104
-1,Cook_Inlet_75004300007859,0.704870549956707,26.98902497,190203011112
-1,Cook_Inlet_75004300005004,0.267006430626168,230.42039993,190203011102
-1,Cook_Inlet_75004300005103,40.356817820155179,56.97809998,190203010301
-1,Cook_Inlet_75004300000311,9.980660369049177,51.81184995,190203010702
-1,Cook_Inlet_75004300008012,0.980619696675202,59.41495004,190203011103
-1,Cook_Inlet_75004300002143,1.332102116450678,27.51332507,190203010803
-1,Cook_Inlet_75004300001135,0.075955272798379,57.48392517,190203011209
-1,Cook_Inlet_75004300007259,0.190950827484619,136.89290004,190203010802
-1,Cook_Inlet_75004300001162,1.761201371416644,183.0465,190203010705
-1,Cook_Inlet_75004300002654,8.623033280608766,49.31742509,190203010501
-1,Cook_Inlet_75004300006302,0.546820204793889,66.91335004,190203011208
-1,Cook_Inlet_75004300002547,0.042057650230620,29.01444997,190203011203
-1,Cook_Inlet_75004300006726,0.580621032568044,38.56274984,190203011111
-1,Cook_Inlet_75004300003713,23.399526303570330,154.59215009,190203010601
-1,Cook_Inlet_75004300002688,0.017862449499999,2179.44929964,190203010404
-1,Cook_Inlet_75004300000754,15.400817641562933,57.73177484,190203010306
-1,Cook_Inlet_75004300003311,3.857870693686733,54.6316999,190203010605
-1,Cook_Inlet_75004300002834,12.728004446369932,1815.17702444,190203010307
-1,Cook_Inlet_75004300001258,0.027848372591482,573.23612503,190203010606
-1,Cook_Inlet_75004300007331,0.543459803311430,69.53402487,190203011205
-1,Cook_Inlet_75004300001638,0.860869467946285,7.15240001,190203011113
-1,Cook_Inlet_75004300002755,23.147917518428859,97.89967494,190203010602
-1,Cook_Inlet_75004300005625,0.131616483136947,36.94955,190203010805
-1,Cook_Inlet_75004300006594,0.383885038397060,253.78317503,190203011110
-1,Cook_Inlet_75004300006376,6.168526762183639,41.63009988,190203010703
-1,Cook_Inlet_75004300004090,38.879665256791235,194.89030005,190203010202
-1,Cook_Inlet_75004300002183,0.632387525309067,36.74644985,190203011210
-1,Cook_Inlet_75004300006207,1.710352422685199,13.696425,190203011206
-1,Cook_Inlet_75004300002023,9.623133917189351,373.06360003,190203011004
-1,Cook_Inlet_75004300001512,0.155463672106940,22.64064999,190203010801
-1,Cook_Inlet_75004300004018,29.120199420234766,39.14994994,190203010303
-1,Cook_Inlet_75004300000582,4.548551273466680,136.62002497,190203010403
-1,Cook_Inlet_75004300005478,5.521724563245762,143.24097495,190203010502
-1,Cook_Inlet_75004300008120,37.374932920298903,50.32047491,190203010302
-1,Cook_Inlet_75004300000022,20.632967601218347,164.28090006,190203011003
-1,Cook_Inlet_75004300002181,0.072042777363120,24.84207515,190203011211
-1,Cook_Inlet_75004300002027,9.556498097151048,54.17362507,190203011005
-1,Cook_Inlet_75004300006012,24.264783510133068,143.72104999,190203010304
-1,Cook_Inlet_75004300002197,0.040978759000707,584.6291248,190203010706
-1,Cook_Inlet_75004300000779,0.975647287697614,16.97482496,190203010806
-1,Cook_Inlet_75004300005952,0.267635765451003,92.03877512,190203010804
-1,Cook_Inlet_75004300001228,5.799230922228704,97.52492513,190203010704
-1,Cook_Inlet_75004300006149,36.805107080654892,593.63944975,190203010104
-1,Cook_Inlet_75004300004452,10.692474529759938,161.04567505,190203010701
-1,Cook_Inlet_75004300004989,0.075560301436582,829.25160024,190203010903
-1,Cook_Inlet_75004300004326,1.024920929151935,53.59415001,190203011204
-1,Cook_Inlet_75004300005307,0.244873315881258,10.800375,190203011212
-1,Cook_Inlet_75004300005646,0.519020155747939,20.69527505,190203011202
-1,Cook_Inlet_75004300003251,1.986365716199534,65.06372506,190203011207
-1,Cook_Inlet_75004300006013,20.200719007190340,44.80867506,190203010305
-1,Cook_Inlet_75004400008879,0.129133887243359,23.32322502,190203021809
-1,Cook_Inlet_75004400008242,33.035154394208966,112.78277531,190203021005
-1,Cook_Inlet_75004400007224,0.018924896598613,322.32710002,190203020305
-1,Cook_Inlet_75004400008539,23.968172929240687,103.00622492,190203021002
-1,Cook_Inlet_75004400011230,16.691151885809521,88.33480009,190203020902
-1,Cook_Inlet_75004400002953,17.510228751631569,89.88210012,190203020803
-1,Cook_Inlet_75004400001616,28.231048653678158,534.2142001,190203021505
-1,Cook_Inlet_75004400000862,32.479704109208235,28.92319979,190203021006
-1,Cook_Inlet_75004400007512,22.045181948523116,667.32679986,190203021606
-1,Cook_Inlet_75004400010175,0.171686816680829,427.53645012,190203020205
-1,Cook_Inlet_75004400006033,23.170766694466284,90.74697485,190203021701
-1,Cook_Inlet_75004400006433,19.396234639691727,154.06262496,190203020501
-1,Cook_Inlet_75004400009198,30.569187016660294,51.8061249,190203020601
-1,Cook_Inlet_75004400010610,21.611492743069149,161.71887492,190203020604
-1,Cook_Inlet_75004400007465,0.129645017492887,98.03487499,190203021904
-1,Cook_Inlet_75004400001569,19.091904249245122,4569.37957581,190203021807
-1,Cook_Inlet_75004400010402,11.461216957054489,47.33312509,190203021808
-1,Cook_Inlet_75004400004652,29.747080398649274,168.01012489,190203021601
-1,Cook_Inlet_75004400004450,30.318331284484334,72.00252498,190203021607
-1,Cook_Inlet_75004400009109,0.864591355645436,29.20214999,190203022005
-1,Cook_Inlet_75004400006170,0.551589026763949,29.36567489,190203022004
-1,Cook_Inlet_75004400008856,32.147463098141735,87.72507521,190203021203
-1,Cook_Inlet_75004400004455,25.694359868499244,175.57854991,190203020602
-1,Cook_Inlet_75004400011676,0.482598856758551,141.24160009,190203020304
-1,Cook_Inlet_75004400010754,47.620711454845548,163.9089498,190203021405
-1,Cook_Inlet_75004400002950,46.729050208185591,141.63119992,190203021401
-1,Cook_Inlet_75004400001134,0.180293907584427,46.56142511,190203020704
-1,Cook_Inlet_75004400010270,13.054445960901173,97.90834979,190203020201
-1,Cook_Inlet_75004400004680,46.751062064400699,146.06685001,190203021501
-1,Cook_Inlet_75004400007830,0.014511499597960,41.04265001,190203022001
-1,Cook_Inlet_75004400001464,18.016536179407478,74.912825,190203020406
-1,Cook_Inlet_75004400002279,0.237672353835083,683.8621748,190203020408
-1,Cook_Inlet_75004400003189,14.231328419729515,107.59684975,190203020801
-1,Cook_Inlet_75004400011320,19.225130499915370,139.17214996,190203020404
-1,Cook_Inlet_75004400005660,0.041930870802012,55.98184976,190203020703
-1,Cook_Inlet_75004400008899,1.486401274496879,5463.28335093,190203021805
-1,Cook_Inlet_75004400001136,0.067498180914689,153.07952536,190203020702
-1,Cook_Inlet_75004400000334,53.107178142893211,2242.64262573,190203021406
-1,Cook_Inlet_75004400010328,45.985526874111457,1686.19132592,190203021205
-1,Cook_Inlet_75004400000370,49.292578339017716,485.60585006,190203021303
-1,Cook_Inlet_75004400003230,48.675620692553657,158.77735006,190203021503
-1,Cook_Inlet_75004400008887,0.289897397722561,11.45337504,190203021908
-1,Cook_Inlet_75004400004743,0.818401696684321,84.4343251,190203022003
-1,Cook_Inlet_75004400005985,8.519335802190380,5030.6591009,190203021802
-1,Cook_Inlet_75004400005909,24.439970667146778,3828.42565097,190203021801
-1,Cook_Inlet_75004400009562,28.808116111466290,45.75492508,190203021204
-1,Cook_Inlet_75004400010320,6.143308320245049,66.4171251,190203021804
-1,Cook_Inlet_75004400004457,10.376481434921082,102.63187497,190203020608
-1,Cook_Inlet_75004400010352,7.068334956152698,53.55604988,190203020502
-1,Cook_Inlet_75004400010337,30.517178836687851,34.47180012,190203021603
-1,Cook_Inlet_75004400006692,2.767538412453287,70.47922506,190203020101
-1,Cook_Inlet_75004400005312,23.359701824013687,369.9331505,190203020904
-1,Cook_Inlet_75004400005924,3.181280576935813,772.07784982,190203020609
-1,Cook_Inlet_75004400011086,1.131693659710568,47.50367513,190203020701
-1,Cook_Inlet_75004400003768,14.723402229051599,248.63094981,190203020403
-1,Cook_Inlet_75004400011755,6.880344616885592,105.59030015,190203020303
-1,Cook_Inlet_75004400008216,31.773707754409685,552.06970015,190203021007
-1,Cook_Inlet_75004400001652,36.685838310942060,3168.25892572,190203021409
-1,Cook_Inlet_75004400010699,40.828219081752863,45.74432512,190203020603
-1,Cook_Inlet_75004400010221,7.337559426768478,198.24492487,190203020202
-1,Cook_Inlet_75004400003876,32.993477232459234,274.21302508,190203021003
-1,Cook_Inlet_75004400009792,16.854511566938807,242.41540012,190203020903
-1,Cook_Inlet_75004400001670,40.122958000331671,33.13237496,190203021408
-1,Cook_Inlet_75004400003165,36.404770194449803,449.13992512,190203021504
-1,Cook_Inlet_75004400000627,0.416863458506424,410.58922488,190203020504
-1,Cook_Inlet_75004400009412,42.166861391615051,285.86355013,190203021104
-1,Cook_Inlet_75004400002718,13.832012648599019,201.22004998,190203020302
-1,Cook_Inlet_75004400005344,33.060358615503226,45.00724992,190203021004
-1,Cook_Inlet_75004400008192,13.209162615352906,319.82265002,190203020407
-1,Cook_Inlet_75004400002258,0.767764179023399,196.1154748,190203020102
-1,Cook_Inlet_75004400010422,0.178398484242783,692.97395027,190203020806
-1,Cook_Inlet_75004400001443,2.543166500400137,66.24957492,190203021902
-1,Cook_Inlet_75004400001656,0.843531833246214,30.05067499,190203021903
-1,Cook_Inlet_75004400002041,43.338181509873458,83.98835009,190203021103
-1,Cook_Inlet_75004400011322,18.764933396431118,55.52055001,190203020405
-1,Cook_Inlet_75004400007550,31.978162331200320,322.34262488,190203021602
-1,Cook_Inlet_75004400004850,1.386780395067044,156.30472497,190203022002
-1,Cook_Inlet_75004400008859,15.597931288881730,301.47942509,190203020802
-1,Cook_Inlet_75004400009331,45.912531817586185,1415.5495507,190203021403
-1,Cook_Inlet_75004400000153,13.260450045220606,526.5680752,190203020804
-1,Cook_Inlet_75004400010386,0.058543419442062,5470.520226,190203021806
-1,Cook_Inlet_75004400009308,37.490027348728781,67.60019993,190203021404
-1,Cook_Inlet_75004400003815,23.651199603037860,45.77924993,190203021201
-1,Cook_Inlet_75004400007996,9.650346114372548,282.57597507,190203020503
-1,Cook_Inlet_75004400010639,52.824364008561936,68.58409995,190203021407
-1,Cook_Inlet_75004400001521,6.694341751422317,118.99602488,190203021803
-1,Cook_Inlet_75004400010351,40.811186771575336,76.91615012,190203021102
-1,Cook_Inlet_75004400004166,0.950182034172500,18.18142502,190203020705
-1,Cook_Inlet_75004400000141,0.535401236544500,44.21027509,190203021905
-1,Cook_Inlet_75004400002954,28.170157588120851,119.95082502,190203021605
-1,Cook_Inlet_75004400007686,15.397529983314364,72.30734996,190203020607
-1,Cook_Inlet_75004400004707,19.392024080069998,216.9316,190203020605
-1,Cook_Inlet_75004400007493,16.382745417995416,352.51259996,190203021704
-1,Cook_Inlet_75004400010627,17.335732184382923,99.8974001,190203020606
-1,Cook_Inlet_75004400004344,6.468900228089518,164.24760023,190203020204
-1,Cook_Inlet_75004400004213,14.543668023977334,60.98154999,190203020301
-1,Cook_Inlet_75004400007351,12.646194752349935,96.95405006,190203020203
-1,Cook_Inlet_75004400002957,33.044556202580551,108.87004986,190203021604
-1,Cook_Inlet_75004400000171,0.589785764555668,110.75582486,190203021901
-1,Cook_Inlet_75000100002639,14.493020075667985,27.52607512,190204010403
-1,Cook_Inlet_75000100004048,0.056148703000389,446.47442514,190204010105
-1,Cook_Inlet_75000100001396,13.717842884050519,200.55237473,190204010402
-1,Cook_Inlet_75000100001872,0.035828463135784,82.82350011,190204010806
-1,Cook_Inlet_75000100002482,0.008060166848767,56.66254987,190204010807
-1,Cook_Inlet_75000100004383,10.868357537736985,233.86687516,190204010503
-1,Cook_Inlet_75000100001880,5.612400014891538,40.89177494,190204010602
-1,Cook_Inlet_75000100002463,3.444684198166480,319.48939989,190204010404
-1,Cook_Inlet_75000100001262,13.525130693361556,193.04055019,190204010502
-1,Cook_Inlet_75000100003972,12.081369576107766,404.91337478,190204010304
-1,Cook_Inlet_75000100000252,1.455071129906873,226.48920006,190204010202
-1,Cook_Inlet_75000100003757,0.005779866576191,431.36280014,190204010805
-1,Cook_Inlet_75000100002688,0.808047793461391,42.99784994,190204010804
-1,Cook_Inlet_75000100001892,6.696584395451596,77.67372507,190204010601
-1,Cook_Inlet_75000100001538,1.574218668393572,138.56902508,190204010802
-1,Cook_Inlet_75000100001408,0.020892677469470,103.39479992,190204010803
-1,Cook_Inlet_75000100001685,26.157844961604866,210.58552481,190204010302
-1,Cook_Inlet_75000100004624,17.837388917985361,79.09209984,190204010401
-1,Cook_Inlet_75000100004381,0.281488160667556,59.84239987,190204010701
-1,Cook_Inlet_75000100000652,1.191164838028352,323.04867515,190204010504
-1,Cook_Inlet_75000100003787,11.058577231380079,53.14640004,190204010501
-1,Cook_Inlet_75000100002150,0.059755405377840,451.43667512,190204010808
-1,Cook_Inlet_75000100002741,12.958130982191344,79.50065014,190204010305
-1,Cook_Inlet_75000100003438,0.063785588950467,154.53130004,190204010801
-1,Cook_Inlet_75000100001315,0.099947772765708,603.0869999,190204010306
-1,Cook_Inlet_75000100000043,0.372282117074615,190.29014989,190204010702
-1,Cook_Inlet_75000100000409,0.466272826756348,8639.28369885,190204021209
-1,Cook_Inlet_75000100002858,24.237943479380476,280.46172484,190204010303
-1,Cook_Inlet_75000100000953,3.331384160562714,78.79094993,190204010104
-1,Cook_Inlet_75000100001864,0.798135831191353,189.70659988,190204010603
-1,Cook_Inlet_75000400003844,57.407157575114674,749.36644969,190204020109
-1,Cook_Inlet_75000400019561,32.939405410862548,158.36227518,190204020704
-1,Cook_Inlet_75000400036699,58.651044462341908,2351.92774988,190204020307
-1,Cook_Inlet_75000400002218,62.591805668202156,2755.33822444,190204020404
-1,Cook_Inlet_75000400015018,22.758656149304105,380.03282503,190204020903
-1,Cook_Inlet_75000400019625,24.590797984533641,180.90565009,190204021203
-1,Cook_Inlet_75000400024876,36.428846405793657,1432.62902514,190204021005
-1,Cook_Inlet_75000400014699,23.238933072769864,230.30162476,190204021207
-1,Cook_Inlet_75000400014408,26.255940513713828,2680.22257518,190204021201
-1,Cook_Inlet_75000400004841,9.122490829020775,40.15147493,190204021208
-1,Cook_Inlet_75000400004888,21.833510609597521,142.56112515,190204020708
-1,Cook_Inlet_75000400009917,24.497256053432878,228.49904971,190204021204
-1,Cook_Inlet_75000400034535,32.301809669961685,876.46139995,190204020905
-1,Cook_Inlet_75000400000017,1.208324016628828,8677.70049884,190204020709
-1,Cook_Inlet_75000400028963,22.678358837932350,5149.8387989,190204020707
-1,Cook_Inlet_75000400000163,28.635048729058642,58.05584993,190204020705
-1,Cook_Inlet_75000400024863,46.105752324779132,117.65050007,190204020702
-1,Cook_Inlet_75000400010059,40.031126746810749,392.53897485,190204020604
-1,Cook_Inlet_75000400014878,38.918193146168136,4241.73214925,190204020703
-1,Cook_Inlet_75000400024244,18.399586054245251,3068.70542488,190204021205
-1,Cook_Inlet_75000400009643,23.534437617292966,130.47442487,190204020706
-1,Cook_Inlet_75000400005921,53.969815827626675,988.86084967,190204020511
-1,Cook_Inlet_75000400001221,55.196862659387705,2998.68902451,190204020406
-1,Cook_Inlet_75000400029059,16.780440651090117,49.82107502,190204021206
-1,Cook_Inlet_75000400034853,52.990982420668090,53.287725,190204020701
-1,Cook_Inlet_75000400035016,54.764634132325043,149.8602001,190204020405
-1,Cook_Inlet_75000700031594,134.107982144091380,368.37927506,190205011604
-1,Cook_Inlet_75000700038756,98.732619334299585,16338.00120003,190205012406
-1,Cook_Inlet_75000700036533,143.807237629401129,385.90767496,190205012004
-1,Cook_Inlet_75000700036401,159.806976770400013,166.57784994,190205012201
-1,Cook_Inlet_75000700033509,103.349114680632994,16319.94767505,190205012405
-1,Cook_Inlet_75000700031070,141.877464087992593,60.683525,190205012302
-1,Cook_Inlet_75000700036133,134.938064623342086,430.69729988,190205011303
-1,Cook_Inlet_75000700036713,156.258641020232034,12315.16752548,190205012102
-1,Cook_Inlet_75000700049611,145.159526957421605,14751.21060033,190205012303
-1,Cook_Inlet_75000700036219,135.222872633268565,15988.67827517,190205012403
-1,Cook_Inlet_75000700049477,143.041732388571404,220.62724998,190205012401
-1,Cook_Inlet_75000700036340,142.603098316171440,95.56124998,190205012304
-1,Cook_Inlet_75000700041984,156.409054867631198,461.34462508,190205011705
-1,Cook_Inlet_75000700044263,145.748182535071777,14992.2257753,190205012306
-1,Cook_Inlet_75000700049829,143.109038823611343,124.32129995,190205012003
-1,Cook_Inlet_75000700049481,141.665593841101952,15581.36502525,190205012305
-1,Cook_Inlet_75000700031053,157.382942408793184,41.17949996,190205012203
-1,Cook_Inlet_75000700036399,160.291356492578501,84.8284751,190205012202
-1,Cook_Inlet_75000700041653,146.875463789604083,193.67827514,190205012301
-1,Cook_Inlet_75000700036455,140.211605185211454,14449.44280024,190205012106
-1,Cook_Inlet_75000700038833,139.083814776791769,61.79862501,190205012402
-1,Cook_Inlet_75000700044264,146.322532972238520,462.35537491,190205012204
-1,Cook_Inlet_75000700031304,149.982217289587794,376.25964995,190205011903
-1,Cook_Inlet_75000700032275,153.338968473307176,1435.1877497,190205011410
-1,Cook_Inlet_75000700033653,153.547762918606537,105.78972499,190205012407
-1,Cook_Inlet_75000700046720,123.156501749585829,16161.93772519,190205012404
-1,Cook_Inlet_75000700044836,148.047927219422178,219.8329251,190205011607
-1,Cook_Inlet_75000700045019,157.991576268316521,10873.64960036,190205011508
-1,Cook_Inlet_75000700042261,156.920562946163614,1042.46570012,190205011610
-1,Cook_Inlet_75000700039998,158.735975696995837,10651.60995042,190205011505
-1,Cook_Inlet_75000700037019,148.419654116241816,253.95052513,190205011609
-1,Cook_Inlet_75000700031253,144.141967427166406,13910.68620031,190205012105
-1,Cook_Inlet_75000500013783,196.399011608582839,153.79332496,190205020101
-1,Cook_Inlet_75000500009993,179.433305456493542,28.73499995,190205020203
-1,Cook_Inlet_75000500003409,171.245746424474760,971.06874967,190205020312
-1,Cook_Inlet_75000500001552,177.235678393279898,469.08217504,190205020204
-1,Cook_Inlet_75000500008473,136.872629168118323,148.91934999,190205020906
-1,Cook_Inlet_75000500015568,187.799117206310456,88.40074997,190205020309
-1,Cook_Inlet_75000500015553,178.135545427586919,342.59262493,190205020103
-1,Cook_Inlet_75000500009750,182.835730205062760,123.58172487,190205020202
-1,Cook_Inlet_75000500009358,162.956146713723058,381.83212506,190205020411
-1,Cook_Inlet_75000500011225,155.615355403286827,2515.84784965,190205020412
-1,Cook_Inlet_75000500005048,156.306639337837424,87.20280005,190205020413
-1,Cook_Inlet_75000500013555,170.949422522241662,200.25447498,190205020403
-1,Cook_Inlet_75000500008023,141.665622989778683,258.43325,190205020606
-1,Cook_Inlet_75000500006217,137.960738401027982,715.56164974,190205020903
-1,Cook_Inlet_75000500006160,147.319195968373663,420.13005001,190205020703
-1,Cook_Inlet_75000500012136,144.612083309466954,46.24464998,190205020902
-1,Cook_Inlet_75000500010561,137.272243383179614,4422.88054955,190205020607
-1,Cook_Inlet_75000500002477,135.843437229845705,1920.98652504,190205020907
-1,Cook_Inlet_75000500008026,105.629415972832604,6665.35574958,190205021003
-1,Cook_Inlet_75000500000009,153.007621088231133,291.21542498,190205020602
-1,Cook_Inlet_75000500007429,163.081300357325887,2081.15817458,190205020405
-1,Cook_Inlet_75000500011984,130.250608329457890,99.80470001,190205021001
-1,Cook_Inlet_75000500009986,173.136874411294997,67.99970001,190205020410
-1,Cook_Inlet_75000500012337,126.129874785208528,162.03237504,190205020905
-1,Cook_Inlet_75000500006883,148.040300386407665,2754.8983997,190205020414
-1,Cook_Inlet_75000500006404,128.871516782692368,1028.98494984,190205020806
-1,Cook_Inlet_75000500012614,119.162295148838723,6560.84222456,190205021002
-1,Cook_Inlet_75000500009975,139.445639274101580,126.10624994,190205020603
-1,Cook_Inlet_75000500003515,186.603836645036608,338.55820011,190205020310
-1,Cook_Inlet_75000500002240,126.417022216122874,865.44062486,190205020904
-1,Cook_Inlet_75000300010038,106.799827002087838,146.6041493,190205030105
-1,Cook_Inlet_75000300026273,120.287988815875210,69.78042516,190205030601
-1,Cook_Inlet_75000300024659,102.230647644915749,97.52147414,190205030104
-1,Cook_Inlet_75000300022407,110.689543949975928,2018.50857081,190205030602
-1,Cook_Inlet_75000300003827,116.148778955662721,105.1827245,190205030504
-1,Cook_Inlet_75000300004778,120.746737983382303,1404.53349657,190205030208
-1,Cook_Inlet_75000300016498,114.352723384872178,1120.07329743,190205030202
-1,Cook_Inlet_75000300014777,123.060542695289584,133.64812599,190205030501
-1,Cook_Inlet_75000300024174,112.263974518595958,149.15372468,190205030201
-1,Cook_Inlet_75000300007777,94.888324438198808,60.42107511,190205030305
-1,Cook_Inlet_75000300018247,108.397787390879245,68.32119981,190205030505
-1,Cook_Inlet_75000300001605,128.714776950196438,174.64569957,190205030205
-1,Cook_Inlet_75000300015640,121.419823361265912,417.6644993,190205030207
-1,Cook_Inlet_75000300009654,110.706908410824383,850.86289841,190205030107
-1,Cook_Inlet_75000300005649,113.676742984505296,123.04099959,190205030203
-1,Cook_Inlet_75000300005143,129.173853977324029,105.64789995,190205030206
-1,Cook_Inlet_75000300010998,115.680142164473608,320.6028001,190205030503
-1,Cook_Inlet_75000300000325,123.564979711156539,97.8097492,190205030502
-1,Cook_Inlet_75000300014878,102.532916500945660,677.69374979,190205030306
-1,Cook_Inlet_75000300000271,105.505806632063596,224.81289978,190205030606
-1,Cook_Inlet_75000300028089,108.146979666279819,100.59267469,190205030106
-1,Cook_Inlet_75000300011642,93.177654202518156,189.79745032,190205030304
-1,Cook_Inlet_75000300025373,99.589030431482158,679.76744905,190205030507
-1,Cook_Inlet_75000300007234,98.398342281244112,39.26624991,190205030609
-1,Cook_Inlet_75000300000174,97.977886276211620,3260.73202026,190205030607
-1,Cook_Inlet_75000300018625,103.288068861894800,2219.37584551,190205030604
-1,Cook_Inlet_75000300021822,100.876429137505042,607.32992411,190205030506
-1,Cook_Inlet_75000300025488,97.585645343762309,1123.90242373,190205030409
-1,Cook_Inlet_75000300022955,75.415423565176852,431.72965003,190205030404
-1,Cook_Inlet_75000300025330,96.298266464911094,5280.54219242,190205030610
-1,Cook_Inlet_75000300000624,83.653619900252536,754.05839938,190205030406
-1,Cook_Inlet_75000300011262,88.104639112272125,967.71109898,190205030408
-1,Cook_Inlet_75000300007341,97.336327431204751,55.86404974,190205030608
-1,Cook_Inlet_75000300011640,91.864856235157404,278.26212465,190205030302
-1,Cook_Inlet_75000600005142,87.394396932708247,2219.71732468,190205041906
-1,Cook_Inlet_75000600035585,61.862624386201112,2453.02962462,190205041909
-1,Cook_Inlet_75000600020386,51.618308346939081,15695.89104845,190205042005
-1,Cook_Inlet_75000600015375,97.061279988984239,3283.48352472,190205040805
-1,Cook_Inlet_75000600019952,39.106968680931331,144.51754999,190205041401
-1,Cook_Inlet_75000600003641,125.763299797231767,1746.64864971,190205040206
-1,Cook_Inlet_75000600015193,70.891704518539342,1072.89917481,190205041610
-1,Cook_Inlet_75000600035022,82.406310474659122,81.77809998,190205040807
-1,Cook_Inlet_75000600040653,57.285678196068744,45.74607499,190205042004
-1,Cook_Inlet_75000600019054,88.912902364314760,59.7089751,190205041502
-1,Cook_Inlet_75000600024655,48.758202311283334,152.59045004,190205041403
-1,Cook_Inlet_75000600034967,56.518709788358414,620.4697251,190205041405
-1,Cook_Inlet_75000600040180,42.427526897623125,93.95500008,190205041402
-1,Cook_Inlet_75000600025547,32.182029751082361,15870.76537336,190205042007
-1,Cook_Inlet_75000600004193,59.898156213529674,65.48972503,190205041407
-1,Cook_Inlet_75000600035645,46.003232642325251,15777.86744838,190205042006
-1,Cook_Inlet_75000600019873,46.194866067117133,239.59735004,190205041404
-1,Cook_Inlet_75000600009435,62.288582514098323,196.52495008,190205041408
-1,Cook_Inlet_75000600005686,102.888552248317424,633.85417492,190205040907
-1,Cook_Inlet_75000600024798,57.559948917432486,52.19850015,190205041406
-1,Cook_Inlet_75000600030807,97.416994097017309,422.14269982,190205040905
-1,Cook_Inlet_75000600029695,144.170110022037562,83.20802485,190205041601
-1,Cook_Inlet_75000600014946,141.235558142505653,43.43930003,190205041801
-1,Cook_Inlet_75000600027457,138.193835938489912,372.59285003,190205040504
-1,Cook_Inlet_75000600030558,109.410433542193374,90.33702498,190205041606
-1,Cook_Inlet_75000600014556,106.947744182779800,98.00830001,190205040804
-1,Cook_Inlet_75000600025489,114.643492984217417,113.30094995,190205040603
-1,Cook_Inlet_75000600030572,107.913619011471013,1543.04012466,190205041808
-1,Cook_Inlet_75000600034770,104.336496137639656,3276.98947464,190205040802
-1,Cook_Inlet_75000600040519,104.595819921386834,1608.97094967,190205041809
-1,Cook_Inlet_75000600040339,106.855921673350053,743.48582497,190205041607
-1,Cook_Inlet_75000600010070,98.153576129392945,338.42474996,190205041905
-1,Cook_Inlet_75000600012135,138.454214506663959,53.18394996,190205040505
-1,Cook_Inlet_75000600034555,113.119641552006854,100.82112497,190205040801
-1,Cook_Inlet_75000600023457,118.773597636669095,754.34612492,190205040602
-1,Cook_Inlet_75000600020288,101.211980132687941,75.37402511,190205041902
-1,Cook_Inlet_75000600035669,138.108432967523015,66.63789992,190205041005
-1,Cook_Inlet_75000600010293,150.035882092437333,142.72437507,190205041002
-1,Cook_Inlet_75000600009551,131.859956007873677,206.00312485,190205041602
-1,Cook_Inlet_75000600018321,101.818629061131674,44.91569991,190205041501
-1,Cook_Inlet_75000600031834,145.781543611724288,194.81034987,190205040502
-1,Cook_Inlet_75000600040518,104.250362384047804,1272.07994986,190205041901
-1,Cook_Inlet_75000600000011,130.657593512135463,76.53242493,190205040506
-1,Cook_Inlet_75000600015130,111.955731580688308,88.85952496,190205041807
-1,Cook_Inlet_75000600023013,124.553339665357655,588.84309992,190205040507
-1,Cook_Inlet_75000600029034,124.420679804539049,2939.01054966,190205040410
-1,Cook_Inlet_75000600004327,92.025133783170730,158.30180001,190205040803
-1,Cook_Inlet_75000600039124,128.284565827195451,1191.40890006,190205040303
-1,Cook_Inlet_75000600009410,97.757149599132745,393.01492531,190205040703
-1,Cook_Inlet_75000600026866,145.243154141049246,97.37912506,190205040503
-1,Cook_Inlet_75000600025515,106.511795016384440,66.21642487,190205041608
-1,Cook_Inlet_75000600015299,64.202038950583528,2446.53899965,190205042003
-1,Cook_Inlet_75000600034913,68.918002226553355,63.71994986,190205041409
-1,Cook_Inlet_75000600036475,111.306545799343851,895.23484964,190205040909
-1,Cook_Inlet_75000600004323,75.746814866953983,96.10222489,190205041508
-1,Cook_Inlet_75000600035262,68.386542733531073,88.9259,190205041509
-1,Cook_Inlet_75000600029800,74.753207430080465,1091.38837504,190205041410
-1,Cook_Inlet_75000600019183,78.500209197468237,89.81410006,190205041505
-1,Cook_Inlet_75000600015366,85.538352607515165,4287.20159889,190205041503
-1,Cook_Inlet_75000600009325,79.792708352167907,179.8849751,190205041506
-1,Cook_Inlet_75000600002853,96.760653188149604,138.32139975,190205041304
-1,Cook_Inlet_75000600012682,105.057608198992128,79.61062502,190205041108
-1,Cook_Inlet_75000600019578,99.534811196624688,1269.20434995,190205040606
-1,Cook_Inlet_75000600018822,92.972304368493440,90.56889989,190205041305
-1,Cook_Inlet_75000600040498,71.575988284151606,121.403875,190205042001
-1,Cook_Inlet_75000600002850,91.270988401392074,527.83769982,190205041203
-1,Cook_Inlet_75000600022522,114.015798251855742,911.05917464,190205041010
-1,Cook_Inlet_75000600009692,80.457244305355758,5859.61547392,190205040808
-1,Cook_Inlet_75000600016382,131.832202238986014,666.44544981,190205041007
-1,Cook_Inlet_75000600020310,87.898372608013574,50.66032499,190205041907
-1,Cook_Inlet_75000600035420,87.457621089175916,132.40242507,190205041609
-1,Cook_Inlet_75000600040654,70.931346342260667,44.41695001,190205041908
-1,Cook_Inlet_75000600040122,90.443570797816903,3565.10684979,190205040806
-1,Cook_Inlet_75000600031902,121.579557980125628,177.61320008,190205041106
-1,Cook_Inlet_75000600020425,110.047198462331153,90.69774994,190205041101
-1,Cook_Inlet_75000600015155,69.656512082205353,11859.68884895,190205042002
-1,Cook_Inlet_75000600014918,77.817032117878071,200.06937499,190205041510
-1,Cook_Inlet_75000600018999,93.411175593419031,1258.05054963,190205041306
-1,Cook_Inlet_75000600014428,82.434255095755390,53.38337501,190205041504
-1,Cook_Inlet_75000600018150,113.571033865605386,145.18017528,190205040701
-1,Cook_Inlet_75000600014656,74.377379495707075,4549.85479886,190205041507
-1,Cook_Inlet_75000600015432,148.775673020107718,65.11039991,190205041001
-1,Cook_Inlet_75000600014486,103.047826649615075,1104.60524992,190205040605
-1,Cook_Inlet_75000600019353,98.898228677291371,125.1085501,190205040702
-1,Cook_Inlet_75000600011081,133.542918324581535,38.610125,190205041006
-1,Cook_Inlet_75000600036866,126.574023142960428,66.7009749,190205041009
-1,Cook_Inlet_75000600020073,80.253395187325225,6098.95892388,190205041511
-1,Cook_Inlet_75000600026326,140.137506979758172,98.71567502,190205041004
-1,Cook_Inlet_75000600009150,101.790134459366584,136.94412496,190205040604
-1,Cook_Inlet_75000600021711,120.405412243028636,1355.10494957,190205041104
-1,Cook_Inlet_75000600012683,107.289017151471484,2671.67512419,190205041109
-1,Cook_Inlet_75000600012751,124.475692742424286,69.40195001,190205040601
-1,Cook_Inlet_75000600005715,145.275721512224663,124.54159992,190205041003
-1,Cook_Inlet_75000600020083,123.789387791806831,189.37199997,190205041806
-1,Cook_Inlet_75000600030233,131.327505401194543,75.26489999,190205041805
-1,Cook_Inlet_75000600027807,153.884700197138415,666.90060006,190205040407
-1,Cook_Inlet_75000600014924,121.326067283421779,54.58207507,190205041804
-1,Cook_Inlet_75000600020443,117.808005893721003,146.575525,190205041605
-1,Cook_Inlet_75000600013369,134.941173625718847,157.90649998,190205040302
-1,Cook_Inlet_75000600029350,142.349276801230616,83.51097504,190205041603
-1,Cook_Inlet_75000600025438,114.566400896452436,137.29442501,190205041903
-1,Cook_Inlet_75000600020024,131.449651428984367,231.44904987,190205041802
-1,Cook_Inlet_75000600035221,124.317380014043067,825.09157489,190205041803
-1,Cook_Inlet_75000600020381,114.745932950533955,116.88182509,190205041904
-1,Cook_Inlet_75000600002752,144.815846477493636,806.74457493,190205040408
-1,Cook_Inlet_75000600030590,126.092164998313422,190.53790014,190205041604
-1,Cook_Inlet_75000600039012,136.148044832596213,1634.7397747,190205040205
-1,Cook_Inlet_75000200003655,78.506228178220397,103.59269985,190205050103
-1,Cook_Inlet_75000200018778,68.944583207772624,420.51007493,190205050306
-1,Cook_Inlet_75000200005513,68.417667733369299,468.87750007,190205050706
-1,Cook_Inlet_75000200003229,61.429316426261636,281.55112512,190205050907
-1,Cook_Inlet_75000200009162,56.255119717176548,563.55164993,190205050406
-1,Cook_Inlet_75000200013250,87.813774278621679,375.03837515,190205050903
-1,Cook_Inlet_75000200008600,60.343880744370352,347.17687487,190205050203
-1,Cook_Inlet_75000200015657,93.576053324832969,51.24849989,190205050703
-1,Cook_Inlet_75000200011042,51.851535869001445,95.85229998,190205051001
-1,Cook_Inlet_75000200013941,56.010634547627063,134.68217507,190205050408
-1,Cook_Inlet_75000200016891,67.556234710695804,134.50467504,190205050201
-1,Cook_Inlet_75000200018133,78.665860608864563,58.37967497,190205050801
-1,Cook_Inlet_75000200007043,52.389225401296187,342.96442519,190205050404
-1,Cook_Inlet_75000200018499,82.663689977238974,107.6434251,190205050304
-1,Cook_Inlet_75000200008564,55.535287205202955,56.54727499,190205050307
-1,Cook_Inlet_75000200015565,77.922740639374268,66.62002495,190205050802
-1,Cook_Inlet_75000200008552,42.582395735851726,42.33967504,190205050504
-1,Cook_Inlet_75000200008668,74.061951867113848,40.51055005,190205050104
-1,Cook_Inlet_75000200018577,90.861161191534237,85.90007488,190205050301
-1,Cook_Inlet_75000200015695,102.294447015374104,43.73747505,190205050701
-1,Cook_Inlet_75000200010538,93.274638857344215,179.70245016,190205050702
-1,Cook_Inlet_75000200017518,30.343296932512580,44.75272499,190205051201
-1,Cook_Inlet_75000200006087,43.445139106466421,68.956225,190205050503
-1,Cook_Inlet_75000200013557,43.573135901733359,414.49032496,190205050505
-1,Cook_Inlet_75000200011046,53.491095561149280,914.78547488,190205050409
-1,Cook_Inlet_75000200015469,100.651645297230900,43.57610002,190205050901
-1,Cook_Inlet_75000200008529,53.591020372444845,29824.4259916,190205050308
-1,Cook_Inlet_75000200018743,86.377154935016264,81.78677509,190205050302
-1,Cook_Inlet_75000200000745,42.517161881331411,31992.29289141,190205050605
-1,Cook_Inlet_75000200005720,63.218051591805263,176.08197511,190205050906
-1,Cook_Inlet_75000200013319,54.738370291395320,363.56327512,190205050908
-1,Cook_Inlet_75000200013924,45.996836771751560,182.81282488,190205050502
-1,Cook_Inlet_75000200000465,59.268436084666490,233.39755004,190205050803
-1,Cook_Inlet_75000200002996,87.943478183841250,60.01629998,190205050705
-1,Cook_Inlet_75000200001253,32.510751423545358,158.28882505,190205050603
-1,Cook_Inlet_75000200015326,50.177570916051323,108.29107505,190205050501
-1,Cook_Inlet_75000200005143,55.413200953900109,111.08337495,190205051101
-1,Cook_Inlet_75000200013892,21.696748939620480,85.68182497,190205051205
-1,Cook_Inlet_75000200018582,16.390701573095210,787.1744496,190205051207
-1,Cook_Inlet_75000200015895,41.922132736312321,1790.69777526,190205050910
-1,Cook_Inlet_75000200012997,13.973851687248201,863.89694985,190205051111
-1,Cook_Inlet_75000200007660,19.526596547026308,453.97414974,190205051204
-1,Cook_Inlet_75000200000456,19.158886875054989,203.51415013,190205051302
-1,Cook_Inlet_75000200005532,56.023225478871353,1203.49012517,190205050905
-1,Cook_Inlet_75000200005190,1.625830799133666,125.45657499,190205051304
-1,Cook_Inlet_75000200010216,40.410599594903260,69.62352499,190205051107
-1,Cook_Inlet_75000200005820,24.715133421220873,654.05082475,190205051206
-1,Cook_Inlet_75000200000020,28.849677165055137,78.0265751,190205051301
-1,Cook_Inlet_75000200005366,0.715162040371394,20.48062501,190205051307
-1,Cook_Inlet_75000200010768,0.662079156038197,1072.67214961,190205051209
-1,Cook_Inlet_75000200000471,68.454246366203577,378.98732511,190205050904
-1,Cook_Inlet_75000200005098,71.384120249804710,224.79679994,190205050202
-1,Cook_Inlet_75000200015464,34.787617520173690,469.88207473,190205051106
-1,Cook_Inlet_75000200005175,0.115900328231522,159.86847486,190205051305
-1,Cook_Inlet_75000200001139,79.354713671040216,119.35962504,190205050101
-1,Cook_Inlet_75000200003487,72.273725906587430,28794.77486676,190205050305
-1,Cook_Inlet_75000200003483,72.192850310471741,395.37727496,190205050105
-1,Cook_Inlet_75000200008048,90.908337168424268,68.99615007,190205050704
-1,Cook_Inlet_75000200011024,80.642242404125710,79.8492499,190205050303
-1,Cook_Inlet_75000200001210,57.753094506170427,717.02914986,190205050407
-1,Cook_Inlet_75000200006182,78.612485558510187,221.57992507,190205050102
-1,Cook_Inlet_75000200015589,8.328354326198919,50568.62141521,190205051303
-1,Cook_Inlet_75000200016431,34.407784810397033,433.12297513,190205050604
-1,Cook_Inlet_75000200015485,26.843930499686916,50.16277504,190205051110
-1,Cook_Inlet_75000200002736,93.885269500969969,189.23347502,190205050902
-1,Cook_Inlet_75000200003154,38.137532107489250,49.45882488,190205051003
-1,Cook_Inlet_75000200015292,47.985887130464704,41.23547499,190205051103
-1,Cook_Inlet_75000200015301,34.056446328275300,219.87839998,190205051109
-1,Cook_Inlet_75000200005066,52.451210568080150,57.24624999,190205051102
-1,Cook_Inlet_75000200012956,0.285318105534765,51632.80509009,190205051306
-1,Cook_Inlet_75000200017924,49.386996822116672,159.02117494,190205051105
-1,Cook_Inlet_75000200008267,39.883692063850262,33832.03291671,190205051002
-1,Cook_Inlet_75000200016525,33.036924057178609,227.26440007,190205050602
-1,Cook_Inlet_75000200010370,25.898296275990631,50141.91351509,190205051006
-1,Cook_Inlet_75000200017839,50.864321400471162,43.71247507,190205051104
-1,Cook_Inlet_75000200012913,34.635377324958135,110.14834997,190205051108
-1,Cook_Inlet_75000200013093,34.514588650709648,154.63530012,190205051004
-1,Cook_Inlet_75000200005619,47.191962392438178,69.66102494,190205050909
-1,Cook_Inlet_75000200007995,33.963665105046232,34087.19249171,190205051005
-1,Cook_Inlet_75000200014042,16.535759234302276,345.25872466,190205051203
-1,Cook_Inlet_75000200012043,16.247418480292854,192.53147485,190205051202
-1,Cook_Inlet_75000200018431,1.737689498337128,114.08075006,190205051208
-1,Cook_Inlet_75005300023489,69.412643476383622,745.95432467,190206010707
-1,Cook_Inlet_75005300005078,0.046937983420908,20.77435004,190206012004
-1,Cook_Inlet_75005300016711,0.114822328290508,41.31564994,190206012001
-1,Cook_Inlet_75005300002575,0.070799430606151,2028.66962558,190206011504
-1,Cook_Inlet_75005300011027,0.857337613486310,71.25910013,190206011903
-1,Cook_Inlet_75005300003743,0.582830296951490,2361.18470198,190206010410
-1,Cook_Inlet_75005300026455,15.201563771806271,43.67824995,190206011803
-1,Cook_Inlet_75005300003320,39.239908706202613,369.68147531,190206010304
-1,Cook_Inlet_75005300026560,22.407632428887108,1974.57797674,190206010404
-1,Cook_Inlet_75005300002504,26.752063993361784,184.2098752,190206011202
-1,Cook_Inlet_75005300025877,59.919375581014386,93.74590014,190206010301
-1,Cook_Inlet_75005300019947,57.567499624902347,2125.08984958,190206011005
-1,Cook_Inlet_75005300030509,21.673508331846410,42.70845008,190206010405
-1,Cook_Inlet_75005300019114,26.957524670237909,127.017975,190206011702
-1,Cook_Inlet_75005300028429,31.559202194906725,127.93429998,190206011103
-1,Cook_Inlet_75005300026836,4.946246582421611,44.73727517,190206010409
-1,Cook_Inlet_75005300002502,24.128489813453509,3023.34505003,190206011009
-1,Cook_Inlet_75005300023131,2.673747862093335,599.49957511,190206011607
-1,Cook_Inlet_75005300004398,18.488071741932458,375.24925017,190206011605
-1,Cook_Inlet_75005300026951,18.950959368701003,754.35429979,190206011104
-1,Cook_Inlet_75005300009788,17.292418631013167,846.44329997,190206011203
-1,Cook_Inlet_75005300004937,47.477357110661686,2806.97422515,190206011008
-1,Cook_Inlet_75005300016871,21.095707770528104,767.59852551,190206011307
-1,Cook_Inlet_75005300010442,0.202693967957961,4319.91957527,190206011206
-1,Cook_Inlet_75005300006785,48.049854408186199,85.96847501,190206010303
-1,Cook_Inlet_75005300026568,9.024128386485101,58.87504997,190206011805
-1,Cook_Inlet_75005300005769,6.711436205864860,1099.90010005,190206011503
-1,Cook_Inlet_75005300025122,6.616064883408991,993.53582497,190206011502
-1,Cook_Inlet_75005300022619,0.078578378352389,184.19447516,190206011205
-1,Cook_Inlet_75005300007510,0.026252980836950,342.7193002,190206011703
-1,Cook_Inlet_75005300003524,1.323501491015560,45.34979973,190206011902
-1,Cook_Inlet_75005300007548,9.113051341866605,2190.80925207,190206010407
-1,Cook_Inlet_75005300029847,59.632614991070916,100.00222521,190206010302
-1,Cook_Inlet_75005300010957,32.962727601080999,110.73299987,190206010403
-1,Cook_Inlet_75005300005137,21.981654011013529,74.21359997,190206011306
-1,Cook_Inlet_75005300007345,0.159595752886810,59.69620004,190206011901
-1,Cook_Inlet_75005300030350,17.109762219198998,59.82982492,190206011801
-1,Cook_Inlet_75005300029149,0.068495886995107,893.68507549,190206011505
-1,Cook_Inlet_75005300011447,9.002695986799450,50.5967749,190206010408
-1,Cook_Inlet_75005300008746,0.821604299993578,114.61640062,190206012003
-1,Cook_Inlet_75005300015680,73.741386054432795,376.97300026,190206010603
-1,Cook_Inlet_75005300010866,31.869846728431977,33.14467497,190206010205
-1,Cook_Inlet_75005300003369,34.707415290247404,1703.68892689,190206010401
-1,Cook_Inlet_75005300018781,36.201512467239752,545.39767548,190206010206
-1,Cook_Inlet_75005300000657,68.939159288147337,51.21239994,190206010902
-1,Cook_Inlet_75005300000447,68.089374368434520,1204.41664997,190206011001
-1,Cook_Inlet_75005300026448,34.608263586715054,32.60042493,190206010402
-1,Cook_Inlet_75005300013111,0.329881366359578,1301.16077556,190206011507
-1,Cook_Inlet_75005300019334,35.994460023302572,30.08830023,190206010204
-1,Cook_Inlet_75005300021072,14.043961465465619,110.14679998,190206011501
-1,Cook_Inlet_75005300026727,27.092876245913750,54.16982495,190206011701
-1,Cook_Inlet_75005300017436,32.421991004156226,100.334025,190206011201
-1,Cook_Inlet_75005300022990,0.677881882690987,26.04737499,190206011904
-1,Cook_Inlet_75005300007284,0.454146521978689,375.40665008,190206011806
-1,Cook_Inlet_75005300027433,65.966996928763010,639.41999947,190206010805
-1,Cook_Inlet_75005300000003,76.195530276920039,139.70382532,190206010602
-1,Cook_Inlet_75005300011441,9.261040191436772,278.24790021,190206011804
-1,Cook_Inlet_75005300030510,22.521341299192610,141.5550501,190206010406
-1,Cook_Inlet_75005300004529,30.082355023153347,537.88737522,190206011305
-1,Cook_Inlet_75005300012067,70.009836857999247,96.68960039,190206010901
-1,Cook_Inlet_75005300001645,0.194857239771934,841.31732531,190206011608
-1,Cook_Inlet_75005300003835,16.157387028331158,94.83942525,190206011802
-1,Cook_Inlet_75005300022240,17.116974745448626,75.31667484,190206011204
-1,Cook_Inlet_75005300016380,54.194358772012620,308.90557547,190206010904
-1,Cook_Inlet_75005300024421,16.427160131165468,52.32262504,190206011506
-1,Cook_Inlet_75005400007190,0.014745099524147,525.39975008,190206020806
-1,Cook_Inlet_75005400045669,12.829540325916676,42.49182519,190206020602
-1,Cook_Inlet_75005400041013,10.908763152460834,358.35257505,190206020203
-1,Cook_Inlet_75005400028381,12.246952749896378,78.10897494,190206020202
-1,Cook_Inlet_75005400046318,12.180134928324478,220.44059995,190206020201
-1,Cook_Inlet_75005400035306,0.081118560892897,664.01320014,190206020206
-1,Cook_Inlet_75005400015980,0.417945481887473,46.38675015,190206020702
-1,Cook_Inlet_75005400021301,0.269241074790848,32.54955007,190206020715
-1,Cook_Inlet_75005400018796,23.276036409869185,68.38492516,190206021103
-1,Cook_Inlet_75005400039351,0.012371409703859,24.85484983,190206021309
-1,Cook_Inlet_75005400020381,0.862228648830877,29.69722514,190206020712
-1,Cook_Inlet_75005400000005,0.894917534157228,237.60142506,190206020403
-1,Cook_Inlet_75005400033392,0.046961848012377,24.13412515,190206020709
-1,Cook_Inlet_75005400039793,11.032404553592379,211.06135021,190206020604
-1,Cook_Inlet_75005400021124,0.059215176207726,25.28452507,190206020713
-1,Cook_Inlet_75005400027027,0.266996621743326,12.27302487,190206020711
-1,Cook_Inlet_75005400034641,0.379673921459477,75.26242506,190206020508
-1,Cook_Inlet_75005400020823,0.368181367615034,79.96625015,190206021307
-1,Cook_Inlet_75005400022563,0.115990600718444,149.47202495,190206020308
-1,Cook_Inlet_75005400040621,0.194620382211301,52.34165021,190206020503
-1,Cook_Inlet_75005400017221,0.099144136728268,29.54852503,190206020504
-1,Cook_Inlet_75005400045707,0.393351734051003,43.50467495,190206020706
-1,Cook_Inlet_75005400007537,0.166414277774482,70.04632492,190206021206
-1,Cook_Inlet_75005400010388,0.205298227302304,50.35807509,190206020705
-1,Cook_Inlet_75005400012302,16.577098664053320,110.24065003,190206021004
-1,Cook_Inlet_75005400001553,1.017321559317037,505.23002494,190206021005
-1,Cook_Inlet_75005400032742,10.031648848450548,183.05945063,190206021305
-1,Cook_Inlet_75005400041329,9.032670350793843,63.9047501,190206020102
-1,Cook_Inlet_75005400037138,0.224870987168454,85.9664752,190206021204
-1,Cook_Inlet_75005400018836,0.386471243580855,284.58860053,190206020903
-1,Cook_Inlet_75005400031072,4.395735988701164,37.94269987,190206021108
-1,Cook_Inlet_75005400039143,0.046033907533065,599.95627588,190206021308
-1,Cook_Inlet_75005400023457,9.059965154338856,89.89349994,190206020605
-1,Cook_Inlet_75005400038974,0.112701839224322,47.02477503,190206020710
-1,Cook_Inlet_75005400007435,0.518830271606525,827.6484508,190206021109
-1,Cook_Inlet_75005400028287,0.180341199644857,619.08770013,190206020306
-1,Cook_Inlet_75005400040964,11.575988452744099,188.30765019,190206020205
-1,Cook_Inlet_75005400039366,0.209105257096817,47.63195005,190206020708
-1,Cook_Inlet_75005400016209,0.341293979030421,388.62384994,190206020606
-1,Cook_Inlet_75005400001690,0.090244806832314,15.79855004,190206021205
-1,Cook_Inlet_75005400029139,0.436301358340356,29.47359998,190206020509
-1,Cook_Inlet_75005400019698,0.502236993363540,42.19279998,190206021203
-1,Cook_Inlet_75005400031128,0.506518763617917,26.75030009,190206021207
-1,Cook_Inlet_75005400023424,0.114188162250600,19.55690009,190206020502
-1,Cook_Inlet_75005400010358,0.350195848752536,40.20387521,190206020703
-1,Cook_Inlet_75005400047280,8.475745154905800,55.30257503,190206020101
-1,Cook_Inlet_75005400005771,0.562941755681868,169.74982502,190206020103
-1,Cook_Inlet_75005400029404,0.027044837823931,72.18982503,190206020501
-1,Cook_Inlet_75005400044807,0.338107928494189,31.35877506,190206021201
-1,Cook_Inlet_75005400011026,0.197402229856921,31.19147496,190206020510
-1,Cook_Inlet_75005400000004,2.629872037503029,97.40649994,190206020506
-1,Cook_Inlet_75005400001431,2.868524663432829,299.22289995,190206021003
-1,Cook_Inlet_75005400031008,14.834953864919273,249.79295027,190206021107
-1,Cook_Inlet_75005400024975,17.076772435053030,378.60155053,190206021104
-1,Cook_Inlet_75004500000122,0.297030352346624,32.10517501,190208000001
-1,Copper_River_75019800007852,225.811131566007788,71.44642488,190201011602
-1,Copper_River_75019800005498,224.456590177586577,244.65412515,190201011605
-1,Copper_River_75019800019853,237.957280576290373,287.50617509,190201010303
-1,Copper_River_75019800002596,237.376238406036521,94.15259998,190201010304
-1,Copper_River_75019800019678,238.992953551447499,126.02442517,190201010305
-1,Copper_River_75019800011243,225.097590129765223,69.128875,190201011103
-1,Copper_River_75019800002398,238.211267726135503,118.23062493,190201010308
-1,Copper_River_75019800019142,235.549058320133696,610.76972516,190201010306
-1,Copper_River_75019800006279,224.852041144607227,116.35125,190201011102
-1,Copper_River_75019800018811,207.773618865199182,478.96257503,190201011603
-1,Copper_River_75019800009655,232.188901608394275,949.51065004,190201010310
-1,Copper_River_75019800010136,216.112045173509529,166.10929995,190201010408
-1,Copper_River_75019800019137,205.518244832082956,185.22862506,190201010702
-1,Copper_River_75019800002519,231.233492359471143,106.22812494,190201010401
-1,Copper_River_75019800019218,210.911459734779982,323.34739985,190201011104
-1,Copper_River_75019800010922,201.366715933127949,647.99557509,190201011604
-1,Copper_River_75019800001400,197.997099238022088,706.06147522,190201011608
-1,Copper_River_75019800006994,205.210103642499575,396.55094983,190201011105
-1,Copper_River_75019800020572,202.351063610417953,936.64109987,190201011206
-1,Copper_River_75019800009573,218.900919860063539,68.60252499,190201010405
-1,Copper_River_75019800000761,211.744413999372824,68.41770016,190201010205
-1,Copper_River_75019800011692,220.095089571780335,186.59337503,190201010403
-1,Copper_River_75019800009388,213.897441536413311,1777.14367495,190201010407
-1,Copper_River_75019800010526,216.957689589801959,141.51235008,190201010404
-1,Copper_River_75019800000955,212.411481549259065,1973.23652464,190201010805
-1,Copper_River_75019800000599,207.761871003888473,523.81250011,190201010505
-1,Copper_River_75019800015373,201.780340762840666,4387.41949967,190201010806
-1,Copper_River_75019800011462,208.140782068600146,465.57515014,190201010504
-1,Copper_River_75019800010313,211.560640360418404,562.02095001,190201010206
-1,Copper_River_75019800000972,196.075034519412810,312.32860002,190201010603
-1,Copper_River_75019800020292,195.731927025800729,316.08227518,190201010703
-1,Copper_River_75019800015447,195.318746193798603,4784.85474953,190201010808
-1,Copper_River_75019800009321,181.930147940366140,152.79417495,190201011704
-1,Copper_River_75019800011612,185.394372331977451,894.59705022,190201011703
-1,Copper_River_75019800001873,210.748617216650786,1331.34319979,190201010804
-1,Copper_River_75019800020803,187.605120063951858,54.53875007,190201010809
-1,Copper_River_75019800015952,186.256862446210874,275.9030996,190201010903
-1,Copper_River_75019800000911,185.443503352061043,5533.13312434,190201010807
-1,Copper_River_75019800020746,184.341532704301017,447.11147498,190201011303
-1,Copper_River_75019800018104,184.694191070731506,1542.90029959,190201011208
-1,Copper_River_75019800000492,176.339792260213471,248.51177496,190201011705
-1,Copper_River_75019800017508,214.070468514902558,342.89642478,190201010204
-1,Copper_River_75019800003840,168.059529118463928,1272.83277522,190201011708
-1,Copper_River_75019800011423,198.755510464917506,118.60487494,190201010803
-1,Copper_River_75019800016364,169.337748030569600,7678.70797405,190201011802
-1,Copper_River_75019800020900,165.156114275887063,308.4089001,190201011806
-1,Copper_River_75019800011406,166.709264042435876,160.15817504,190201011805
-1,Copper_River_75019800012527,155.224225746229450,341.41329995,190201011403
-1,Copper_River_75019800007832,155.559944193484029,8451.17709894,190201011809
-1,Copper_River_75019800001032,148.316516473713307,8857.45779898,190201011811
-1,Copper_River_75019800011978,139.975614400726300,1623.7147753,190201011707
-1,Copper_River_75019800000182,130.545002426725546,11660.06929919,190201011810
-1,Copper_River_75019600181061,230.309703046962738,99.57427492,190201023001
-1,Copper_River_75019600185154,223.312730249708636,195.59107507,190201023002
-1,Copper_River_75019600118290,210.726524366275243,326.48852495,190201023003
-1,Copper_River_75019600132667,199.952043505555309,72.87904991,190201020103
-1,Copper_River_75019600164515,199.777000949099403,253.68687485,190201020104
-1,Copper_River_75019600132017,199.747308554596458,148.51082501,190201020105
-1,Copper_River_75019600178680,198.282907172300582,59.61262483,190201020102
-1,Copper_River_75019600118006,194.040074229834971,522.64929993,190201023005
-1,Copper_River_75019600120044,193.492198032820767,623.99937468,190201020106
-1,Copper_River_75019600201125,189.151710142007744,106.63989996,190201023101
-1,Copper_River_75019600169875,184.774408578541909,68.93007502,190201023302
-1,Copper_River_75019600118106,178.974375683989251,1358.35884968,190201023102
-1,Copper_River_75019600128838,174.682899706216034,70.491025,190201023201
-1,Copper_River_75019600119982,174.931719669957999,70.05574987,190201023203
-1,Copper_River_75019600143415,174.224305784522244,165.94239989,190201023202
-1,Copper_River_75019600187749,175.589639020915939,102.46430018,190201023204
-1,Copper_River_75019600164666,169.689333726385712,129.27624992,190201023301
-1,Copper_River_75019600151382,168.388266444239264,566.58852483,190201020304
-1,Copper_River_75019600201122,169.277745277728997,194.84192495,190201023104
-1,Copper_River_75019600199134,168.311573393453784,1033.4879249,190201023206
-1,Copper_River_75019600201378,168.988527453886263,184.06885007,190201023303
-1,Copper_River_75019600187873,164.278826434677086,1681.20694962,190201023105
-1,Copper_River_75019600117650,164.120790037363093,2548.29502432,190201023305
-1,Copper_River_75019600187874,163.457091608291250,1549.42242472,190201023304
-1,Copper_River_75019600165863,163.135095795640211,878.05892455,190201020408
-1,Copper_River_75019600157893,160.176172291668195,202.47252496,190201020603
-1,Copper_River_75019600118255,160.479463440941998,4347.39159885,190201020601
-1,Copper_River_75019600145942,156.281507059437871,67.14574989,190201020604
-1,Copper_River_75019600179413,148.809611121634390,74.89897494,190201020608
-1,Copper_River_75019600145695,148.679320524852301,38.45377491,190201020605
-1,Copper_River_75019600118256,147.818932364112783,4763.41632356,190201020609
-1,Copper_River_75019600148826,142.534078011436094,362.20759955,190201020403
-1,Copper_River_75019600113018,133.592383968525297,100.85315005,190201020607
-1,Copper_River_75019600118266,130.239784638241986,5014.9467985,190201020606
-1,Copper_River_75019600201412,122.067621860775375,16762.57219776,190201023401
-1,Copper_River_75019600198826,120.892511837876356,101.14784998,190201023405
-1,Copper_River_75019600200372,113.570953965946273,732.98767455,190201021506
-1,Copper_River_75019600198311,108.298341459685858,176.49434995,190201021605
-1,Copper_River_75019600118127,109.297776208363771,294.47977493,190201021102
-1,Copper_River_75019600130710,112.423528767805664,5916.8111219,190201021606
-1,Copper_River_75019600133513,111.627283226220527,265.64810006,190201021610
-1,Copper_River_75019600117903,112.212912247286297,17261.2673228,190201023406
-1,Copper_River_75019600198206,105.952084691949736,88.79725004,190201021603
-1,Copper_River_75019600181619,106.685768003641087,5554.62029698,190201021602
-1,Copper_River_75019600132159,105.138312576861054,563.1422496,190201021405
-1,Copper_River_75019600131315,103.330254395614361,131.39452505,190201021609
-1,Copper_River_75019600143036,98.974389990589245,48.58917511,190201021107
-1,Copper_River_75019600161870,107.199304630546891,384.33172501,190201021706
-1,Copper_River_75019600198321,106.014032589324231,99.60510011,190201023407
-1,Copper_River_75019600128647,105.993058689416145,24796.69359436,190201023408
-1,Copper_River_75019600176914,98.277840980980585,4766.15569719,190201021304
-1,Copper_River_75019600181506,105.836283515928628,2263.41917464,190201022104
-1,Copper_River_75019600133523,93.033604393995631,320.20424992,190201021204
-1,Copper_River_75019600189072,90.980648316559638,615.00639986,190201021108
-1,Copper_River_75019600129012,101.793399372895934,27168.88981905,190201024201
-1,Copper_River_75019600128599,101.948417099024923,27220.03406901,190201024202
-1,Copper_River_75019600117722,100.973134025009671,27493.83239402,190201022304
-1,Copper_River_75019600181391,84.242360081900429,2134.22734982,190201022103
-1,Copper_River_75019600119089,77.836158582365655,149.24097506,190201022001
-1,Copper_River_75019600119714,76.922047804673284,220.4201749,190201021203
-1,Copper_River_75019600196827,78.089073456087448,1781.70677499,190201022006
-1,Copper_River_75019600120847,106.741715604624602,270.02332482,190201022503
-1,Copper_River_75019600195594,96.880036846361534,297.38775,190201023803
-1,Copper_River_75019600123866,95.886190877299114,1647.18244979,190201023906
-1,Copper_River_75019600198308,75.214118213951949,210.79532485,190201022102
-1,Copper_River_75019600119075,69.533104045748516,329.22995004,190201022003
-1,Copper_River_75019600174820,73.401678577970401,145.75620003,190201022005
-1,Copper_River_75019600198550,90.303432919504985,132.25290018,190201023905
-1,Copper_River_75019600175832,101.290078961705021,2088.17479971,190201023907
-1,Copper_River_75019600119614,69.006977173348076,42.153675,190201022002
-1,Copper_River_75019600158025,105.255342637889072,2160.8682498,190201023908
-1,Copper_River_75019600132577,83.869587372145048,184.70684991,190201023904
-1,Copper_River_75019600117719,110.791043086980054,31417.59056857,190201024207
-1,Copper_River_75019600196840,83.519944462871962,1100.00889982,190201023706
-1,Copper_River_75019600119855,84.057528673620382,168.87049988,190201023902
-1,Copper_River_75019600181326,62.686415689942990,46.84565004,190201021202
-1,Copper_River_75019600153899,78.776279188577860,232.77557494,190201023705
-1,Copper_River_75019600118512,111.506213299415521,1143.26102509,190201024112
-1,Copper_River_75019600169606,109.080713265450981,32743.75004372,190201024208
-1,Copper_River_75019600118417,61.365524076121474,98.44659992,190201022101
-1,Copper_River_75019600174661,54.237861876227775,571.9776498,190201021805
-1,Copper_River_75019600197033,53.419372312940411,303.79544999,190201021904
-1,Copper_River_75019600130754,68.961620529281802,759.28324985,190201023702
-1,Copper_River_75019600130736,49.580646663358173,46.14152508,190201021903
-1,Copper_River_75019600133541,60.552344325785931,588.27522486,190201023606
-1,Copper_River_75019600112990,70.769313209320558,52.95729992,190201023704
-1,Copper_River_75019600179147,70.915263553972650,79.75422504,190201023703
-1,Copper_River_75019600197497,62.508104358217707,71.47800008,190201023701
-1,Copper_River_75019600131335,59.690760746483981,192.39309991,190201023605
-1,Copper_River_75019600133540,48.663507228784631,98.49437495,190201023604
-1,Copper_River_75019600128755,42.040166720948044,289.2913499,190201021802
-1,Copper_River_75019600117697,111.063425886641326,6994.31614635,190201021608
-1,Copper_River_75019600198047,41.914246039640453,189.87207491,190201021804
-1,Copper_River_75019600198622,52.584707294550810,238.28287497,190201023602
-1,Copper_River_75019600195238,106.871495642749238,29070.56079374,190201024205
-1,Copper_River_75019600114066,103.331384428758355,28051.79449388,190201024203
-1,Copper_River_75019700010639,141.614133278504625,2498.98932487,190201032208
-1,Copper_River_75019700005134,119.805754745610372,768.48582497,190201032608
-1,Copper_River_75019700002595,110.552624180183884,135.26115006,190201032503
-1,Copper_River_75019700004190,136.914761708749921,370.4715001,190201032306
-1,Copper_River_75019700001476,144.640284079361237,63.49859996,190201032303
-1,Copper_River_75019700003218,120.218975278381265,85.74997499,190201032703
-1,Copper_River_75019700017807,92.329048616027734,3269.08850022,190201031402
-1,Copper_River_75019700004810,130.935355849619356,9818.89622511,190201031605
-1,Copper_River_75019700010439,148.120690467815450,210.67072486,190201032109
-1,Copper_River_75019700002996,117.421801665035687,16219.03464973,190201032705
-1,Copper_River_75019700016379,87.665436847937542,362.77217496,190201031305
-1,Copper_River_75019700010575,108.564508337484398,4262.20944986,190201031601
-1,Copper_River_75019700002919,121.355737997255076,3751.11210027,190201031407
-1,Copper_River_75019700000617,147.706855514673180,55.65477492,190201032305
-1,Copper_River_75019700004212,119.697038717436001,221.69260007,190201031504
-1,Copper_River_75019700000332,123.458447498104576,89.72754997,190201032607
-1,Copper_River_75019700001727,104.842979670192094,539.31287512,190201032507
-1,Copper_River_75019700001794,128.863434312422442,141.76479996,190201032401
-1,Copper_River_75019700004866,137.968496581110628,914.26192493,190201031509
-1,Copper_River_75019700017989,121.038055452686748,15605.53832489,190201032702
-1,Copper_River_75019700004684,124.266586636322870,5928.59439985,190201031604
-1,Copper_River_75019700016412,88.949952700636430,144.73750013,190201031304
-1,Copper_River_75019700005989,140.456227725401703,80.48622502,190201032206
-1,Copper_River_75019700017829,101.800961207725436,3447.65822521,190201031404
-1,Copper_River_75019700005942,126.873994274320907,55.92997498,190201032307
-1,Copper_River_75019700000923,110.130331321697454,59.246825,190201032505
-1,Copper_River_75019700010633,143.760239145009479,972.10664998,190201032110
-1,Copper_River_75019700010631,143.469755782090743,2893.27032475,190201032209
-1,Copper_River_75019700010617,117.993579153674801,17189.65957503,190201032706
-1,Copper_River_75019700003861,139.595460805056803,3954.27894989,190201032210
-1,Copper_River_75019700007155,140.700574419023411,119.35912505,190201032207
-1,Copper_River_75019700003629,122.039580463712014,345.40897485,190201032403
-1,Copper_River_75019700002476,88.241157452961886,596.46585019,190201031306
-1,Copper_River_75019700003637,128.314731268544421,142.36449993,190201032402
-1,Copper_River_75019700004288,120.575257951226405,173.18142512,190201031502
-1,Copper_River_75019700017110,137.701019279082345,10883.91512499,190201031607
-1,Copper_River_75019700005921,124.727405923736342,492.50320005,190201032308
-1,Copper_River_75019700001655,140.561077782835724,291.02689993,190201032003
-1,Copper_River_75019700006876,112.469503875764673,5503.6513499,190201031602
-1,Copper_River_75019700012433,115.992324113179237,859.27792515,190201032508
-1,Copper_River_75019700017973,109.256872747309714,18133.22554979,190201032708
-1,Copper_River_75019700003395,110.279862998899887,91.25515,190201031406
-1,Copper_River_75019700010666,151.090332090674394,1521.77382482,190201032203
-1,Copper_River_75019700006226,146.227408499231188,245.14910019,190201032304
-1,Copper_River_75019700004138,118.804242322696282,138.35459996,190201031503
-1,Copper_River_75019700001722,110.337291283174551,3580.33590028,190201031405
-1,Copper_River_75003900048794,103.516179837045470,120.35374992,190201040101
-1,Copper_River_75003900062340,102.653199866804499,51118.89261834,190201040102
-1,Copper_River_75003900056636,100.983122020877360,96.53090009,190201040103
-1,Copper_River_75003900057331,87.556926011909013,192.01432495,190201040107
-1,Copper_River_75003900016668,85.579490484805589,51805.54319362,190201040108
-1,Copper_River_75003900048516,74.018730502566825,1186.78212479,190201040308
-1,Copper_River_75003900057747,74.877967677693988,51939.28406853,190201040109
-1,Copper_River_75003900057793,65.941318130668577,53320.82931829,190201040402
-1,Copper_River_75003900048464,62.494535763430989,118.88560014,190201040403
-1,Copper_River_75003900024361,70.799066599019071,496.13024994,190201040907
-1,Copper_River_75003900057854,70.863547421978325,1906.56904972,190201040901
-1,Copper_River_75003900073407,61.351452172746107,53565.10996836,190201040404
-1,Copper_River_75003900012034,56.469740065627107,54685.57746724,190201041202
-1,Copper_River_75003900057655,82.912197929934209,559.39157468,190201040605
-1,Copper_River_75003900057643,72.543166902289101,1301.4024996,190201040708
-1,Copper_River_75003900070258,54.486803838870195,23.67504989,190201040509
-1,Copper_River_75003900008418,48.662433026621947,530.6315744,190201040505
-1,Copper_River_75003900073776,46.876445911656830,190.8946248,190201040511
-1,Copper_River_75003900034254,56.105756839214060,987.68019889,190201040510
-1,Copper_River_75003900016354,59.164829474376724,2655.72817452,190201040909
-1,Copper_River_75003900008591,57.206198819852148,101.25082487,190201040910
-1,Copper_River_75003900066004,54.635730225708272,145.51794997,190201041201
-1,Copper_River_75003900073175,51.567331794850489,2773.98339943,190201040911
-1,Copper_River_75003900016860,49.626435755587295,54955.06756725,190201041203
-1,Copper_River_75003900055094,43.539883235640659,58237.91444127,190201041204
-1,Copper_River_75003900065861,31.111325142976423,42.65614974,190201041210
-1,Copper_River_75003900033566,27.482957175887375,59525.14924082,190201041207
-1,Copper_River_75003900051393,14.964007906439528,29.74422503,190201041702
-1,Copper_River_75003900034040,13.759829564580878,46.22849994,190201041707
-1,Copper_River_75003900043332,24.273248086407992,379.7433249,190201041403
-1,Copper_River_75003900054756,3.799434017398930,111.15244952,190201041604
-1,Copper_River_75003900049180,7.302807693968056,938.64827422,190201041903
-1,Copper_River_75003900051444,15.023648299764712,519.45584943,190201041904
-1,Copper_River_75003900034359,0.066392496155855,270.84089995,190201041503
-1,Copper_River_75003900023132,0.791514202396961,62.40397493,190201041706
-1,Copper_River_75003900055885,0.412206088271480,331.40942445,190201041605
-1,Copper_River_75003900033530,0.101921339641225,63.38849991,190201041708
-1,Copper_River_75003900038747,8.377296311104116,81.09059965,190201041906
-1,Copper_River_75003900055856,2.077068516877710,713.49932439,190201041905
-1,Copper_River_75003900054248,0.144284721243623,10.11509995,190201041606
-1,Copper_River_75003900084262,1.017697158544788,60857.08446495,190201041705
-1,Copper_River_75003900023129,1.122178125264276,138.37784961,190201041907
-1,Copper_River_75003900055093,0.405856998700451,7.04737505,190201041805
-1,Copper_River_75003900043422,0.236359754013400,2.38337502,190201041710
-1,Copper_River_75003900044867,0.089295735243510,46.95950003,190201042001
-1,Copper_River_75003900055526,0.500157418530514,16.87922502,190201041804
-1,Copper_River_75003900029086,0.389317624700043,19.47842491,190201042003
-1,Copper_River_75003900044552,0.355272860658398,12.15134995,190201041803
-1,Copper_River_75003900054944,0.063386630692050,8.75949999,190201041807
-1,Copper_River_75003900029096,0.007898740481185,17.88250003,190201042002
-1,Copper_River_75003900047600,4.251111204164644,54.49139971,190201041603
-1,Prince_William_Sound_3038,0.863675297137413,32.4184,190202030409
-1,Prince_William_Sound_13227,0.224394049102986,1.3077,190202030302
-1,Prince_William_Sound_17027,0.452141249824204,3.7593,190202030306
-1,Prince_William_Sound_17697,0.319725675227718,9.2144,190202030304
-1,Prince_William_Sound_18357,0.596034153729433,20.2362,190202030407
-1,Prince_William_Sound_18547,0.645013862776962,24.2731,190202030408
-1,Prince_William_Sound_18737,0.224239470609734,64.8968,190202030701
-1,Prince_William_Sound_18747,0.002502352247293,65.0237,190202030702
-1,Prince_William_Sound_22134,0.419647358895715,1.7625,190202030201
-1,Prince_William_Sound_23854,0.085605821390019,1.5443,190202030202
-1,Prince_William_Sound_25516,0.276613240161651,2.9577,190202030303
-1,Prince_William_Sound_26246,0.519550661019243,1.7597,190202030305
-1,Prince_William_Sound_26334,0.093611461627450,5.3821,190202011606
-1,Prince_William_Sound_27856,0.042656545605597,4.6787,190202030209
-1,Prince_William_Sound_28576,0.569082516884944,6.3721,190202012507
-1,Prince_William_Sound_29954,0.131431930665557,14.5472,190202030101
-1,Prince_William_Sound_30084,0.107808874704024,21.6865,190202012104
-1,Prince_William_Sound_30114,0.008006166852113,22.1719,190202012309
-1,Prince_William_Sound_30596,0.016200383699549,9.0995,190202030301
-1,Prince_William_Sound_30774,0.136493144454726,15.2575,190202012510
-1,Prince_William_Sound_30886,0.225399594377325,9.1735,190202030406
-1,Prince_William_Sound_30934,0.277605256978297,11.5835,190202030102
-1,Prince_William_Sound_31226,0.420311728917880,19.665,190202030405
-1,Prince_William_Sound_31916,0.261687105162510,45.082,190202012506
-1,Prince_William_Sound_32766,0.183283693390861,6.3279,190202030502
-1,Prince_William_Sound_33106,0.189382466681217,31.1397,190202030503
-1,Prince_William_Sound_33396,0.119044356767015,80.8966,190202012504
-1,Prince_William_Sound_33616,0.347869821206722,322.106592,190202012505
-1,Prince_William_Sound_34003,0.218577831532459,1.855,190202011603
-1,Prince_William_Sound_34455,0.223544492525128,2.4032,190202030208
-1,Prince_William_Sound_37373,0.067309121401618,3.0115,190202010303
-1,Prince_William_Sound_37815,0.580634281551771,5.267,190202030206
-1,Prince_William_Sound_38615,0.095946982362035,4.2664,190202030203
-1,Prince_William_Sound_39065,0.066610385678221,4.5369,190202030204
-1,Prince_William_Sound_39565,0.014792756065566,5.5293,190202012308
-1,Prince_William_Sound_40615,0.287639710750412,6.4565,190202030205
-1,Prince_William_Sound_40743,0.005928142033658,6.6066,190202011604
-1,Prince_William_Sound_41123,0.249771273375057,8.0354,190202010603
-1,Prince_William_Sound_41143,0.022094784128687,8.9259,190202011201
-1,Prince_William_Sound_41515,0.166972062542418,5.3125,190202030404
-1,Prince_William_Sound_41525,0.150740041401508,8.263,190202012511
-1,Prince_William_Sound_41963,0.468219355399945,6.1698,190202012103
-1,Prince_William_Sound_41995,0.393007992027842,8.1171,190202030401
-1,Prince_William_Sound_42005,0.189069335225344,11.6295,190202012306
-1,Prince_William_Sound_42455,0.272947756002264,13.1844,190202012502
-1,Prince_William_Sound_42595,0.231188715787367,18.776,190202012310
-1,Prince_William_Sound_43085,0.911397200093046,22.5447,190202012509
-1,Prince_William_Sound_43125,0.008642527821418,24.0271,190202030104
-1,Prince_William_Sound_43195,0.134897212455833,11.9095,190202030105
-1,Prince_William_Sound_43255,0.046298826711851,23.9886,190202012508
-1,Prince_William_Sound_43473,0.182231611158408,14.438,190202010604
-1,Prince_William_Sound_43513,0.088058970161077,26.3781,190202010602
-1,Prince_William_Sound_43535,0.018905111613138,32.8759,190202012307
-1,Prince_William_Sound_43705,0.290283234604757,33.5431,190202012501
-1,Prince_William_Sound_43793,0.018227628553086,29.286,190202010601
-1,Prince_William_Sound_43933,0.332446680052854,32.3574,190202010401
-1,Prince_William_Sound_44113,0.138584332989882,17.0476,190202010402
-1,Prince_William_Sound_44273,0.540199295247390,31.3133,190202011605
-1,Prince_William_Sound_44503,0.633550666855212,23.8991,190202010302
-1,Prince_William_Sound_44545,0.185416183074992,11.8515,190202030402
-1,Prince_William_Sound_44595,0.317919479545104,6.686,190202030403
-1,Prince_William_Sound_44605,0.105018402163517,6.2769,190202030207
-1,Prince_William_Sound_44633,0.220756000190322,50.5649,190202012102
-1,Prince_William_Sound_44663,0.005540408303359,38.1702,190202012002
-1,Prince_William_Sound_45473,0.002557717937642,19.1553,190202010705
-1,Prince_William_Sound_45835,0.040680056876910,148.319104,190202012301
-1,Prince_William_Sound_45863,0.116641599486396,95.7546,190202010301
-1,Prince_William_Sound_45915,0.006089116584002,332.860704,190202012204
-1,Prince_William_Sound_45925,0.261974530020428,333.025088,190202012304
-1,Prince_William_Sound_46065,0.026725873942627,10.9568,190202030103
-1,Prince_William_Sound_46103,1.154715761607442,258.1904,190202010503
-1,Prince_William_Sound_46293,10.040199833184269,188.085696,190202010102
-1,Prince_William_Sound_46483,0.723757154968624,433.004512,190202010105
-1,Prince_William_Sound_46513,0.579657666635042,472.548512,190202010200
-1,Prince_William_Sound_46613,0.021281134080171,36.2177,190202012001
-1,Prince_William_Sound_46623,0.002580573186984,36.561,190202012003
-1,Prince_William_Sound_62232,0.005541271342922,3.2842,190202011404
-1,Prince_William_Sound_64192,0.278887372018950,4.24,190202011403
-1,Prince_William_Sound_66912,0.341735796057243,4.6332,190202011202
-1,Prince_William_Sound_67552,0.505877124411768,5.7146,190202011110
-1,Prince_William_Sound_70762,0.014532409611964,8.5884,190202011308
-1,Prince_William_Sound_71952,0.116952836422732,17.3569,190202011602
-1,Prince_William_Sound_72402,0.145058737294403,20.2587,190202012105
-1,Prince_William_Sound_72972,0.082386633412407,13.4276,190202010704
-1,Prince_William_Sound_74042,0.086821371071983,35.4452,190202011108
-1,Prince_William_Sound_74542,0.511566567434896,31.0978,190202011504
-1,Prince_William_Sound_74602,0.119473707196573,22.5926,190202011401
-1,Prince_William_Sound_75002,0.021201015764506,24.6524,190202011805
-1,Prince_William_Sound_75422,0.335121904598151,52.8372,190202010702
-1,Prince_William_Sound_75432,0.389335053420258,36.7788,190202011402
-1,Prince_William_Sound_76622,0.488186325255494,81.8158,190202010701
-1,Prince_William_Sound_76652,0.120932466682562,71.909,190202011107
-1,Prince_William_Sound_76692,0.430091608897810,72.721904,190202011109
-1,Prince_William_Sound_76812,0.185755128080101,76.878,190202011105
-1,Prince_William_Sound_77292,0.004770817205796,23.7548,190202010703
-1,Prince_William_Sound_77992,0.449013568022830,120.9778,190202011906
-1,Prince_William_Sound_78522,0.033164137195444,16.7006,190202012101
-1,Prince_William_Sound_79531,0.765009189787920,26.9605,190202011104
-1,Prince_William_Sound_79792,0.053353500167756,129.3462,190202011804
-1,Prince_William_Sound_79972,0.270323213327411,32.5337,190202011601
-1,Prince_William_Sound_80112,2.184653940001333,1280.731008,190202011307
-1,Prince_William_Sound_80272,0.272650117707447,85.028096,190202011503
-1,Prince_William_Sound_82471,3.465320517821579,33.3654,190202010804
-1,Prince_William_Sound_84641,0.399444177546297,153.008,190202011505
-1,Prince_William_Sound_86871,0.288805412947216,27.371,190202011106
-1,Prince_William_Sound_87851,0.216760485744418,51.0575,190202011101
-1,Prince_William_Sound_89681,0.006352677033773,232.069408,190202011103
-1,Prince_William_Sound_91741,17.543383783006124,572.85728,190202010906
-1,Prince_William_Sound_91751,17.338805006570993,574.793792,190202010905
-1,Prince_William_Sound_91921,12.177571342590126,739.347904,190202010907
-1,Prince_William_Sound_92151,0.047172212995662,920.540288,190202010908
-1,Prince_William_Sound_93261,0.020079942130130,117.1584,190202011102
