cat_ID_con,Latitude,Longitude
Cook_Inlet_75004200000901,60.2751498038011,-149.674870210256
Cook_Inlet_75004200001724,60.2366575681802,-149.653829532476
Cook_Inlet_75004200000437,59.9590952442236,-149.72256410387
Cook_Inlet_75004200001493,59.9838934723644,-149.02419058808
Cook_Inlet_75004200009084,60.1297906742084,-149.370884389626
Cook_Inlet_75004200003619,59.5507016725347,-150.647016127989
Cook_Inlet_75004200001047,59.5159244367328,-150.642359402504
Cook_Inlet_75004200016346,59.9057912942345,-149.56618192996
Cook_Inlet_75004200010717,59.6822402936343,-150.103750240026
Cook_Inlet_75004200010096,59.5286382950539,-150.4744258
Cook_Inlet_75004200003399,59.3556938066627,-150.860388650269
Cook_Inlet_75004200000722,60.0456853131112,-149.124986760914
Cook_Inlet_75004200000726,60.0317318237085,-148.531345581973
Cook_Inlet_75004200012986,59.6153904544014,-150.492674301075
Cook_Inlet_75004200008847,59.2774877612835,-150.965893726885
Cook_Inlet_75004200010465,59.1642207209163,-151.697139654512
Cook_Inlet_75004200014411,59.2477520231157,-151.45167355858
Cook_Inlet_75004200012680,60.0442834472289,-149.03379270726
Cook_Inlet_75004200000559,60.0050391798679,-148.473310096493
Cook_Inlet_75004200007843,59.8381403275067,-149.769418993064
Cook_Inlet_75004200009093,59.3119115177888,-151.341436089792
Cook_Inlet_75004200008970,59.7562652473313,-149.85427744243
Cook_Inlet_75004200005429,60.2662967398589,-149.692248108969
Cook_Inlet_75004200012771,59.2701434589674,-151.405617479173
Cook_Inlet_75004200012099,60.0689885698931,-149.031865097913
Cook_Inlet_75004200001003,59.5450693015339,-150.326050567845
Cook_Inlet_75004200000848,59.7765268058828,-149.906206646493
Cook_Inlet_75004200011012,59.9547040906473,-148.736569750205
Cook_Inlet_75004200006975,59.9411483703588,-148.669898542688
Cook_Inlet_75004200005415,60.2392678123641,-149.628158040491
Cook_Inlet_75004200000064,60.1352725173005,-149.401065524284
Cook_Inlet_75004200001191,59.2308965562478,-151.582660110134
Cook_Inlet_75004200001574,59.3906167439875,-150.633013527203
Cook_Inlet_75004200003989,60.1740473394637,-149.497584584506
Cook_Inlet_75004200002199,60.1254192548456,-149.380005831635
Cook_Inlet_75004200005203,60.0818933267477,-149.336511625286
Cook_Inlet_75004200001716,59.9445460160371,-149.518221421164
Cook_Inlet_75004200008853,59.3266427536352,-151.046336501599
Cook_Inlet_75004200008845,59.4346938239366,-150.737890280621
Cook_Inlet_75004200005283,59.9387354491185,-148.876398793245
Cook_Inlet_75004200005907,60.0154146385289,-149.287886816113
Cook_Inlet_75004300004332,60.0507569011508,-151.657980850288
Cook_Inlet_75004300005723,59.4059662828372,-151.277407485626
Cook_Inlet_75004300006970,59.8144540600706,-150.989616097502
Cook_Inlet_75004300002057,59.9900122409153,-150.760710621034
Cook_Inlet_75004300005518,59.9599736804218,-151.49152241064
Cook_Inlet_75004300004701,60.3035046895062,-151.261854650449
Cook_Inlet_75004300004365,60.0076374198295,-151.621691670056
Cook_Inlet_75004300006839,59.6825863571316,-151.117065521002
Cook_Inlet_75004300007978,59.7619779743894,-151.009421723954
Cook_Inlet_75004300007859,59.6574291317984,-151.137623326002
Cook_Inlet_75004300005004,59.7928297713585,-150.914655061716
Cook_Inlet_75004300005103,60.1567496884186,-150.691885778362
Cook_Inlet_75004300000311,59.7508510340302,-151.503623650237
Cook_Inlet_75004300008012,59.7650550745509,-150.959578670456
Cook_Inlet_75004300001135,59.3487518988843,-151.930715335376
Cook_Inlet_75004300007259,59.8864892722581,-151.788064578719
Cook_Inlet_75004300001162,59.7761012487472,-151.828220970747
Cook_Inlet_75004300002654,60.1595449075504,-151.308415475162
Cook_Inlet_75004300006302,59.3248782572435,-151.77913908235
Cook_Inlet_75004300002547,59.4352300640265,-151.414283319531
Cook_Inlet_75004300006726,59.5492625570038,-151.229942136404
Cook_Inlet_75004300003713,59.982053534692,-151.240699552393
Cook_Inlet_75004300002688,60.3858594925866,-151.276872984017
Cook_Inlet_75004300000754,60.2151784769595,-151.126183359637
Cook_Inlet_75004300003311,60.0003074289736,-151.651064824411
Cook_Inlet_75004300002834,60.238068968834,-151.166130252988
Cook_Inlet_75004300001258,60.0322897044698,-151.697921408681
Cook_Inlet_75004300007331,59.3883120270268,-151.684931355809
Cook_Inlet_75004300001638,59.5478208173114,-151.302377294934
Cook_Inlet_75004300002755,59.9928400587321,-151.231276456214
Cook_Inlet_75004300005625,59.6826923646166,-151.37104309819
Cook_Inlet_75004300006594,59.5421068221872,-151.371884645954
Cook_Inlet_75004300006376,59.7101461102052,-151.62979135996
Cook_Inlet_75004300004090,60.1215690670053,-150.604333504103
Cook_Inlet_75004300002183,59.2385457539926,-151.871361095136
Cook_Inlet_75004300006207,59.4023361604303,-151.651215598655
Cook_Inlet_75004300002023,59.8928707480231,-150.862186344679
Cook_Inlet_75004300004018,60.1462573963022,-150.909374078707
Cook_Inlet_75004300000582,60.3508560710175,-151.252911672371
Cook_Inlet_75004300005478,60.0568476409736,-151.545048472074
Cook_Inlet_75004300008120,60.2318450694533,-150.695923204526
Cook_Inlet_75004300000022,59.9596108271813,-150.70818372888
Cook_Inlet_75004300002181,59.4100693276512,-151.885482272701
Cook_Inlet_75004300002027,59.8895229316483,-150.852816467484
Cook_Inlet_75004300006012,60.1505848409615,-150.999117538658
Cook_Inlet_75004300002197,59.7770785865637,-151.863134021041
Cook_Inlet_75004300005952,59.7948978002785,-151.050318157934
Cook_Inlet_75004300001228,59.7989384260466,-151.735112636877
Cook_Inlet_75004300006149,60.1038298789992,-150.617246549546
Cook_Inlet_75004300004452,59.7567510210973,-151.508539982861
Cook_Inlet_75004300007473,59.6382572791232,-151.521897353233
Cook_Inlet_75004300004989,59.816547260379,-150.940305020496
Cook_Inlet_75004300004326,59.4736635582972,-151.644192068705
Cook_Inlet_75004300005307,59.2239879893387,-151.705996123761
Cook_Inlet_75004300005646,59.4608665486997,-151.330513557875
Cook_Inlet_75004300003251,59.3112248094422,-151.780545082244
Cook_Inlet_75004300006013,60.2917558373716,-150.983822902355
Cook_Inlet_75004400008879,60.5516619091782,-151.270481888847
Cook_Inlet_75004400008242,60.4570673109133,-149.349808518233
Cook_Inlet_75004400007224,60.817194006022,-148.987333885854
Cook_Inlet_75004400011230,60.274555532665,-149.341938688198
Cook_Inlet_75004400002953,60.7330092059929,-150.690656852188
Cook_Inlet_75004400001616,60.477899763172,-150.648355072111
Cook_Inlet_75004400000862,60.433059725105,-149.338804616743
Cook_Inlet_75004400007512,60.5388580795589,-150.755694269781
Cook_Inlet_75004400010175,60.8428360078917,-148.979792095172
Cook_Inlet_75004400006033,60.425729590334,-150.778794051511
Cook_Inlet_75004400006433,60.7505597963155,-149.708159060704
Cook_Inlet_75004400009198,60.6373913913701,-150.098868904136
Cook_Inlet_75004400010610,60.7299185081581,-150.26610866521
Cook_Inlet_75004400007465,60.7828085849138,-151.080075575456
Cook_Inlet_75004400001569,60.4988309009026,-150.81013752183
Cook_Inlet_75004400010402,60.6374411093618,-151.108077125688
Cook_Inlet_75004400004652,60.6671953810154,-150.505338795603
Cook_Inlet_75004400004450,60.6745235471435,-150.431857911613
Cook_Inlet_75004400006170,60.9293657434688,-150.244148624272
Cook_Inlet_75004400008856,60.4151017998561,-149.336224034184
Cook_Inlet_75004400004455,60.6846655767355,-150.171602745512
Cook_Inlet_75004400011676,60.8214883665388,-148.961081087603
Cook_Inlet_75004400010754,60.4852254225457,-149.9997245406
Cook_Inlet_75004400002950,60.4996975954725,-149.893433468077
Cook_Inlet_75004400001134,60.8780908335829,-149.161280187765
Cook_Inlet_75004400010270,60.9468488142944,-148.843707328485
Cook_Inlet_75004400004680,60.2420143800675,-150.357685847527
Cook_Inlet_75004400007830,60.9338182950749,-149.927203579763
Cook_Inlet_75004400001464,60.7258766050286,-149.277526778939
Cook_Inlet_75004400002279,60.8996248627853,-149.426355191728
Cook_Inlet_75004400003189,60.8549707396482,-150.50312369689
Cook_Inlet_75004400011320,60.7153186271954,-149.28643631626
Cook_Inlet_75004400005660,60.8466494305889,-149.058663415996
Cook_Inlet_75004400008899,60.5404553804784,-151.146967580397
Cook_Inlet_75004400001136,60.9367902456261,-149.171838621562
Cook_Inlet_75004400000334,60.4378487044276,-150.187833827459
Cook_Inlet_75004400010328,60.4813424816846,-149.850374266135
Cook_Inlet_75004400000370,60.4018029338643,-150.126088056531
Cook_Inlet_75004400003230,60.2608877162951,-150.356800070642
Cook_Inlet_75004400004743,60.9137490351383,-150.19664343293
Cook_Inlet_75004400005985,60.4805454334282,-151.021346511494
Cook_Inlet_75004400005909,60.5176134579156,-150.710231731468
Cook_Inlet_75004400009562,60.3829639389278,-149.515393873204
Cook_Inlet_75004400010320,60.4633640536054,-151.142126448911
Cook_Inlet_75004400004457,60.8188008331395,-150.043999901022
Cook_Inlet_75004400010352,60.8603460768799,-149.598219687222
Cook_Inlet_75004400010337,60.6248072727476,-150.585530971589
Cook_Inlet_75004400006692,60.9850844166003,-149.412456664161
Cook_Inlet_75004400005312,60.3366044840714,-149.35285247917
Cook_Inlet_75004400005924,60.8889305930479,-150.008853914752
Cook_Inlet_75004400011086,60.9919011805229,-149.484809274118
Cook_Inlet_75004400003768,60.7676500165135,-149.435743290337
Cook_Inlet_75004400011755,60.788738850119,-148.845481157595
Cook_Inlet_75004400008216,60.4133207177197,-149.364738947892
Cook_Inlet_75004400001652,60.4508386784347,-150.502453841419
Cook_Inlet_75004400010699,60.5452948073878,-150.100797560705
Cook_Inlet_75004400010221,60.9015009933214,-148.908534466934
Cook_Inlet_75004400003876,60.5363020431504,-149.323741610764
Cook_Inlet_75004400009792,60.2697833532266,-149.299341374783
Cook_Inlet_75004400001670,60.4048582495305,-150.463631981469
Cook_Inlet_75004400003165,60.3567417052529,-150.581445420356
Cook_Inlet_75004400000627,60.9187384266092,-149.64736050329
Cook_Inlet_75004400009412,60.4797662224341,-149.703431177616
Cook_Inlet_75004400005344,60.5391287898409,-149.323259677252
Cook_Inlet_75004400008192,60.7804019894685,-149.424938419812
Cook_Inlet_75004400002258,60.979522091485,-149.46308624544
Cook_Inlet_75004400010422,60.8023862030793,-151.018286611704
Cook_Inlet_75004400001443,60.8650833272409,-150.801061262157
Cook_Inlet_75004400001656,60.9940322064879,-150.507087943089
Cook_Inlet_75004400002041,60.4961018761228,-149.676190887404
Cook_Inlet_75004400011322,60.7142971691927,-149.270479595214
Cook_Inlet_75004400007550,60.6121423573206,-150.575408145561
Cook_Inlet_75004400004850,60.9120545901389,-149.983001519185
Cook_Inlet_75004400008859,60.763678115559,-150.675556051232
Cook_Inlet_75004400009331,60.4692263352415,-149.885678080914
Cook_Inlet_75004400000153,60.7113484298315,-150.854989467865
Cook_Inlet_75004400010386,60.5194548628517,-151.154350820461
Cook_Inlet_75004400009308,60.3693695607436,-149.894506074915
Cook_Inlet_75004400003815,60.3404754882757,-149.372823317648
Cook_Inlet_75004400007996,60.8348187275438,-149.62071760163
Cook_Inlet_75004400010639,60.4371017935619,-150.209100987122
Cook_Inlet_75004400001521,60.4828886293678,-151.058017923259
Cook_Inlet_75004400010351,60.5462944542267,-149.608579744597
Cook_Inlet_75004400004166,60.9153491846389,-149.076075948959
Cook_Inlet_75004400000141,60.8467654239551,-150.899276272275
Cook_Inlet_75004400002954,60.5979970477589,-150.667301341735
Cook_Inlet_75004400007686,60.778610714702,-150.184727694268
Cook_Inlet_75004400004707,60.7498431165899,-150.261077084602
Cook_Inlet_75004400007493,60.4919493448753,-150.862170079195
Cook_Inlet_75004400010627,60.7630161583046,-150.206663565885
Cook_Inlet_75004400004344,60.89397047443,-148.914258276419
Cook_Inlet_75004400004213,60.6892343992746,-149.038932624685
Cook_Inlet_75004400007351,60.9123499416727,-148.793109929334
Cook_Inlet_75004400002957,60.5900133339215,-150.570347996759
Cook_Inlet_75004400000171,60.9352113907657,-150.700212251713
Cook_Inlet_75000100004048,61.4609113748172,-149.404905083389
Cook_Inlet_75000100001396,61.2251504943725,-149.596196373035
Cook_Inlet_75000100001872,61.2080849413242,-149.924296326269
Cook_Inlet_75000100002482,61.2560197911261,-150.130975498713
Cook_Inlet_75000100004383,61.5390971175851,-149.841195629498
Cook_Inlet_75000100001880,61.1530711968319,-149.871330145691
Cook_Inlet_75000100002463,61.2472485287925,-149.814800465165
Cook_Inlet_75000100001262,61.5558609149239,-149.87708554609
Cook_Inlet_75000100003972,61.2953864115592,-149.472021786731
Cook_Inlet_75000100000252,61.4120538670064,-149.490880632241
Cook_Inlet_75000100003757,61.3753762718382,-149.887687366364
Cook_Inlet_75000100002688,61.3934270928705,-149.530016495345
Cook_Inlet_75000100001892,61.1716482642543,-149.826013252124
Cook_Inlet_75000100001538,61.5289168257531,-149.41609294763
Cook_Inlet_75000100001408,61.4978845320504,-149.593668914151
Cook_Inlet_75000100001685,61.1796565661949,-149.191177040221
Cook_Inlet_75000100004381,61.0777324342026,-149.826908509901
Cook_Inlet_75000100000652,61.4413931830248,-149.790064288531
Cook_Inlet_75000100003787,61.5617751431705,-149.784606422399
Cook_Inlet_75000100002741,61.2862514397414,-149.482335773514
Cook_Inlet_75000100003438,61.5133444784319,-149.344350453238
Cook_Inlet_75000100001315,61.3274960920348,-149.738611096218
Cook_Inlet_75000100000409,61.4799107290247,-149.254917276783
Cook_Inlet_75000100002858,61.2163246385783,-149.286457631259
Cook_Inlet_75000100000953,61.4395325338241,-149.358474393881
Cook_Inlet_75000100001864,61.1327312153365,-149.951708608329
Cook_Inlet_75000400003844,61.7874024420995,-147.653226975167
Cook_Inlet_75000400019561,61.7095889726622,-148.850619798254
Cook_Inlet_75000400036699,61.7842772493749,-147.999013687397
Cook_Inlet_75000400002218,61.7894486322961,-148.197998221319
Cook_Inlet_75000400033841,61.5476466935813,-148.915794471314
Cook_Inlet_75000400015018,61.2140736600381,-148.671300219263
Cook_Inlet_75000400019625,61.4328715782378,-148.812766509887
Cook_Inlet_75000400024876,61.4014403713634,-148.600454467901
Cook_Inlet_75000400014699,61.4933668269636,-148.828385862814
Cook_Inlet_75000400014408,61.459010939765,-148.772854332613
Cook_Inlet_75000400004841,61.4875866564576,-149.093161856325
Cook_Inlet_75000400004888,61.6557051722413,-149.030908513037
Cook_Inlet_75000400009917,61.4880417930487,-148.804175228777
Cook_Inlet_75000400034535,61.3250652350147,-148.633027900691
Cook_Inlet_75000400000017,61.4977534552106,-149.268328306687
Cook_Inlet_75000400028963,61.674371658587,-149.049979026853
Cook_Inlet_75000400000163,61.7045774844357,-148.952324171477
Cook_Inlet_75000400024863,61.7415502145919,-148.582727529273
Cook_Inlet_75000400010059,61.7395563708665,-148.72919729097
Cook_Inlet_75000400014878,61.728763973839,-148.738318718562
Cook_Inlet_75000400024244,61.5151690326872,-148.924640584596
Cook_Inlet_75000400009643,61.6818440661118,-149.043624368665
Cook_Inlet_75000400005921,61.7890242306356,-148.472076586852
Cook_Inlet_75000400001221,61.7878125569523,-148.440592972644
Cook_Inlet_75000400034853,61.7699521184031,-148.464538949425
Cook_Inlet_75000400035016,61.774232929241,-148.429550509681
Cook_Inlet_75000700031594,62.567248133893,-148.068190901807
Cook_Inlet_75000700038756,62.3446101612625,-150.145541908156
Cook_Inlet_75000700036533,62.7726818964335,-148.672236580464
Cook_Inlet_75000700036401,62.9509220684897,-149.100004410861
Cook_Inlet_75000700033509,62.3844951652573,-150.169726465398
Cook_Inlet_75000700031070,62.7914262602482,-149.151800540397
Cook_Inlet_75000700036133,62.4818387917189,-147.563850714879
Cook_Inlet_75000700036713,62.8275725985219,-148.251537700365
Cook_Inlet_75000700049611,62.8216794683957,-149.175132065561
Cook_Inlet_75000700036219,62.7159560179074,-149.811646642654
Cook_Inlet_75000700049477,62.7968427309974,-149.666113311143
Cook_Inlet_75000700036340,62.8009686514045,-149.288561732667
Cook_Inlet_75000700041984,62.8302625993448,-148.258487470907
Cook_Inlet_75000700044263,62.8294270989982,-149.378185511704
Cook_Inlet_75000700049829,62.7567697002121,-148.597376907952
Cook_Inlet_75000700049481,62.7851085276153,-149.652932409533
Cook_Inlet_75000700031053,62.9318298523893,-149.18580298267
Cook_Inlet_75000700036399,62.9559817368523,-149.119257649452
Cook_Inlet_75000700041653,62.8323055766234,-149.05243290042
Cook_Inlet_75000700036455,62.7679271200338,-148.980015264847
Cook_Inlet_75000700038833,62.7605773724868,-149.67518034917
Cook_Inlet_75000700044264,62.8346124769346,-149.370577645462
Cook_Inlet_75000700031304,62.8231203057828,-148.615446702011
Cook_Inlet_75000700032275,62.6397961738388,-147.384127068267
Cook_Inlet_75000700033653,62.8985987953554,-149.457213654908
Cook_Inlet_75000700046720,62.5816982764585,-150.051366237981
Cook_Inlet_75000700044836,62.7003653816105,-148.030354344337
Cook_Inlet_75000700045019,62.7671142017866,-147.890371614285
Cook_Inlet_75000700042261,62.7719825472306,-147.954403973131
Cook_Inlet_75000700039998,62.6964516777396,-147.593121421944
Cook_Inlet_75000700031253,62.7821959620843,-148.729093811687
Cook_Inlet_75000500013783,63.2809712017828,-149.129303661979
Cook_Inlet_75000500009993,63.1312234352139,-149.436508948783
Cook_Inlet_75000500003409,63.0539783814434,-149.598917915513
Cook_Inlet_75000500001552,63.1100837969303,-149.520008440067
Cook_Inlet_75000500008473,62.6751159393784,-150.339049859502
Cook_Inlet_75000500015553,63.1181538995716,-149.52059081542
Cook_Inlet_75000500009750,63.1596631080636,-149.151328186022
Cook_Inlet_75000500009358,62.9746804067874,-149.704439031267
Cook_Inlet_75000500011225,62.9049504840959,-149.761746089904
Cook_Inlet_75000500005048,62.9032621935682,-149.871149080135
Cook_Inlet_75000500013555,63.0519231272136,-149.580662691164
Cook_Inlet_75000500008023,62.7273578873778,-150.281589797748
Cook_Inlet_75000500006217,62.6271309490576,-150.680088674235
Cook_Inlet_75000500012136,62.6596378621106,-150.833303431809
Cook_Inlet_75000500010561,62.691309705003,-150.242647670651
Cook_Inlet_75000500002477,62.6735285344977,-150.27901797505
Cook_Inlet_75000500008026,62.3965889771429,-150.232803743472
Cook_Inlet_75000500000009,62.8564402530215,-150.042479098405
Cook_Inlet_75000500007429,62.9768903584198,-149.683203663506
Cook_Inlet_75000500011984,62.6289433582155,-150.219731476591
Cook_Inlet_75000500002272,62.564153826618,-150.477281128323
Cook_Inlet_75000500012337,62.5453727990739,-150.509617685647
Cook_Inlet_75000500006883,62.8146040873052,-150.006246999688
Cook_Inlet_75000500012614,62.5247464571413,-150.226697379404
Cook_Inlet_75000500009975,62.7159720683385,-150.20282985458
Cook_Inlet_75000500003515,63.194775978457,-149.492266526326
Cook_Inlet_75000500002240,62.5496255214562,-150.50174681611
Cook_Inlet_75000300010038,62.4024205746812,-148.539227433352
Cook_Inlet_75000300024659,62.3452845492936,-148.482047516693
Cook_Inlet_75000300022407,62.5142510824386,-149.269816391566
Cook_Inlet_75000300003827,62.5404281213426,-149.822523764173
Cook_Inlet_75000300004778,62.5967354334579,-149.061165354134
Cook_Inlet_75000300022808,62.6049519622333,-149.095107649084
Cook_Inlet_75000300016498,62.5154770858557,-148.80471659992
Cook_Inlet_75000300014777,62.6204106153963,-149.588399498108
Cook_Inlet_75000300024174,62.4740590012124,-148.648048852586
Cook_Inlet_75000300018247,62.4520994712433,-149.992483895638
Cook_Inlet_75000300001605,62.6612074852062,-148.947028516886
Cook_Inlet_75000300015640,62.6025810658678,-149.057059907409
Cook_Inlet_75000300009654,62.4629426276832,-148.671348641052
Cook_Inlet_75000300005649,62.5093945367643,-148.806261893385
Cook_Inlet_75000300005143,62.6659941847108,-148.955008060687
Cook_Inlet_75000300010998,62.5370249734006,-149.813555858488
Cook_Inlet_75000300000325,62.6235980696115,-149.615861917503
Cook_Inlet_75000300014878,62.4401039948267,-149.470043004374
Cook_Inlet_75000300000271,62.4570347891434,-149.664935470908
Cook_Inlet_75000300028089,62.4169422780243,-148.546505134623
Cook_Inlet_75000300011642,62.352389289331,-149.146965029573
Cook_Inlet_75000300021956,62.3761748492407,-149.793326210086
Cook_Inlet_75000300025373,62.3694572596874,-150.01080250346
Cook_Inlet_75000300007234,62.3465598837707,-150.109233666894
Cook_Inlet_75000300018625,62.4471162078156,-149.461689653537
Cook_Inlet_75000300021822,62.3812709702609,-150.011107593649
Cook_Inlet_75000300025488,62.3730216826739,-149.789542316753
Cook_Inlet_75000300022955,62.1813536862998,-149.028849062271
Cook_Inlet_75000300025330,62.3253351349195,-150.120551508077
Cook_Inlet_75000300000624,62.2708277591925,-149.247086834644
Cook_Inlet_75000300011262,62.3099702303918,-149.481636655559
Cook_Inlet_75000300007341,62.3630391093798,-149.860077788333
Cook_Inlet_75000300011640,62.3413600024843,-149.162741900189
Cook_Inlet_75000600005142,62.0782235876618,-150.868503224528
Cook_Inlet_75000600035585,61.8528584408568,-150.774838214321
Cook_Inlet_75000600020386,61.7635232893797,-150.703296911254
Cook_Inlet_75000600019952,61.5365054168279,-151.227354424417
Cook_Inlet_75000600003641,62.2947387170665,-151.785614471123
Cook_Inlet_75000600015193,61.9252260683317,-150.906774821126
Cook_Inlet_75000600035022,61.9713492243378,-151.311073247364
Cook_Inlet_75000600040653,61.8143186524968,-150.708588272528
Cook_Inlet_75000600019054,61.9159333896153,-151.735232001695
Cook_Inlet_75000600024655,61.5623679173547,-151.492721331535
Cook_Inlet_75000600034967,61.6763702320525,-151.374565964945
Cook_Inlet_75000600040180,61.5625399217413,-151.258546948072
Cook_Inlet_75000600025547,61.5846258731753,-150.497006266327
Cook_Inlet_75000600004193,61.6781798889473,-151.506189604906
Cook_Inlet_75000600035645,61.7137105374506,-150.674917142705
Cook_Inlet_75000600019873,61.5917219529665,-151.295451169516
Cook_Inlet_75000600009435,61.7139793142019,-151.461887858482
Cook_Inlet_75000600005686,61.6857651136983,-152.82112801964
Cook_Inlet_75000600024798,61.6865504038541,-151.376135728752
Cook_Inlet_75000600030807,61.5863803451572,-152.901874686729
Cook_Inlet_75000600029695,62.5312327363952,-151.501855948328
Cook_Inlet_75000600027457,62.2447246987617,-152.394113052126
Cook_Inlet_75000600030558,62.2499931714244,-151.183015272421
Cook_Inlet_75000600014556,62.1763535004637,-151.48437547511
Cook_Inlet_75000600025489,62.1655798592263,-151.831679982
Cook_Inlet_75000600018460,61.9527193923014,-152.006349339542
Cook_Inlet_75000600030572,62.2579483366032,-150.960929172259
Cook_Inlet_75000600034770,62.1444992224528,-151.511479785364
Cook_Inlet_75000600040519,62.2307705707044,-150.918975305375
Cook_Inlet_75000600040339,62.232834660857,-151.128246564314
Cook_Inlet_75000600010070,62.1764878977624,-150.85167670832
Cook_Inlet_75000600012135,62.2375588974143,-152.425059558142
Cook_Inlet_75000600034555,62.206191659053,-151.624456325193
Cook_Inlet_75000600023457,62.1422272620402,-152.042389681593
Cook_Inlet_75000600020288,62.202646692584,-150.878411373001
Cook_Inlet_75000600035669,62.107695681463,-152.747453752884
Cook_Inlet_75000600010293,62.1404372089313,-153.027899005044
Cook_Inlet_75000600009551,62.4314230540429,-151.392895517522
Cook_Inlet_75000600006507,62.2741462916824,-152.567312073217
Cook_Inlet_75000600031834,62.2672461578975,-152.577086422425
Cook_Inlet_75000600040518,62.226543065453,-150.93513687598
Cook_Inlet_75000600000011,62.2048240674934,-152.260969821686
Cook_Inlet_75000600015130,62.293454204655,-150.977372673908
Cook_Inlet_75000600023013,62.1594714628632,-152.195199376926
Cook_Inlet_75000600029034,62.2816768152443,-151.782930443908
Cook_Inlet_75000600004327,62.0395329547607,-151.432612803147
Cook_Inlet_75000600039124,62.2922119460079,-151.892659659459
Cook_Inlet_75000600009410,62.0817425634402,-151.497461392013
Cook_Inlet_75000600025515,62.2276175546477,-151.1458721305
Cook_Inlet_75000600015299,61.8754702812663,-150.740991909871
Cook_Inlet_75000600034913,61.7989024777328,-151.425396852631
Cook_Inlet_75000600036475,61.8152038366561,-152.731511782675
Cook_Inlet_75000600004323,61.872908650495,-151.426985408901
Cook_Inlet_75000600035262,61.8653076672326,-151.16050780812
Cook_Inlet_75000600029800,61.8653717533652,-151.416896351048
Cook_Inlet_75000600019183,61.8220983445576,-151.684575789617
Cook_Inlet_75000600015366,61.9153473304216,-151.622914392806
Cook_Inlet_75000600009325,61.8799146760433,-151.540831051396
Cook_Inlet_75000600002853,61.8894363516034,-152.084589455175
Cook_Inlet_75000600012682,61.9451767795265,-152.189430384444
Cook_Inlet_75000600019578,62.0975423341507,-151.50633328855
Cook_Inlet_75000600018822,61.9139498889358,-151.892362114537
Cook_Inlet_75000600040498,61.9262178122506,-150.959865498586
Cook_Inlet_75000600002850,61.8260468147069,-152.080720787908
Cook_Inlet_75000600022522,61.9971467710302,-152.32345033998
Cook_Inlet_75000600016382,62.0673835383124,-152.663571104298
Cook_Inlet_75000600020310,62.0841683965844,-150.845704715257
Cook_Inlet_75000600035420,62.0678696237366,-151.001355098692
Cook_Inlet_75000600040654,61.9372158534548,-150.694085637736
Cook_Inlet_75000600040122,62.0479194723657,-151.322635527178
Cook_Inlet_75000600031902,61.9744012633933,-152.586497238631
Cook_Inlet_75000600015155,61.9102384629132,-150.944187873157
Cook_Inlet_75000600014918,61.9520680114033,-151.184458838155
Cook_Inlet_75000600018999,61.9469762193126,-151.793100169857
Cook_Inlet_75000600014428,61.9054843802553,-151.551627772744
Cook_Inlet_75000600018150,62.0658672169888,-152.11636999214
Cook_Inlet_75000600014656,61.8589465643454,-151.424651239619
Cook_Inlet_75000600025058,61.99150633316,-151.172613898576
Cook_Inlet_75000600015432,62.1327837698964,-153.008627154656
Cook_Inlet_75000600014486,62.1196083542499,-151.561502776544
Cook_Inlet_75000600019353,62.0590276909214,-151.627344456931
Cook_Inlet_75000600011081,62.0709436764157,-152.702364821023
Cook_Inlet_75000600036866,62.0151809150484,-152.633742452457
Cook_Inlet_75000600020073,61.9829073332321,-151.140156966918
Cook_Inlet_75000600026326,62.1403258796883,-152.731179416396
Cook_Inlet_75000600009150,62.0981236406822,-151.595012978021
Cook_Inlet_75000600021711,61.9622919470123,-152.580831165379
Cook_Inlet_75000600012683,61.9584826318005,-152.221954723502
Cook_Inlet_75000600012751,62.1567248310141,-152.201559130039
Cook_Inlet_75000600005715,62.1748311958595,-152.796620110128
Cook_Inlet_75000600020083,62.3891156124458,-151.122296874094
Cook_Inlet_75000600030233,62.473471950406,-151.015356077098
Cook_Inlet_75000600027807,62.4445229919399,-152.295923267918
Cook_Inlet_75000600014924,62.3592504660518,-151.191857937175
Cook_Inlet_75000600020443,62.3166827634844,-151.271901439374
Cook_Inlet_75000600013369,62.3267054185292,-152.016605938006
Cook_Inlet_75000600029350,62.4920838826081,-151.632171617534
Cook_Inlet_75000600025438,62.377655433201,-150.734176495894
Cook_Inlet_75000600020024,62.454653122556,-151.17056554342
Cook_Inlet_75000600035221,62.3875078385377,-151.185797752146
Cook_Inlet_75000600020381,62.3776289520907,-150.74109914136
Cook_Inlet_75000600002752,62.400369412629,-152.122644730162
Cook_Inlet_75000600030590,62.3846972242447,-151.340918940681
Cook_Inlet_75000600039012,62.3646407756692,-151.927132549413
Cook_Inlet_75000200003655,62.1814653519073,-149.952378117621
Cook_Inlet_75000200018778,62.0738173973387,-150.073720239672
Cook_Inlet_75000200005513,61.9872878812281,-150.395991143133
Cook_Inlet_75000200003229,61.9718311308445,-150.197567185384
Cook_Inlet_75000200009162,62.0234467725853,-149.470606048315
Cook_Inlet_75000200013250,62.1866533666812,-150.412068348736
Cook_Inlet_75000200008600,61.9916169907195,-150.067977733484
Cook_Inlet_75000200015657,62.2322027425975,-150.464477683837
Cook_Inlet_75000200011042,61.8986437411283,-150.101340181328
Cook_Inlet_75000200013941,61.9859306591578,-149.845488209624
Cook_Inlet_75000200016891,62.1264175286794,-149.443298851487
Cook_Inlet_75000200018133,62.0477823658065,-150.552194693702
Cook_Inlet_75000200007043,61.9908272984777,-149.28395213335
Cook_Inlet_75000200018499,62.1712399057623,-150.257650633509
Cook_Inlet_75000200008564,61.9431937250745,-150.07217819782
Cook_Inlet_75000200015565,62.0395788178356,-150.551788679545
Cook_Inlet_75000200008668,62.131625139959,-150.015570627886
Cook_Inlet_75000200018577,62.2651294820828,-150.179212293142
Cook_Inlet_75000200015695,62.3239434322193,-150.448992270606
Cook_Inlet_75000200010538,62.2332520892844,-150.448275148582
Cook_Inlet_75000200017518,61.7837586046213,-149.1929673261
Cook_Inlet_75000200006087,61.8382844368631,-150.001987480706
Cook_Inlet_75000200013557,61.8050832091203,-150.123651693541
Cook_Inlet_75000200011046,61.9162106182215,-150.098144339265
Cook_Inlet_75000200015469,62.2515269974277,-150.66330571673
Cook_Inlet_75000200008529,61.9157494589556,-150.103851526306
Cook_Inlet_75000200018743,62.2342696979449,-150.104952685203
Cook_Inlet_75000200000745,61.7797026574735,-150.16317654284
Cook_Inlet_75000200005720,61.989030202648,-150.201668430817
Cook_Inlet_75000200005953,61.8073866796358,-150.088002802251
Cook_Inlet_75000200013319,61.845895363959,-150.360667356309
Cook_Inlet_75000200013924,61.8863858684755,-149.888009815632
Cook_Inlet_75000200000465,61.883517545954,-150.398940063292
Cook_Inlet_75000200001253,61.7834736197622,-149.717151870677
Cook_Inlet_75000200015326,61.9500840451676,-149.661274101981
Cook_Inlet_75000200005143,61.783243981983,-150.905523540991
Cook_Inlet_75000200013892,61.6264007756524,-149.936482645412
Cook_Inlet_75000200018582,61.4420627335557,-150.162439183562
Cook_Inlet_75000200015895,61.7082958184149,-150.324597229168
Cook_Inlet_75000200012997,61.424526629355,-150.594393607183
Cook_Inlet_75000200007660,61.6251237135493,-149.872696814906
Cook_Inlet_75000200000456,61.4513342244903,-150.396787541449
Cook_Inlet_75000200005532,61.8527187674784,-150.381508873469
Cook_Inlet_75000200005190,61.2573973976701,-150.77323495
Cook_Inlet_75000200000235,61.3133788785439,-150.589463965953
Cook_Inlet_75000200010216,61.6459571122185,-150.886906913486
Cook_Inlet_75000200005820,61.5656501061882,-150.1499060006
Cook_Inlet_75000200000020,61.6091991092215,-150.179549312871
Cook_Inlet_75000200010768,61.2610788200547,-150.304126660456
Cook_Inlet_75000200000471,61.9857758666644,-150.401863005006
Cook_Inlet_75000200005098,62.1403529150384,-149.709194735503
Cook_Inlet_75000200015464,61.6132664804051,-150.655012939219
Cook_Inlet_75000200005175,61.2363653554684,-150.795982029833
Cook_Inlet_75000200018781,62.1076037938181,-150.098659697258
Cook_Inlet_75000200001139,62.1888718981067,-149.956153629724
Cook_Inlet_75000200018317,62.1894419678224,-150.397416699088
Cook_Inlet_75000200008048,62.2084852865756,-150.450323663839
Cook_Inlet_75000200008607,62.1045495571906,-150.07233895219
Cook_Inlet_75000200011024,62.1793568569549,-150.109564258567
Cook_Inlet_75000200001210,62.0042366818491,-149.824829891748
Cook_Inlet_75000200006182,62.1823215703452,-149.953458779639
Cook_Inlet_75000200015589,61.365207931262,-150.491365420853
Cook_Inlet_75000200016431,61.76951626683,-149.910154443974
Cook_Inlet_75000200015485,61.5419711109009,-150.637136340395
Cook_Inlet_75000200002736,62.1876809949243,-150.63472734854
Cook_Inlet_75000200003154,61.6778586265931,-150.286563829057
Cook_Inlet_75000200015301,61.6025364015312,-150.752037774128
Cook_Inlet_75000200005066,61.7436254647447,-150.988871655697
Cook_Inlet_75000200017924,61.7291631808871,-150.891355148014
Cook_Inlet_75000200008267,61.6942511928611,-150.299563958547
Cook_Inlet_75000200016525,61.7878862742218,-149.72131143181
Cook_Inlet_75000200010370,61.5310316955614,-150.555431073944
Cook_Inlet_75000200017839,61.7302895231555,-150.978335749426
Cook_Inlet_75000200012913,61.6047286742915,-150.787968569317
Cook_Inlet_75000200013093,61.6046011588418,-150.481058030095
Cook_Inlet_75000200005619,61.7651506627083,-150.343756095606
Cook_Inlet_75000200007995,61.5982564301857,-150.463202104946
Cook_Inlet_75000200014042,61.6460566667432,-149.587291348779
Cook_Inlet_75000200012043,61.6672708977197,-149.330729629348
Cook_Inlet_75000200018431,61.2707667078375,-150.304041358251
Cook_Inlet_75005300023489,61.1397003916302,-152.942494732331
Cook_Inlet_75005300005078,60.5355900412036,-152.26768182105
Cook_Inlet_75005300016711,60.5256929895659,-152.282485970767
Cook_Inlet_75005300002575,60.746800873707,-151.833875176353
Cook_Inlet_75005300011027,61.0333710457555,-151.325004266471
Cook_Inlet_75005300003743,61.2171874083012,-150.93606884789
Cook_Inlet_75005300026455,61.1501435262299,-151.448693892007
Cook_Inlet_75005300026560,61.3213373722197,-151.31483963132
Cook_Inlet_75005300002504,61.1766587726086,-151.863744780135
Cook_Inlet_75005300025877,61.5781981021788,-151.770882645182
Cook_Inlet_75005300019947,61.2064341558442,-152.597888731089
Cook_Inlet_75005300030509,61.3092065106656,-151.320654741022
Cook_Inlet_75005300019114,61.4441251274155,-151.092827486541
Cook_Inlet_75005300028429,61.0813242660297,-152.189617855258
Cook_Inlet_75005300026836,61.2548668438607,-150.97459820783
Cook_Inlet_75005300002502,61.1512874796461,-151.848061527664
Cook_Inlet_75005300023131,60.592533287036,-152.213610765626
Cook_Inlet_75005300004398,60.5874835063902,-152.603520858452
Cook_Inlet_75005300026951,61.0399992867265,-151.953597407413
Cook_Inlet_75005300009788,61.0483224995684,-151.899870092694
Cook_Inlet_75005300004937,61.2114460386505,-152.348172428647
Cook_Inlet_75005300016871,60.8540241788673,-152.235987246166
Cook_Inlet_75005300010442,60.9057600043158,-151.728893535217
Cook_Inlet_75005300006785,61.4909988614403,-151.639213668496
Cook_Inlet_75005300026568,61.1190594258874,-151.292586979219
Cook_Inlet_75005300005769,60.7949514748872,-151.93011048075
Cook_Inlet_75005300025122,60.8346673220152,-151.920737326984
Cook_Inlet_75005300022619,61.0120285284852,-151.484334648368
Cook_Inlet_75005300007510,61.2265360773208,-150.839950710054
Cook_Inlet_75005300003524,61.0551755728084,-151.190559289642
Cook_Inlet_75005300007548,61.2155246362018,-151.176915846825
Cook_Inlet_75005300029847,61.5714041367783,-151.778187694552
Cook_Inlet_75005300010957,61.3933416807352,-151.443331828631
Cook_Inlet_75005300005137,60.8617407102562,-152.242903374334
Cook_Inlet_75005300022592,61.3904752710567,-151.52157078526
Cook_Inlet_75005300007345,61.1436320095336,-151.076014052537
Cook_Inlet_75005300030350,61.1645264983073,-151.517840323282
Cook_Inlet_75005300029149,60.7209375127733,-151.919563652243
Cook_Inlet_75005300011447,61.2585292555068,-151.082140306561
Cook_Inlet_75005300008746,60.4078852091723,-152.309708068287
Cook_Inlet_75005300015680,61.1892417030073,-152.979393168322
Cook_Inlet_75005300010866,61.3342147345159,-151.522382047113
Cook_Inlet_75005300003369,61.4003330124019,-151.475443958737
Cook_Inlet_75005300000447,61.1917124659176,-152.854158596062
Cook_Inlet_75005300026448,61.408301293859,-151.455304888188
Cook_Inlet_75005300013111,60.6739418155235,-152.052923875268
Cook_Inlet_75005300019334,61.3215552006926,-151.671981563031
Cook_Inlet_75005300021072,60.9494734986422,-151.983667787545
Cook_Inlet_75005300026727,61.4469381356189,-151.082066714149
Cook_Inlet_75005300017436,61.2117250422606,-151.940456830384
Cook_Inlet_75005300022990,61.1932110822983,-150.993854713845
Cook_Inlet_75005300007284,61.0914062557493,-151.126774634325
Cook_Inlet_75005300027433,61.2247528028594,-152.760130166374
Cook_Inlet_75005300000003,61.1791497978816,-153.042419646507
Cook_Inlet_75005300011441,61.1195876141135,-151.312270989058
Cook_Inlet_75005300030510,61.3180098075429,-151.324948896832
Cook_Inlet_75005300004529,60.8158086981406,-152.521368838034
Cook_Inlet_75005300007002,61.4109558996158,-151.521196055516
Cook_Inlet_75005300012067,61.3464950231325,-152.661605370665
Cook_Inlet_75005300001645,60.6452765746756,-152.081861751978
Cook_Inlet_75005300003835,61.1550702322765,-151.529371554073
Cook_Inlet_75005300022240,61.1288028134791,-151.69968065364
Cook_Inlet_75005300016380,61.2428705048455,-152.458496007941
Cook_Inlet_75005300024421,60.791002725488,-152.236779190918
Cook_Inlet_75005400007190,59.1571935791221,-154.244187193377
Cook_Inlet_75005400041013,60.3536212510683,-152.747227335286
Cook_Inlet_75005400046318,60.4093801619841,-153.027695621312
Cook_Inlet_75005400035306,60.2241976237274,-152.563379866689
Cook_Inlet_75005400015980,59.8140772249672,-153.291535193593
Cook_Inlet_75005400021301,59.6352152794999,-153.533725566106
Cook_Inlet_75005400008084,59.4001265535251,-153.982920950492
Cook_Inlet_75005400018796,58.8159722976067,-154.270862804047
Cook_Inlet_75005400039351,58.9939497749693,-153.475741089556
Cook_Inlet_75005400020381,59.5494310231908,-153.873558063207
Cook_Inlet_75005400000005,60.0242341258017,-152.625724313928
Cook_Inlet_75005400033392,59.7725886136953,-153.458052035585
Cook_Inlet_75005400039793,59.9443165784467,-153.310138614439
Cook_Inlet_75005400021124,59.5521791410335,-153.627142167572
Cook_Inlet_75005400027027,59.6205136226223,-153.686015930369
Cook_Inlet_75005400034641,59.8842462326654,-152.906725073336
Cook_Inlet_75005400020823,59.0590803180979,-153.772088240347
Cook_Inlet_75005400040621,60.2361717175327,-152.914234686731
Cook_Inlet_75005400017221,60.1564119163893,-152.681161125418
Cook_Inlet_75005400045707,59.6608314627597,-153.320266992254
Cook_Inlet_75005400007537,59.2790288684721,-154.131247520638
Cook_Inlet_75005400010388,59.6821055973433,-153.128100153508
Cook_Inlet_75005400012302,58.9689613030712,-154.45211830147
Cook_Inlet_75005400001553,59.0252072345282,-154.200595223269
Cook_Inlet_75005400032742,58.9513892699555,-153.759342214373
Cook_Inlet_75005400034611,60.2666679267949,-152.9204724355
Cook_Inlet_75005400041329,60.4033335851904,-152.498004920706
Cook_Inlet_75005400037138,59.3758543366312,-154.142270121774
Cook_Inlet_75005400018836,59.1209911075416,-154.268410309398
Cook_Inlet_75005400031072,58.9784745848478,-154.16101902081
Cook_Inlet_75005400039143,58.9986993208358,-153.611788168162
Cook_Inlet_75005400038974,59.6332217977672,-153.70914084143
Cook_Inlet_75005400007435,59.0132858654568,-154.164833571379
Cook_Inlet_75005400028287,60.2798132570836,-153.092433525232
Cook_Inlet_75005400040964,60.367394861601,-152.752389281283
Cook_Inlet_75005400039366,59.7978987654771,-153.467086710388
Cook_Inlet_75005400016209,59.8633571755605,-153.206972014454
Cook_Inlet_75005400001690,59.3759648937409,-154.131353912489
Cook_Inlet_75005400029139,59.9829479396986,-152.675635126667
Cook_Inlet_75005400031128,59.0156999723261,-154.139938452501
Cook_Inlet_75005400023424,60.3544079399586,-152.369446309509
Cook_Inlet_75005400010358,59.8069430348399,-153.15310252648
Cook_Inlet_75005400005771,60.3651387353051,-152.319373028161
Cook_Inlet_75005400029404,60.2835359253163,-152.455110660137
Cook_Inlet_75005400044807,59.4452044887805,-153.747901373139
Cook_Inlet_75005400011026,59.8865586225233,-152.812439052389
Cook_Inlet_75005400001431,59.0213213365127,-154.232997058938
Cook_Inlet_75005400031008,58.8851883488385,-154.185563659743
Cook_Inlet_75005400024975,58.8652677680425,-154.192247223375
Cook_Inlet_75004500000122,60.4417586530365,-151.901494201037
Copper_River_75019800007852,63.0960080159708,-145.20477078598
Copper_River_75019800005498,63.0887545612594,-145.249127816486
Copper_River_75019800019853,62.9847668109977,-144.020549443582
Copper_River_75019800019678,62.9718627290801,-143.935374064224
Copper_River_75019800011243,62.9613441492669,-144.455942697342
Copper_River_75019800002398,62.9058704230182,-143.745706903757
Copper_River_75019800019142,62.9042188580105,-143.832367204094
Copper_River_75019800006279,62.960958442966,-144.465224134474
Copper_River_75019800018811,62.9413882454212,-145.310924376718
Copper_River_75019800009655,62.8194769694125,-143.687621903912
Copper_River_75019800010136,62.7311038274624,-143.956378710318
Copper_River_75019800002519,62.803589876416,-143.673088887953
Copper_River_75019800019218,62.8536111096904,-144.608460624669
Copper_River_75019800010922,62.8601224617154,-145.150690252924
Copper_River_75019800001400,62.8165677016757,-145.074989536043
Copper_River_75019800006994,62.8060521837168,-144.650263022689
Copper_River_75019800009573,62.740115422563,-143.89058717443
Copper_River_75019800011692,62.7215865811925,-143.798135062656
Copper_River_75019800009388,62.7020557289953,-143.942915175868
Copper_River_75019800010526,62.7045172709127,-143.85038606756
Copper_River_75019800000955,62.697386250463,-143.978198948218
Copper_River_75019800000599,62.6771306898126,-144.072597449916
Copper_River_75019800015373,62.6728754074419,-144.267694679516
Copper_River_75019800011462,62.6581697481102,-144.002763826073
Copper_River_75019800010313,62.6151602801938,-143.775921169391
Copper_River_75019800000972,62.6492632142234,-144.395233607535
Copper_River_75019800020292,62.6543084135173,-144.426243547997
Copper_River_75019800015447,62.6486480426899,-144.421426242426
Copper_River_75019800009321,62.7049961734451,-145.344550611259
Copper_River_75019800011612,62.7138857563167,-145.181907980754
Copper_River_75019800001873,62.5815282233235,-143.715024767992
Copper_River_75019800020803,62.6054668036416,-144.558306680672
Copper_River_75019800015952,62.5985441677383,-144.584904920647
Copper_River_75019800000911,62.5928354397805,-144.595153950879
Copper_River_75019800020746,62.5986969563026,-144.662219462662
Copper_River_75019800018104,62.5857534775214,-144.597643742104
Copper_River_75019800000492,62.6393811050842,-145.254275402896
Copper_River_75019800017508,62.4673794039266,-143.3699084664
Copper_River_75019800003840,62.5542412405422,-145.214974204611
Copper_River_75019800011423,62.4146584100069,-143.671152435472
Copper_River_75019800016364,62.4811911900927,-144.804517706798
Copper_River_75019800020900,62.4437452042845,-144.825374689711
Copper_River_75019800011406,62.4314649861505,-144.718023535336
Copper_River_75019800012527,62.4036223486561,-145.080181578259
Copper_River_75019800007832,62.3923714573623,-145.014657356188
Copper_River_75019800001032,62.348656013916,-145.14220045565
Copper_River_75019800011978,62.2997182818479,-145.303165173633
Copper_River_75019800000182,62.2271706352174,-145.402482834913
Copper_River_75019600181061,63.170567515013,-145.530641042515
Copper_River_75019600185154,63.1033558792844,-145.491962363194
Copper_River_75019600118290,62.9922907888667,-145.536977176257
Copper_River_75019600132667,62.921984187111,-145.926435895702
Copper_River_75019600164515,62.9207918188952,-145.934199495489
Copper_River_75019600132017,62.9177741094029,-145.882045570799
Copper_River_75019600118006,62.850686647165,-145.662028946583
Copper_River_75019600120044,62.8472057607987,-145.680367310575
Copper_River_75019600201125,62.8085484586693,-145.691447392491
Copper_River_75019600169875,62.7942247650184,-146.063970184374
Copper_River_75019600118106,62.7081626627269,-145.608018049068
Copper_River_75019600128838,62.7606044791406,-146.675358118416
Copper_River_75019600119982,62.7427401744622,-146.55374279113
Copper_River_75019600143415,62.7366355312635,-146.557687732585
Copper_River_75019600187749,62.7311486511722,-146.43155898658
Copper_River_75019600164666,62.6606118994014,-146.111009172647
Copper_River_75019600151382,62.6597867646078,-146.280019400951
Copper_River_75019600199134,62.6498535574245,-146.134600435074
Copper_River_75019600201378,62.6473687815696,-146.024486337697
Copper_River_75019600187873,62.5750794329202,-145.626598287892
Copper_River_75019600117650,62.5740124772332,-145.630331915243
Copper_River_75019600187874,62.5890729965388,-145.878521919423
Copper_River_75019600165863,62.5856235408268,-145.870863482714
Copper_River_75019600157893,62.5247344187047,-145.517910691475
Copper_River_75019600118255,62.5306093974543,-145.542802448968
Copper_River_75019600179413,62.398048977496,-145.37923433668
Copper_River_75019600145695,62.3933096090144,-145.358077498385
Copper_River_75019600118256,62.3895497147874,-145.384891393287
Copper_River_75019600148826,62.4075851796442,-146.005818559966
Copper_River_75019600113018,62.2575877401742,-145.408378211419
Copper_River_75019600118266,62.2249915948446,-145.406631325727
Copper_River_75019600201412,62.1508604899483,-145.432819356511
Copper_River_75019600198826,62.1216138910773,-145.346486117859
Copper_River_75019600200372,62.0773470063561,-145.479300483444
Copper_River_75019600198311,62.0692532089917,-145.731987256484
Copper_River_75019600118127,62.1396981776424,-146.667884591412
Copper_River_75019600130710,62.0837563100161,-145.573889100055
Copper_River_75019600133513,62.073511960395,-145.55898831172
Copper_River_75019600117903,62.0444235082948,-145.387056892712
Copper_River_75019600198206,62.0700274321773,-145.931317527477
Copper_River_75019600181619,62.0769110846391,-145.933438450441
Copper_River_75019600132159,62.0679637466323,-145.995815603131
Copper_River_75019600131315,61.9977959172879,-145.581909647605
Copper_River_75019600143036,62.0437553004513,-146.488970657699
Copper_River_75019600161870,61.9698386217256,-145.2926587729
Copper_River_75019600198321,61.9630266516458,-145.312746742918
Copper_River_75019600128647,61.9568151526577,-145.29097932711
Copper_River_75019600176914,62.0200269073113,-146.240653717508
Copper_River_75019600181506,61.9546007294199,-145.288917918771
Copper_River_75019600133523,61.976737487508,-146.289568430065
Copper_River_75019600189072,61.968458802156,-146.428193589605
Copper_River_75019600129012,61.8831541870565,-145.197554784305
Copper_River_75019600128599,61.8611680545407,-145.130282992285
Copper_River_75019600117722,61.833683511372,-145.087968741605
Copper_River_75019600181391,61.8041347072159,-145.559072030802
Copper_River_75019600119089,61.8240851658665,-146.054046922055
Copper_River_75019600119714,61.8254674552673,-146.202671213059
Copper_River_75019600196827,61.7644305627124,-145.650937865572
Copper_River_75019600120847,61.7024238894141,-144.684138545617
Copper_River_75019600195594,61.7200519338557,-144.95224188684
Copper_River_75019600123866,61.7074952298558,-144.953969191261
Copper_River_75019600198308,61.7306423133938,-145.631637945051
Copper_River_75019600119075,61.7390940842775,-145.967390173218
Copper_River_75019600174820,61.7347268481529,-145.725554432571
Copper_River_75019600198550,61.6755748899221,-145.035319051562
Copper_River_75019600175832,61.6899625818841,-144.792659187318
Copper_River_75019600158025,61.6376324124559,-144.62418540075
Copper_River_75019600132577,61.6698731904049,-145.190234389644
Copper_River_75019600117719,61.6159322085057,-144.47363185743
Copper_River_75019600196840,61.6604252376047,-145.180011958026
Copper_River_75019600119855,61.654831447662,-145.154847065328
Copper_River_75019600181326,61.6985142801819,-146.23325866691
Copper_River_75019600153899,61.6117285069768,-145.206939570678
Copper_River_75019600118512,61.5369822737789,-144.372826483949
Copper_River_75019600169606,61.5309426797324,-144.417290184967
Copper_River_75019600118417,61.5860479998659,-145.636504310775
Copper_River_75019600181826,61.6009034106506,-145.963104728667
Copper_River_75019600197033,61.5953189655733,-146.015041880237
Copper_River_75019600130754,61.5718371848948,-145.381817694672
Copper_River_75019600133541,61.5225320573524,-145.502079400687
Copper_River_75019600112990,61.4987306127841,-145.211886791252
Copper_River_75019600179147,61.4998469391703,-145.210166142273
Copper_River_75019600197497,61.5105210518921,-145.427799704722
Copper_River_75019600131335,61.5139533347566,-145.50703600149
Copper_River_75019600133540,61.4686524108626,-145.708885837696
Copper_River_75019600128755,61.4904825717381,-146.031348434128
Copper_River_75019600133538,61.4373862335673,-145.554911292835
Copper_River_75019600117697,62.039217642408,-145.414779636416
Copper_River_75019600195238,61.6566106379871,-144.614157758307
Copper_River_75019600114066,61.7539328019748,-144.852475892712
Copper_River_75019700010639,61.3696687005524,-142.719837085489
Copper_River_75019700005134,61.4722709709177,-144.145566580831
Copper_River_75019700002595,61.22697380877,-143.714350975294
Copper_River_75019700004190,61.3819398163422,-143.336038124584
Copper_River_75019700001476,61.4877239759685,-143.370934519537
Copper_River_75019700003218,61.3212171875024,-143.668580952165
Copper_River_75019700017807,60.9269085224161,-142.742170308884
Copper_River_75019700004810,61.2667786462134,-142.984951113555
Copper_River_75019700010439,61.4221063414291,-142.946219286706
Copper_River_75019700002996,61.3918176299881,-143.982116849892
Copper_River_75019700016379,60.8793862970478,-142.928219174963
Copper_River_75019700010575,61.1111827878121,-142.144690665066
Copper_River_75019700002919,61.1846139957949,-142.851499310846
Copper_River_75019700004212,61.1583235992332,-143.141778489342
Copper_River_75019700000332,61.4869014613235,-144.07758138786
Copper_River_75019700001727,61.2811781254764,-144.052994507603
Copper_River_75019700001794,61.4357344202289,-143.721915102723
Copper_River_75019700004866,61.323735242612,-143.136723772171
Copper_River_75019700017989,61.326636212607,-143.658183670068
Copper_River_75019700004684,61.2115361508613,-142.831615511468
Copper_River_75019700016412,60.8905205781819,-142.943591153877
Copper_River_75019700005989,61.3594555472201,-142.663831524398
Copper_River_75019700017829,61.0123168706203,-142.718948238294
Copper_River_75019700005942,61.3476503649975,-143.539401051812
Copper_River_75019700010633,61.3814834519365,-143.005522602541
Copper_River_75019700010631,61.3794375648556,-142.984760093302
Copper_River_75019700010617,61.4592692500918,-144.166201068448
Copper_River_75019700003861,61.3678399278584,-143.218097785301
Copper_River_75019700007155,61.3615784561854,-142.704227341015
Copper_River_75019700003629,61.3787030624962,-143.774005659192
Copper_River_75019700002476,60.8886930777739,-142.794432794731
Copper_River_75019700003637,61.4378760004925,-143.747311704599
Copper_River_75019700017110,61.3517171940065,-143.23309204463
Copper_River_75019700005921,61.3338210354292,-143.567476658851
Copper_River_75019700001655,61.3601653204694,-142.725593056738
Copper_River_75019700006876,61.1053414724174,-142.514408683749
Copper_River_75019700012433,61.3838546605217,-144.007315928341
Copper_River_75019700017973,61.513432364701,-144.396610230427
Copper_River_75019700010666,61.4546607649986,-142.622722448269
Copper_River_75019700006226,61.4600400452095,-143.256721862331
Copper_River_75019700004138,61.1452715376831,-143.219352549886
Copper_River_75019700001722,61.087810630478,-142.780991306092
Copper_River_75003900048794,61.4872391809521,-144.490162359319
Copper_River_75003900062340,61.4324013940707,-144.460611511497
Copper_River_75003900056636,61.4232042770536,-144.486844816759
Copper_River_75003900057331,61.3545436840927,-144.702739153651
Copper_River_75003900057807,61.0413445340436,-144.444097425873
Copper_River_75003900016668,61.3209797243254,-144.719582638118
Copper_River_75003900048516,61.2245026668213,-144.871432192191
Copper_River_75003900057747,61.2255406638794,-144.846148033019
Copper_River_75003900057793,61.1416923844679,-144.889751923804
Copper_River_75003900048464,61.1207049631117,-144.938374851174
Copper_River_75003900057854,61.0311747436106,-144.420285610627
Copper_River_75003900073407,61.0488050282627,-144.803003863671
Copper_River_75003900012034,60.9517788989868,-144.715620416573
Copper_River_75003900057655,60.9760771814815,-143.890011439321
Copper_River_75003900057643,60.9908051292035,-144.231806271483
Copper_River_75003900008418,61.0459891871911,-145.167767460602
Copper_River_75003900034185,61.0053055025942,-144.895377783795
Copper_River_75003900034254,60.9970457065071,-144.83751388816
Copper_River_75003900084672,60.9851745748523,-144.679103283804
Copper_River_75003900016354,60.9633280794469,-144.633424371541
Copper_River_75003900073175,60.8536234420534,-144.502667215461
Copper_River_75003900016860,60.8483843327309,-144.552023544893
Copper_River_75003900055094,60.7718576160149,-144.52414215899
Copper_River_75003900065861,60.6971923088156,-144.699931892072
Copper_River_75003900033566,60.6726895496794,-144.744452955159
Copper_River_75003900084267,60.6288940972043,-144.847589411749
Copper_River_75003900034040,60.5274697443715,-144.788566862501
Copper_River_75003900043332,60.4682908850134,-144.331579075874
Copper_River_75003900054756,60.5203795830807,-145.637791916402
Copper_River_75003900049180,60.4571615783836,-144.805452509302
Copper_River_75003900051444,60.4064661906264,-144.445555337741
Copper_River_75003900034359,60.4586785907459,-145.472001522932
Copper_River_75003900023132,60.4402244538392,-145.195863186211
Copper_River_75003900055885,60.4684979448124,-145.640803423962
Copper_River_75003900038747,60.3907351214064,-144.5968503519
Copper_River_75003900055856,60.4106562786501,-144.845788517849
Copper_River_75003900084262,60.410763279168,-144.856475565562
Copper_River_75003900023129,60.3998349713131,-144.855963465409
Copper_River_75003900023613,60.4642447868696,-146.320222163392
Copper_River_75003900044867,60.3223924044567,-144.658660893272
Copper_River_75003900055526,60.4275121537651,-146.375119155558
Copper_River_75003900044552,60.3837882832139,-146.223644604296
Copper_River_75003900054448,60.3514560280899,-146.273782898918
Copper_River_75003900047600,60.5878800966844,-145.621955756688
Prince_William_Sound_685,60.5003866458747,-148.230441144272
Prince_William_Sound_3038,59.8160782718791,-147.886401166497
Prince_William_Sound_13227,59.9655807258607,-148.111411001137
Prince_William_Sound_16467,60.0549705212905,-148.406478881974
Prince_William_Sound_17027,60.0611106060283,-147.840381138809
Prince_William_Sound_17697,60.017863675373,-147.933676987947
Prince_William_Sound_18357,59.9734926181511,-147.665601669713
Prince_William_Sound_18547,59.8865357119749,-147.746814442069
Prince_William_Sound_18737,59.9172825114782,-147.502965811043
Prince_William_Sound_18967,60.0204698501591,-147.385841348655
Prince_William_Sound_19416,60.240761740091,-147.787708195873
Prince_William_Sound_24654,60.6539126005207,-147.430482866964
Prince_William_Sound_25516,60.0894663725908,-148.046326011504
Prince_William_Sound_26246,60.1187561602319,-147.923084543434
Prince_William_Sound_26334,60.6703696193575,-148.104797144339
Prince_William_Sound_27303,60.7064614217361,-147.921977634063
Prince_William_Sound_28576,60.1991609839498,-148.296123904202
Prince_William_Sound_28734,60.5777911418064,-148.477776070047
Prince_William_Sound_29704,60.7178148308423,-148.419918966885
Prince_William_Sound_29954,60.5073687179586,-146.295830642795
Prince_William_Sound_30114,60.667669878381,-148.301040180937
Prince_William_Sound_30596,60.1238406795737,-148.118762225761
Prince_William_Sound_30774,60.519035451174,-148.098369791811
Prince_William_Sound_30886,60.1841203004862,-147.32120488862
Prince_William_Sound_30934,60.4580384942067,-146.454608188303
Prince_William_Sound_31226,60.2195724098602,-147.258857133202
Prince_William_Sound_32015,60.3338321928001,-147.807904830365
Prince_William_Sound_32766,60.0905447491707,-148.186904089049
Prince_William_Sound_33036,60.2730556647612,-148.298264693608
Prince_William_Sound_33396,60.2852159093017,-148.3712833181
Prince_William_Sound_34003,60.8763908402222,-147.613100786925
Prince_William_Sound_34993,60.757159967711,-148.480380002218
Prince_William_Sound_35075,60.3517329003355,-147.764422710836
Prince_William_Sound_35343,60.8309515088299,-147.987288003945
Prince_William_Sound_36553,60.7492424711534,-148.454419238261
Prince_William_Sound_37373,60.6753409951218,-145.852308154373
Prince_William_Sound_37815,60.4237684531438,-147.730661452493
Prince_William_Sound_37935,60.4138909045569,-148.068394472686
Prince_William_Sound_38615,60.4579505163141,-147.673652275657
Prince_William_Sound_39065,60.4153300428589,-147.653474408014
Prince_William_Sound_39255,60.4780739481337,-148.358899662721
Prince_William_Sound_39565,60.4933449886256,-148.155455990676
Prince_William_Sound_40615,60.2769016203282,-147.734031655789
Prince_William_Sound_40635,60.4767883311231,-147.999718375335
Prince_William_Sound_40743,60.8673008109017,-147.98717689553
Prince_William_Sound_41025,60.5139124927596,-148.446425139269
Prince_William_Sound_41123,60.7751820623266,-146.27019090914
Prince_William_Sound_41143,60.6868748844178,-146.513658746537
Prince_William_Sound_41515,60.3026065989252,-147.181524415169
Prince_William_Sound_41525,60.3315298482461,-148.011705478096
Prince_William_Sound_41963,60.8515998175001,-148.412930200537
Prince_William_Sound_41995,60.3311121050685,-147.128796901977
Prince_William_Sound_42455,60.364819623446,-148.267964207138
Prince_William_Sound_43125,60.3675559469102,-146.596542829158
Prince_William_Sound_43195,60.3635346377986,-146.490307568992
Prince_William_Sound_43473,60.6873774896333,-146.455230708208
Prince_William_Sound_43513,60.7592648831445,-146.177369240394
Prince_William_Sound_43705,60.3660187641782,-148.233278938312
Prince_William_Sound_43793,60.7530138044409,-145.974780718641
Prince_William_Sound_43933,60.7157348690244,-145.891239517758
Prince_William_Sound_44113,60.7025029348656,-145.898598098596
Prince_William_Sound_44503,60.6618225059671,-145.817100668871
Prince_William_Sound_44545,60.2602326846967,-147.099972588626
Prince_William_Sound_44595,60.2892879771505,-147.383357588572
Prince_William_Sound_44633,60.8549492739936,-148.399330848798
Prince_William_Sound_44663,60.8156802517903,-148.623598197413
Prince_William_Sound_45473,60.8186048950589,-146.18783037809
Prince_William_Sound_45835,60.4472806495165,-148.720444174551
Prince_William_Sound_45863,60.6907380789267,-145.841259067512
Prince_William_Sound_45915,60.4365032661269,-148.692632672346
Prince_William_Sound_46065,60.4270094180066,-146.641039885715
Prince_William_Sound_46103,60.8052005201092,-146.057913953523
Prince_William_Sound_46293,60.7348975438368,-145.495260468385
Prince_William_Sound_46483,60.6731000058445,-145.610321137223
Prince_William_Sound_60732,61.0442557538606,-147.930105046852
Prince_William_Sound_61812,60.9948355574706,-146.966827603336
Prince_William_Sound_62232,60.8986746069019,-147.379585639502
Prince_William_Sound_64192,60.9334270778005,-147.389559010643
Prince_William_Sound_66912,60.9024455001114,-146.702632205889
Prince_William_Sound_67552,60.9898297527637,-146.685380286372
Prince_William_Sound_71142,60.9549323950911,-146.63005157246
Prince_William_Sound_71952,60.9366036934415,-147.751115088328
Prince_William_Sound_72242,60.9505727507617,-147.702855212742
Prince_William_Sound_72402,60.96702421875,-147.99190611985
Prince_William_Sound_72972,60.8571580697252,-146.52094473694
Prince_William_Sound_74042,60.923245960774,-146.591580578946
Prince_William_Sound_74542,61.0247948797656,-147.659557678265
Prince_William_Sound_74602,61.0137206162109,-147.222453219888
Prince_William_Sound_75151,61.1480313782951,-146.582067649709
Prince_William_Sound_75422,60.8920409443534,-146.237933038012
Prince_William_Sound_75432,61.0188153607019,-147.413888649977
Prince_William_Sound_75842,61.0458137911491,-148.079810210677
Prince_William_Sound_76622,60.8762332243511,-146.185184902754
Prince_William_Sound_76652,60.9425487053799,-146.563197320139
Prince_William_Sound_76812,61.0024303226128,-146.490620916143
Prince_William_Sound_77292,60.8414764757669,-146.38144982287
Prince_William_Sound_78522,60.950008234808,-148.328645761034
Prince_William_Sound_78912,61.0295811022615,-146.997631887012
Prince_William_Sound_79531,61.1386877421537,-146.474114631744
Prince_William_Sound_79792,61.0737977679022,-147.904950791984
Prince_William_Sound_79972,60.9215986755023,-147.805346915539
Prince_William_Sound_80272,61.0669465729965,-147.469295727117
Prince_William_Sound_82471,61.112588797416,-146.186916154934
Prince_William_Sound_86871,61.0727742386482,-146.795804929605
Prince_William_Sound_87851,61.0809191706454,-146.304936870673
Prince_William_Sound_91741,61.0536309091039,-145.926277561852
Prince_William_Sound_91921,61.0556691017066,-146.028251293641
Prince_William_Sound_92151,61.090979660053,-146.227244364624
Prince_William_Sound_93261,61.1289768730268,-146.397299011787
